<?xml version="1.0" encoding="UTF-8"?>
<gpx creator="Garmin Connect" version="1.1"
  xsi:schemaLocation="http://www.topografix.com/GPX/1/1 http://www.topografix.com/GPX/11.xsd"
  xmlns:ns3="http://www.garmin.com/xmlschemas/TrackPointExtension/v1"
  xmlns="http://www.topografix.com/GPX/1/1"
  xmlns:xsi="http://www.w3.org/2001/XMLSchema-instance" xmlns:ns2="http://www.garmin.com/xmlschemas/GpxExtensions/v3">
  <metadata>
    <link href="connect.garmin.com">
      <text>Garmin Connect</text>
    </link>
    <time>2026-07-29T07:56:31.000Z</time>
  </metadata>
  <trk>
    <name>Perros-Guirec Course à pied</name>
    <type>running</type>
    <trkseg>
      <trkpt lat="48.81529522128403186798095703125" lon="-3.46678993664681911468505859375">
        <ele>63.40000152587890625</ele>
        <time>2026-07-29T07:56:31.000Z</time>
        <extensions>
          <ns3:TrackPointExtension>
            <ns3:hr>67</ns3:hr>
            <ns3:cad>0</ns3:cad>
          </ns3:TrackPointExtension>
        </extensions>
      </trkpt>
      <trkpt lat="48.81530008278787136077880859375" lon="-3.466777615249156951904296875">
        <ele>63.40000152587890625</ele>
        <time>2026-07-29T07:56:32.000Z</time>
        <extensions>
          <ns3:TrackPointExtension>
            <ns3:hr>67</ns3:hr>
            <ns3:cad>0</ns3:cad>
          </ns3:TrackPointExtension>
        </extensions>
      </trkpt>
      <trkpt lat="48.8153278268873691558837890625" lon="-3.46665322780609130859375">
        <ele>62.799999237060546875</ele>
        <time>2026-07-29T07:56:36.000Z</time>
        <extensions>
          <ns3:TrackPointExtension>
            <ns3:hr>69</ns3:hr>
            <ns3:cad>0</ns3:cad>
          </ns3:TrackPointExtension>
        </extensions>
      </trkpt>
      <trkpt lat="48.81535179913043975830078125" lon="-3.46649791114032268524169921875">
        <ele>62.40000152587890625</ele>
        <time>2026-07-29T07:56:40.000Z</time>
        <extensions>
          <ns3:TrackPointExtension>
            <ns3:hr>72</ns3:hr>
            <ns3:cad>87</ns3:cad>
          </ns3:TrackPointExtension>
        </extensions>
      </trkpt>
      <trkpt lat="48.8153603486716747283935546875" lon="-3.46641845069825649261474609375">
        <ele>62.200000762939453125</ele>
        <time>2026-07-29T07:56:42.000Z</time>
        <extensions>
          <ns3:TrackPointExtension>
            <ns3:hr>73</ns3:hr>
            <ns3:cad>88</ns3:cad>
          </ns3:TrackPointExtension>
        </extensions>
      </trkpt>
      <trkpt lat="48.8153643719851970672607421875" lon="-3.466379307210445404052734375">
        <ele>62</ele>
        <time>2026-07-29T07:56:43.000Z</time>
        <extensions>
          <ns3:TrackPointExtension>
            <ns3:hr>78</ns3:hr>
            <ns3:cad>88</ns3:cad>
          </ns3:TrackPointExtension>
        </extensions>
      </trkpt>
      <trkpt lat="48.8153677247464656829833984375" lon="-3.46634251065552234649658203125">
        <ele>61.799999237060546875</ele>
        <time>2026-07-29T07:56:44.000Z</time>
        <extensions>
          <ns3:TrackPointExtension>
            <ns3:hr>78</ns3:hr>
            <ns3:cad>88</ns3:cad>
          </ns3:TrackPointExtension>
        </extensions>
      </trkpt>
      <trkpt lat="48.81537484936416149139404296875" lon="-3.4662644751369953155517578125">
        <ele>61.200000762939453125</ele>
        <time>2026-07-29T07:56:46.000Z</time>
        <extensions>
          <ns3:TrackPointExtension>
            <ns3:hr>83</ns3:hr>
            <ns3:cad>87</ns3:cad>
          </ns3:TrackPointExtension>
        </extensions>
      </trkpt>
      <trkpt lat="48.81537619046866893768310546875" lon="-3.46618409268558025360107421875">
        <ele>60.59999847412109375</ele>
        <time>2026-07-29T07:56:48.000Z</time>
        <extensions>
          <ns3:TrackPointExtension>
            <ns3:hr>89</ns3:hr>
            <ns3:cad>87</ns3:cad>
          </ns3:TrackPointExtension>
        </extensions>
      </trkpt>
      <trkpt lat="48.8153787888586521148681640625" lon="-3.46614402718842029571533203125">
        <ele>60.40000152587890625</ele>
        <time>2026-07-29T07:56:49.000Z</time>
        <extensions>
          <ns3:TrackPointExtension>
            <ns3:hr>91</ns3:hr>
            <ns3:cad>86</ns3:cad>
          </ns3:TrackPointExtension>
        </extensions>
      </trkpt>
      <trkpt lat="48.81538306362926959991455078125" lon="-3.46610547043383121490478515625">
        <ele>60</ele>
        <time>2026-07-29T07:56:50.000Z</time>
        <extensions>
          <ns3:TrackPointExtension>
            <ns3:hr>94</ns3:hr>
            <ns3:cad>86</ns3:cad>
          </ns3:TrackPointExtension>
        </extensions>
      </trkpt>
      <trkpt lat="48.8153858296573162078857421875" lon="-3.46606783568859100341796875">
        <ele>60</ele>
        <time>2026-07-29T07:56:51.000Z</time>
        <extensions>
          <ns3:TrackPointExtension>
            <ns3:hr>97</ns3:hr>
            <ns3:cad>86</ns3:cad>
          </ns3:TrackPointExtension>
        </extensions>
      </trkpt>
      <trkpt lat="48.81539530120790004730224609375" lon="-3.46599097363650798797607421875">
        <ele>59.799999237060546875</ele>
        <time>2026-07-29T07:56:53.000Z</time>
        <extensions>
          <ns3:TrackPointExtension>
            <ns3:hr>101</ns3:hr>
            <ns3:cad>85</ns3:cad>
          </ns3:TrackPointExtension>
        </extensions>
      </trkpt>
      <trkpt lat="48.81539949215948581695556640625" lon="-3.4658740460872650146484375">
        <ele>59.40000152587890625</ele>
        <time>2026-07-29T07:56:56.000Z</time>
        <extensions>
          <ns3:TrackPointExtension>
            <ns3:hr>103</ns3:hr>
            <ns3:cad>85</ns3:cad>
          </ns3:TrackPointExtension>
        </extensions>
      </trkpt>
      <trkpt lat="48.81544877775013446807861328125" lon="-3.46558026038110256195068359375">
        <ele>57.799999237060546875</ele>
        <time>2026-07-29T07:57:04.000Z</time>
        <extensions>
          <ns3:TrackPointExtension>
            <ns3:hr>105</ns3:hr>
            <ns3:cad>85</ns3:cad>
          </ns3:TrackPointExtension>
        </extensions>
      </trkpt>
      <trkpt lat="48.8155410625040531158447265625" lon="-3.46539049409329891204833984375">
        <ele>57.799999237060546875</ele>
        <time>2026-07-29T07:57:10.000Z</time>
        <extensions>
          <ns3:TrackPointExtension>
            <ns3:hr>106</ns3:hr>
            <ns3:cad>86</ns3:cad>
          </ns3:TrackPointExtension>
        </extensions>
      </trkpt>
      <trkpt lat="48.8156768493354320526123046875" lon="-3.4651936031877994537353515625">
        <ele>57.59999847412109375</ele>
        <time>2026-07-29T07:57:17.000Z</time>
        <extensions>
          <ns3:TrackPointExtension>
            <ns3:hr>109</ns3:hr>
            <ns3:cad>86</ns3:cad>
          </ns3:TrackPointExtension>
        </extensions>
      </trkpt>
      <trkpt lat="48.81569646298885345458984375" lon="-3.46516602672636508941650390625">
        <ele>57.40000152587890625</ele>
        <time>2026-07-29T07:57:18.000Z</time>
        <extensions>
          <ns3:TrackPointExtension>
            <ns3:hr>109</ns3:hr>
            <ns3:cad>86</ns3:cad>
          </ns3:TrackPointExtension>
        </extensions>
      </trkpt>
      <trkpt lat="48.81577013991773128509521484375" lon="-3.46505396068096160888671875">
        <ele>57</ele>
        <time>2026-07-29T07:57:22.000Z</time>
        <extensions>
          <ns3:TrackPointExtension>
            <ns3:hr>112</ns3:hr>
            <ns3:cad>86</ns3:cad>
          </ns3:TrackPointExtension>
        </extensions>
      </trkpt>
      <trkpt lat="48.815860413014888763427734375" lon="-3.46490669064223766326904296875">
        <ele>56.200000762939453125</ele>
        <time>2026-07-29T07:57:27.000Z</time>
        <extensions>
          <ns3:TrackPointExtension>
            <ns3:hr>113</ns3:hr>
            <ns3:cad>86</ns3:cad>
          </ns3:TrackPointExtension>
        </extensions>
      </trkpt>
      <trkpt lat="48.81599410437047481536865234375" lon="-3.46470401622354984283447265625">
        <ele>55.40000152587890625</ele>
        <time>2026-07-29T07:57:35.000Z</time>
        <extensions>
          <ns3:TrackPointExtension>
            <ns3:hr>115</ns3:hr>
            <ns3:cad>85</ns3:cad>
          </ns3:TrackPointExtension>
        </extensions>
      </trkpt>
      <trkpt lat="48.81605177186429500579833984375" lon="-3.46462120302021503448486328125">
        <ele>55.200000762939453125</ele>
        <time>2026-07-29T07:57:38.000Z</time>
        <extensions>
          <ns3:TrackPointExtension>
            <ns3:hr>118</ns3:hr>
            <ns3:cad>86</ns3:cad>
          </ns3:TrackPointExtension>
        </extensions>
      </trkpt>
      <trkpt lat="48.8160734809935092926025390625" lon="-3.464593626558780670166015625">
        <ele>55.200000762939453125</ele>
        <time>2026-07-29T07:57:39.000Z</time>
        <extensions>
          <ns3:TrackPointExtension>
            <ns3:hr>118</ns3:hr>
            <ns3:cad>86</ns3:cad>
          </ns3:TrackPointExtension>
        </extensions>
      </trkpt>
      <trkpt lat="48.81618839688599109649658203125" lon="-3.46442841924726963043212890625">
        <ele>55</ele>
        <time>2026-07-29T07:57:45.000Z</time>
        <extensions>
          <ns3:TrackPointExtension>
            <ns3:hr>121</ns3:hr>
            <ns3:cad>86</ns3:cad>
          </ns3:TrackPointExtension>
        </extensions>
      </trkpt>
      <trkpt lat="48.816225528717041015625" lon="-3.4643711708486080169677734375">
        <ele>54.59999847412109375</ele>
        <time>2026-07-29T07:57:47.000Z</time>
        <extensions>
          <ns3:TrackPointExtension>
            <ns3:hr>121</ns3:hr>
            <ns3:cad>86</ns3:cad>
          </ns3:TrackPointExtension>
        </extensions>
      </trkpt>
      <trkpt lat="48.8163651712238788604736328125" lon="-3.4641669876873493194580078125">
        <ele>53</ele>
        <time>2026-07-29T07:57:54.000Z</time>
        <extensions>
          <ns3:TrackPointExtension>
            <ns3:hr>120</ns3:hr>
            <ns3:cad>86</ns3:cad>
          </ns3:TrackPointExtension>
        </extensions>
      </trkpt>
      <trkpt lat="48.81639040075242519378662109375" lon="-3.46414075233042240142822265625">
        <ele>52.799999237060546875</ele>
        <time>2026-07-29T07:57:55.000Z</time>
        <extensions>
          <ns3:TrackPointExtension>
            <ns3:hr>120</ns3:hr>
            <ns3:cad>86</ns3:cad>
          </ns3:TrackPointExtension>
        </extensions>
      </trkpt>
      <trkpt lat="48.81653976626694202423095703125" lon="-3.4639374911785125732421875">
        <ele>50.799999237060546875</ele>
        <time>2026-07-29T07:58:03.000Z</time>
        <extensions>
          <ns3:TrackPointExtension>
            <ns3:hr>119</ns3:hr>
            <ns3:cad>87</ns3:cad>
          </ns3:TrackPointExtension>
        </extensions>
      </trkpt>
      <trkpt lat="48.81656038574874401092529296875" lon="-3.46391494385898113250732421875">
        <ele>50.59999847412109375</ele>
        <time>2026-07-29T07:58:04.000Z</time>
        <extensions>
          <ns3:TrackPointExtension>
            <ns3:hr>119</ns3:hr>
            <ns3:cad>86</ns3:cad>
          </ns3:TrackPointExtension>
        </extensions>
      </trkpt>
      <trkpt lat="48.81672282703220844268798828125" lon="-3.4637723676860332489013671875">
        <ele>49.799999237060546875</ele>
        <time>2026-07-29T07:58:11.000Z</time>
        <extensions>
          <ns3:TrackPointExtension>
            <ns3:hr>120</ns3:hr>
            <ns3:cad>86</ns3:cad>
          </ns3:TrackPointExtension>
        </extensions>
      </trkpt>
      <trkpt lat="48.8167949952185153961181640625" lon="-3.4637445397675037384033203125">
        <ele>49.59999847412109375</ele>
        <time>2026-07-29T07:58:14.000Z</time>
        <extensions>
          <ns3:TrackPointExtension>
            <ns3:hr>120</ns3:hr>
            <ns3:cad>85</ns3:cad>
          </ns3:TrackPointExtension>
        </extensions>
      </trkpt>
      <trkpt lat="48.8169388286769390106201171875" lon="-3.463789634406566619873046875">
        <ele>50</ele>
        <time>2026-07-29T07:58:20.000Z</time>
        <extensions>
          <ns3:TrackPointExtension>
            <ns3:hr>120</ns3:hr>
            <ns3:cad>86</ns3:cad>
          </ns3:TrackPointExtension>
        </extensions>
      </trkpt>
      <trkpt lat="48.81713337264955043792724609375" lon="-3.463868089020252227783203125">
        <ele>50.200000762939453125</ele>
        <time>2026-07-29T07:58:28.000Z</time>
        <extensions>
          <ns3:TrackPointExtension>
            <ns3:hr>122</ns3:hr>
            <ns3:cad>84</ns3:cad>
          </ns3:TrackPointExtension>
        </extensions>
      </trkpt>
      <trkpt lat="48.81715801544487476348876953125" lon="-3.46387336961925029754638671875">
        <ele>50</ele>
        <time>2026-07-29T07:58:29.000Z</time>
        <extensions>
          <ns3:TrackPointExtension>
            <ns3:hr>122</ns3:hr>
            <ns3:cad>84</ns3:cad>
          </ns3:TrackPointExtension>
        </extensions>
      </trkpt>
      <trkpt lat="48.81733302958309650421142578125" lon="-3.463866077363491058349609375">
        <ele>49</ele>
        <time>2026-07-29T07:58:36.000Z</time>
        <extensions>
          <ns3:TrackPointExtension>
            <ns3:hr>124</ns3:hr>
            <ns3:cad>84</ns3:cad>
          </ns3:TrackPointExtension>
        </extensions>
      </trkpt>
      <trkpt lat="48.8175081275403499603271484375" lon="-3.46376650035381317138671875">
        <ele>48.200000762939453125</ele>
        <time>2026-07-29T07:58:42.000Z</time>
        <extensions>
          <ns3:TrackPointExtension>
            <ns3:hr>124</ns3:hr>
            <ns3:cad>84</ns3:cad>
          </ns3:TrackPointExtension>
        </extensions>
      </trkpt>
      <trkpt lat="48.81763159297406673431396484375" lon="-3.46365326084196567535400390625">
        <ele>47.59999847412109375</ele>
        <time>2026-07-29T07:58:47.000Z</time>
        <extensions>
          <ns3:TrackPointExtension>
            <ns3:hr>124</ns3:hr>
            <ns3:cad>84</ns3:cad>
          </ns3:TrackPointExtension>
        </extensions>
      </trkpt>
      <trkpt lat="48.81773552857339382171630859375" lon="-3.4634464792907238006591796875">
        <ele>47</ele>
        <time>2026-07-29T07:58:54.000Z</time>
        <extensions>
          <ns3:TrackPointExtension>
            <ns3:hr>126</ns3:hr>
            <ns3:cad>83</ns3:cad>
          </ns3:TrackPointExtension>
        </extensions>
      </trkpt>
      <trkpt lat="48.8177297450602054595947265625" lon="-3.46316359005868434906005859375">
        <ele>43.799999237060546875</ele>
        <time>2026-07-29T07:59:01.000Z</time>
        <extensions>
          <ns3:TrackPointExtension>
            <ns3:hr>127</ns3:hr>
            <ns3:cad>83</ns3:cad>
          </ns3:TrackPointExtension>
        </extensions>
      </trkpt>
      <trkpt lat="48.817786909639835357666015625" lon="-3.4628858976066112518310546875">
        <ele>41.40000152587890625</ele>
        <time>2026-07-29T07:59:08.000Z</time>
        <extensions>
          <ns3:TrackPointExtension>
            <ns3:hr>126</ns3:hr>
            <ns3:cad>85</ns3:cad>
          </ns3:TrackPointExtension>
        </extensions>
      </trkpt>
      <trkpt lat="48.81783024407923221588134765625" lon="-3.46269738860428333282470703125">
        <ele>39.799999237060546875</ele>
        <time>2026-07-29T07:59:13.000Z</time>
        <extensions>
          <ns3:TrackPointExtension>
            <ns3:hr>124</ns3:hr>
            <ns3:cad>83</ns3:cad>
          </ns3:TrackPointExtension>
        </extensions>
      </trkpt>
      <trkpt lat="48.8178950361907482147216796875" lon="-3.46255120821297168731689453125">
        <ele>39</ele>
        <time>2026-07-29T07:59:18.000Z</time>
        <extensions>
          <ns3:TrackPointExtension>
            <ns3:hr>121</ns3:hr>
            <ns3:cad>84</ns3:cad>
          </ns3:TrackPointExtension>
        </extensions>
      </trkpt>
      <trkpt lat="48.817908950150012969970703125" lon="-3.4625187702476978302001953125">
        <ele>39</ele>
        <time>2026-07-29T07:59:19.000Z</time>
        <extensions>
          <ns3:TrackPointExtension>
            <ns3:hr>121</ns3:hr>
            <ns3:cad>83</ns3:cad>
          </ns3:TrackPointExtension>
        </extensions>
      </trkpt>
      <trkpt lat="48.81791238673031330108642578125" lon="-3.46241542138159275054931640625">
        <ele>37.799999237060546875</ele>
        <time>2026-07-29T07:59:22.000Z</time>
        <extensions>
          <ns3:TrackPointExtension>
            <ns3:hr>121</ns3:hr>
            <ns3:cad>83</ns3:cad>
          </ns3:TrackPointExtension>
        </extensions>
      </trkpt>
      <trkpt lat="48.81791062653064727783203125" lon="-3.462376780807971954345703125">
        <ele>37.40000152587890625</ele>
        <time>2026-07-29T07:59:23.000Z</time>
        <extensions>
          <ns3:TrackPointExtension>
            <ns3:hr>122</ns3:hr>
            <ns3:cad>83</ns3:cad>
          </ns3:TrackPointExtension>
        </extensions>
      </trkpt>
      <trkpt lat="48.81798614747822284698486328125" lon="-3.46219598315656185150146484375">
        <ele>36.59999847412109375</ele>
        <time>2026-07-29T07:59:28.000Z</time>
        <extensions>
          <ns3:TrackPointExtension>
            <ns3:hr>123</ns3:hr>
            <ns3:cad>84</ns3:cad>
          </ns3:TrackPointExtension>
        </extensions>
      </trkpt>
      <trkpt lat="48.81809829734265804290771484375" lon="-3.46197738312184810638427734375">
        <ele>35</ele>
        <time>2026-07-29T07:59:35.000Z</time>
        <extensions>
          <ns3:TrackPointExtension>
            <ns3:hr>123</ns3:hr>
            <ns3:cad>83</ns3:cad>
          </ns3:TrackPointExtension>
        </extensions>
      </trkpt>
      <trkpt lat="48.818258978426456451416015625" lon="-3.4618123434484004974365234375">
        <ele>33.59999847412109375</ele>
        <time>2026-07-29T07:59:43.000Z</time>
        <extensions>
          <ns3:TrackPointExtension>
            <ns3:hr>123</ns3:hr>
            <ns3:cad>84</ns3:cad>
          </ns3:TrackPointExtension>
        </extensions>
      </trkpt>
      <trkpt lat="48.81830952130258083343505859375" lon="-3.46172005869448184967041015625">
        <ele>32.200000762939453125</ele>
        <time>2026-07-29T07:59:46.000Z</time>
        <extensions>
          <ns3:TrackPointExtension>
            <ns3:hr>124</ns3:hr>
            <ns3:cad>83</ns3:cad>
          </ns3:TrackPointExtension>
        </extensions>
      </trkpt>
      <trkpt lat="48.818450756371021270751953125" lon="-3.46153565682470798492431640625">
        <ele>29.799999237060546875</ele>
        <time>2026-07-29T07:59:53.000Z</time>
        <extensions>
          <ns3:TrackPointExtension>
            <ns3:hr>126</ns3:hr>
            <ns3:cad>83</ns3:cad>
          </ns3:TrackPointExtension>
        </extensions>
      </trkpt>
      <trkpt lat="48.8185605593025684356689453125" lon="-3.46133080311119556427001953125">
        <ele>27.3999996185302734375</ele>
        <time>2026-07-29T08:00:00.000Z</time>
        <extensions>
          <ns3:TrackPointExtension>
            <ns3:hr>127</ns3:hr>
            <ns3:cad>84</ns3:cad>
          </ns3:TrackPointExtension>
        </extensions>
      </trkpt>
      <trkpt lat="48.8185853697359561920166015625" lon="-3.46130683086812496185302734375">
        <ele>27.3999996185302734375</ele>
        <time>2026-07-29T08:00:01.000Z</time>
        <extensions>
          <ns3:TrackPointExtension>
            <ns3:hr>126</ns3:hr>
            <ns3:cad>84</ns3:cad>
          </ns3:TrackPointExtension>
        </extensions>
      </trkpt>
      <trkpt lat="48.81867463700473308563232421875" lon="-3.461170457303524017333984375">
        <ele>26.6000003814697265625</ele>
        <time>2026-07-29T08:00:06.000Z</time>
        <extensions>
          <ns3:TrackPointExtension>
            <ns3:hr>125</ns3:hr>
            <ns3:cad>83</ns3:cad>
          </ns3:TrackPointExtension>
        </extensions>
      </trkpt>
      <trkpt lat="48.8187898881733417510986328125" lon="-3.46097725443542003631591796875">
        <ele>25</ele>
        <time>2026-07-29T08:00:13.000Z</time>
        <extensions>
          <ns3:TrackPointExtension>
            <ns3:hr>125</ns3:hr>
            <ns3:cad>85</ns3:cad>
          </ns3:TrackPointExtension>
        </extensions>
      </trkpt>
      <trkpt lat="48.81880992092192173004150390625" lon="-3.460961915552616119384765625">
        <ele>25</ele>
        <time>2026-07-29T08:00:14.000Z</time>
        <extensions>
          <ns3:TrackPointExtension>
            <ns3:hr>126</ns3:hr>
            <ns3:cad>85</ns3:cad>
          </ns3:TrackPointExtension>
        </extensions>
      </trkpt>
      <trkpt lat="48.8188904710114002227783203125" lon="-3.460921347141265869140625">
        <ele>25.6000003814697265625</ele>
        <time>2026-07-29T08:00:17.000Z</time>
        <extensions>
          <ns3:TrackPointExtension>
            <ns3:hr>127</ns3:hr>
            <ns3:cad>84</ns3:cad>
          </ns3:TrackPointExtension>
        </extensions>
      </trkpt>
      <trkpt lat="48.8190088234841823577880859375" lon="-3.46082420088350772857666015625">
        <ele>25.3999996185302734375</ele>
        <time>2026-07-29T08:00:22.000Z</time>
        <extensions>
          <ns3:TrackPointExtension>
            <ns3:hr>130</ns3:hr>
            <ns3:cad>83</ns3:cad>
          </ns3:TrackPointExtension>
        </extensions>
      </trkpt>
      <trkpt lat="48.81905802525579929351806640625" lon="-3.46077944152057170867919921875">
        <ele>25.200000762939453125</ele>
        <time>2026-07-29T08:00:24.000Z</time>
        <extensions>
          <ns3:TrackPointExtension>
            <ns3:hr>132</ns3:hr>
            <ns3:cad>83</ns3:cad>
          </ns3:TrackPointExtension>
        </extensions>
      </trkpt>
      <trkpt lat="48.81912759505212306976318359375" lon="-3.4607066027820110321044921875">
        <ele>24.6000003814697265625</ele>
        <time>2026-07-29T08:00:28.000Z</time>
        <extensions>
          <ns3:TrackPointExtension>
            <ns3:hr>134</ns3:hr>
            <ns3:cad>82</ns3:cad>
          </ns3:TrackPointExtension>
        </extensions>
      </trkpt>
      <trkpt lat="48.81914050318300724029541015625" lon="-3.46068506129086017608642578125">
        <ele>24.3999996185302734375</ele>
        <time>2026-07-29T08:00:29.000Z</time>
        <extensions>
          <ns3:TrackPointExtension>
            <ns3:hr>134</ns3:hr>
            <ns3:cad>82</ns3:cad>
          </ns3:TrackPointExtension>
        </extensions>
      </trkpt>
      <trkpt lat="48.81922356784343719482421875" lon="-3.46061733551323413848876953125">
        <ele>24.200000762939453125</ele>
        <time>2026-07-29T08:00:33.000Z</time>
        <extensions>
          <ns3:TrackPointExtension>
            <ns3:hr>137</ns3:hr>
            <ns3:cad>81</ns3:cad>
          </ns3:TrackPointExtension>
        </extensions>
      </trkpt>
      <trkpt lat="48.8192899525165557861328125" lon="-3.4605426527559757232666015625">
        <ele>23.3999996185302734375</ele>
        <time>2026-07-29T08:00:36.000Z</time>
        <extensions>
          <ns3:TrackPointExtension>
            <ns3:hr>138</ns3:hr>
            <ns3:cad>82</ns3:cad>
          </ns3:TrackPointExtension>
        </extensions>
      </trkpt>
      <trkpt lat="48.81944485008716583251953125" lon="-3.4603921137750148773193359375">
        <ele>21.799999237060546875</ele>
        <time>2026-07-29T08:00:43.000Z</time>
        <extensions>
          <ns3:TrackPointExtension>
            <ns3:hr>138</ns3:hr>
            <ns3:cad>83</ns3:cad>
          </ns3:TrackPointExtension>
        </extensions>
      </trkpt>
      <trkpt lat="48.8196331076323986053466796875" lon="-3.46036353148519992828369140625">
        <ele>19.200000762939453125</ele>
        <time>2026-07-29T08:00:50.000Z</time>
        <extensions>
          <ns3:TrackPointExtension>
            <ns3:hr>138</ns3:hr>
            <ns3:cad>84</ns3:cad>
          </ns3:TrackPointExtension>
        </extensions>
      </trkpt>
      <trkpt lat="48.819736205041408538818359375" lon="-3.4604973904788494110107421875">
        <ele>18</ele>
        <time>2026-07-29T08:00:55.000Z</time>
        <extensions>
          <ns3:TrackPointExtension>
            <ns3:hr>138</ns3:hr>
            <ns3:cad>83</ns3:cad>
          </ns3:TrackPointExtension>
        </extensions>
      </trkpt>
      <trkpt lat="48.81984307430684566497802734375" lon="-3.4607349336147308349609375">
        <ele>21.200000762939453125</ele>
        <time>2026-07-29T08:01:02.000Z</time>
        <extensions>
          <ns3:TrackPointExtension>
            <ns3:hr>138</ns3:hr>
            <ns3:cad>82</ns3:cad>
          </ns3:TrackPointExtension>
        </extensions>
      </trkpt>
      <trkpt lat="48.819888420403003692626953125" lon="-3.4609101153910160064697265625">
        <ele>22.799999237060546875</ele>
        <time>2026-07-29T08:01:07.000Z</time>
        <extensions>
          <ns3:TrackPointExtension>
            <ns3:hr>139</ns3:hr>
            <ns3:cad>82</ns3:cad>
          </ns3:TrackPointExtension>
        </extensions>
      </trkpt>
      <trkpt lat="48.82002730853855609893798828125" lon="-3.46111337654292583465576171875">
        <ele>22.799999237060546875</ele>
        <time>2026-07-29T08:01:14.000Z</time>
        <extensions>
          <ns3:TrackPointExtension>
            <ns3:hr>138</ns3:hr>
            <ns3:cad>82</ns3:cad>
          </ns3:TrackPointExtension>
        </extensions>
      </trkpt>
      <trkpt lat="48.8200451619923114776611328125" lon="-3.4611427970230579376220703125">
        <ele>22.6000003814697265625</ele>
        <time>2026-07-29T08:01:15.000Z</time>
        <extensions>
          <ns3:TrackPointExtension>
            <ns3:hr>138</ns3:hr>
            <ns3:cad>83</ns3:cad>
          </ns3:TrackPointExtension>
        </extensions>
      </trkpt>
      <trkpt lat="48.82018254138529300689697265625" lon="-3.46128017641603946685791015625">
        <ele>20.799999237060546875</ele>
        <time>2026-07-29T08:01:21.000Z</time>
        <extensions>
          <ns3:TrackPointExtension>
            <ns3:hr>135</ns3:hr>
            <ns3:cad>84</ns3:cad>
          </ns3:TrackPointExtension>
        </extensions>
      </trkpt>
      <trkpt lat="48.820207603275775909423828125" lon="-3.461303897202014923095703125">
        <ele>20.6000003814697265625</ele>
        <time>2026-07-29T08:01:22.000Z</time>
        <extensions>
          <ns3:TrackPointExtension>
            <ns3:hr>135</ns3:hr>
            <ns3:cad>83</ns3:cad>
          </ns3:TrackPointExtension>
        </extensions>
      </trkpt>
      <trkpt lat="48.82031966932117938995361328125" lon="-3.4614827670156955718994140625">
        <ele>21</ele>
        <time>2026-07-29T08:01:28.000Z</time>
        <extensions>
          <ns3:TrackPointExtension>
            <ns3:hr>134</ns3:hr>
            <ns3:cad>83</ns3:cad>
          </ns3:TrackPointExtension>
        </extensions>
      </trkpt>
      <trkpt lat="48.82043500430881977081298828125" lon="-3.46169725991785526275634765625">
        <ele>21</ele>
        <time>2026-07-29T08:01:35.000Z</time>
        <extensions>
          <ns3:TrackPointExtension>
            <ns3:hr>135</ns3:hr>
            <ns3:cad>83</ns3:cad>
          </ns3:TrackPointExtension>
        </extensions>
      </trkpt>
      <trkpt lat="48.8205195777118206024169921875" lon="-3.4619467891752719879150390625">
        <ele>22.6000003814697265625</ele>
        <time>2026-07-29T08:01:42.000Z</time>
        <extensions>
          <ns3:TrackPointExtension>
            <ns3:hr>137</ns3:hr>
            <ns3:cad>84</ns3:cad>
          </ns3:TrackPointExtension>
        </extensions>
      </trkpt>
      <trkpt lat="48.82058856077492237091064453125" lon="-3.46220369450747966766357421875">
        <ele>23</ele>
        <time>2026-07-29T08:01:49.000Z</time>
        <extensions>
          <ns3:TrackPointExtension>
            <ns3:hr>138</ns3:hr>
            <ns3:cad>83</ns3:cad>
          </ns3:TrackPointExtension>
        </extensions>
      </trkpt>
      <trkpt lat="48.82066483609378337860107421875" lon="-3.4624624438583850860595703125">
        <ele>22.799999237060546875</ele>
        <time>2026-07-29T08:01:56.000Z</time>
        <extensions>
          <ns3:TrackPointExtension>
            <ns3:hr>142</ns3:hr>
            <ns3:cad>83</ns3:cad>
          </ns3:TrackPointExtension>
        </extensions>
      </trkpt>
      <trkpt lat="48.82069484330713748931884765625" lon="-3.46264139749109745025634765625">
        <ele>24.799999237060546875</ele>
        <time>2026-07-29T08:02:01.000Z</time>
        <extensions>
          <ns3:TrackPointExtension>
            <ns3:hr>145</ns3:hr>
            <ns3:cad>84</ns3:cad>
          </ns3:TrackPointExtension>
        </extensions>
      </trkpt>
      <trkpt lat="48.8207073323428630828857421875" lon="-3.462716750800609588623046875">
        <ele>25.6000003814697265625</ele>
        <time>2026-07-29T08:02:03.000Z</time>
        <extensions>
          <ns3:TrackPointExtension>
            <ns3:hr>146</ns3:hr>
            <ns3:cad>85</ns3:cad>
          </ns3:TrackPointExtension>
        </extensions>
      </trkpt>
      <trkpt lat="48.8207115232944488525390625" lon="-3.46277869306504726409912109375">
        <ele>26.6000003814697265625</ele>
        <time>2026-07-29T08:02:05.000Z</time>
        <extensions>
          <ns3:TrackPointExtension>
            <ns3:hr>147</ns3:hr>
            <ns3:cad>84</ns3:cad>
          </ns3:TrackPointExtension>
        </extensions>
      </trkpt>
      <trkpt lat="48.82073323242366313934326171875" lon="-3.46286720596253871917724609375">
        <ele>28.3999996185302734375</ele>
        <time>2026-07-29T08:02:08.000Z</time>
        <extensions>
          <ns3:TrackPointExtension>
            <ns3:hr>149</ns3:hr>
            <ns3:cad>85</ns3:cad>
          </ns3:TrackPointExtension>
        </extensions>
      </trkpt>
      <trkpt lat="48.82084890268743038177490234375" lon="-3.4629891626536846160888671875">
        <ele>27.200000762939453125</ele>
        <time>2026-07-29T08:02:14.000Z</time>
        <extensions>
          <ns3:TrackPointExtension>
            <ns3:hr>152</ns3:hr>
            <ns3:cad>82</ns3:cad>
          </ns3:TrackPointExtension>
        </extensions>
      </trkpt>
      <trkpt lat="48.820918388664722442626953125" lon="-3.4630481712520122528076171875">
        <ele>26.200000762939453125</ele>
        <time>2026-07-29T08:02:17.000Z</time>
        <extensions>
          <ns3:TrackPointExtension>
            <ns3:hr>154</ns3:hr>
            <ns3:cad>82</ns3:cad>
          </ns3:TrackPointExtension>
        </extensions>
      </trkpt>
      <trkpt lat="48.82095820270478725433349609375" lon="-3.4630971215665340423583984375">
        <ele>26.799999237060546875</ele>
        <time>2026-07-29T08:02:19.000Z</time>
        <extensions>
          <ns3:TrackPointExtension>
            <ns3:hr>154</ns3:hr>
            <ns3:cad>82</ns3:cad>
          </ns3:TrackPointExtension>
        </extensions>
      </trkpt>
      <trkpt lat="48.82111645303666591644287109375" lon="-3.463251851499080657958984375">
        <ele>27.3999996185302734375</ele>
        <time>2026-07-29T08:02:25.000Z</time>
        <extensions>
          <ns3:TrackPointExtension>
            <ns3:hr>155</ns3:hr>
            <ns3:cad>85</ns3:cad>
          </ns3:TrackPointExtension>
        </extensions>
      </trkpt>
      <trkpt lat="48.82126271724700927734375" lon="-3.46345829777419567108154296875">
        <ele>27.799999237060546875</ele>
        <time>2026-07-29T08:02:32.000Z</time>
        <extensions>
          <ns3:TrackPointExtension>
            <ns3:hr>158</ns3:hr>
            <ns3:cad>87</ns3:cad>
          </ns3:TrackPointExtension>
        </extensions>
      </trkpt>
      <trkpt lat="48.8214037008583545684814453125" lon="-3.46358234994113445281982421875">
        <ele>22</ele>
        <time>2026-07-29T08:02:38.000Z</time>
        <extensions>
          <ns3:TrackPointExtension>
            <ns3:hr>161</ns3:hr>
            <ns3:cad>82</ns3:cad>
          </ns3:TrackPointExtension>
        </extensions>
      </trkpt>
      <trkpt lat="48.821463882923126220703125" lon="-3.463656865060329437255859375">
        <ele>19.3999996185302734375</ele>
        <time>2026-07-29T08:02:41.000Z</time>
        <extensions>
          <ns3:TrackPointExtension>
            <ns3:hr>161</ns3:hr>
            <ns3:cad>83</ns3:cad>
          </ns3:TrackPointExtension>
        </extensions>
      </trkpt>
      <trkpt lat="48.821484334766864776611328125" lon="-3.4638270176947116851806640625">
        <ele>20.200000762939453125</ele>
        <time>2026-07-29T08:02:45.000Z</time>
        <extensions>
          <ns3:TrackPointExtension>
            <ns3:hr>161</ns3:hr>
            <ns3:cad>83</ns3:cad>
          </ns3:TrackPointExtension>
        </extensions>
      </trkpt>
      <trkpt lat="48.82150671444833278656005859375" lon="-3.46400211565196514129638671875">
        <ele>22.3999996185302734375</ele>
        <time>2026-07-29T08:02:49.000Z</time>
        <extensions>
          <ns3:TrackPointExtension>
            <ns3:hr>161</ns3:hr>
            <ns3:cad>83</ns3:cad>
          </ns3:TrackPointExtension>
        </extensions>
      </trkpt>
      <trkpt lat="48.82158164866268634796142578125" lon="-3.4641599468886852264404296875">
        <ele>21.799999237060546875</ele>
        <time>2026-07-29T08:02:54.000Z</time>
        <extensions>
          <ns3:TrackPointExtension>
            <ns3:hr>161</ns3:hr>
            <ns3:cad>82</ns3:cad>
          </ns3:TrackPointExtension>
        </extensions>
      </trkpt>
      <trkpt lat="48.82168575190007686614990234375" lon="-3.4644120745360851287841796875">
        <ele>23.3999996185302734375</ele>
        <time>2026-07-29T08:03:00.000Z</time>
        <extensions>
          <ns3:TrackPointExtension>
            <ns3:hr>161</ns3:hr>
            <ns3:cad>85</ns3:cad>
          </ns3:TrackPointExtension>
        </extensions>
      </trkpt>
      <trkpt lat="48.82175062783062458038330078125" lon="-3.4645867533981800079345703125">
        <ele>25.200000762939453125</ele>
        <time>2026-07-29T08:03:04.000Z</time>
        <extensions>
          <ns3:TrackPointExtension>
            <ns3:hr>162</ns3:hr>
            <ns3:cad>84</ns3:cad>
          </ns3:TrackPointExtension>
        </extensions>
      </trkpt>
      <trkpt lat="48.82180611602962017059326171875" lon="-3.46479739062488079071044921875">
        <ele>28.799999237060546875</ele>
        <time>2026-07-29T08:03:09.000Z</time>
        <extensions>
          <ns3:TrackPointExtension>
            <ns3:hr>162</ns3:hr>
            <ns3:cad>85</ns3:cad>
          </ns3:TrackPointExtension>
        </extensions>
      </trkpt>
      <trkpt lat="48.8218295015394687652587890625" lon="-3.46482706256210803985595703125">
        <ele>28.3999996185302734375</ele>
        <time>2026-07-29T08:03:10.000Z</time>
        <extensions>
          <ns3:TrackPointExtension>
            <ns3:hr>162</ns3:hr>
            <ns3:cad>85</ns3:cad>
          </ns3:TrackPointExtension>
        </extensions>
      </trkpt>
      <trkpt lat="48.82196118123829364776611328125" lon="-3.46502252854406833648681640625">
        <ele>25.6000003814697265625</ele>
        <time>2026-07-29T08:03:17.000Z</time>
        <extensions>
          <ns3:TrackPointExtension>
            <ns3:hr>163</ns3:hr>
            <ns3:cad>85</ns3:cad>
          </ns3:TrackPointExtension>
        </extensions>
      </trkpt>
      <trkpt lat="48.82198330946266651153564453125" lon="-3.46506158821284770965576171875">
        <ele>25</ele>
        <time>2026-07-29T08:03:18.000Z</time>
        <extensions>
          <ns3:TrackPointExtension>
            <ns3:hr>163</ns3:hr>
            <ns3:cad>86</ns3:cad>
          </ns3:TrackPointExtension>
        </extensions>
      </trkpt>
      <trkpt lat="48.82197911851108074188232421875" lon="-3.4652061760425567626953125">
        <ele>28.3999996185302734375</ele>
        <time>2026-07-29T08:03:22.000Z</time>
        <extensions>
          <ns3:TrackPointExtension>
            <ns3:hr>164</ns3:hr>
            <ns3:cad>86</ns3:cad>
          </ns3:TrackPointExtension>
        </extensions>
      </trkpt>
      <trkpt lat="48.82205220870673656463623046875" lon="-3.4653887338936328887939453125">
        <ele>26.200000762939453125</ele>
        <time>2026-07-29T08:03:27.000Z</time>
        <extensions>
          <ns3:TrackPointExtension>
            <ns3:hr>165</ns3:hr>
            <ns3:cad>87</ns3:cad>
          </ns3:TrackPointExtension>
        </extensions>
      </trkpt>
      <trkpt lat="48.82216720841825008392333984375" lon="-3.4656353294849395751953125">
        <ele>21.3999996185302734375</ele>
        <time>2026-07-29T08:03:34.000Z</time>
        <extensions>
          <ns3:TrackPointExtension>
            <ns3:hr>164</ns3:hr>
            <ns3:cad>85</ns3:cad>
          </ns3:TrackPointExtension>
        </extensions>
      </trkpt>
      <trkpt lat="48.82219403050839900970458984375" lon="-3.46585049293935298919677734375">
        <ele>20</ele>
        <time>2026-07-29T08:03:39.000Z</time>
        <extensions>
          <ns3:TrackPointExtension>
            <ns3:hr>162</ns3:hr>
            <ns3:cad>83</ns3:cad>
          </ns3:TrackPointExtension>
        </extensions>
      </trkpt>
      <trkpt lat="48.82220693863928318023681640625" lon="-3.4661343879997730255126953125">
        <ele>18.3999996185302734375</ele>
        <time>2026-07-29T08:03:45.000Z</time>
        <extensions>
          <ns3:TrackPointExtension>
            <ns3:hr>162</ns3:hr>
            <ns3:cad>82</ns3:cad>
          </ns3:TrackPointExtension>
        </extensions>
      </trkpt>
      <trkpt lat="48.8222834654152393341064453125" lon="-3.466339409351348876953125">
        <ele>15.80000019073486328125</ele>
        <time>2026-07-29T08:03:51.000Z</time>
        <extensions>
          <ns3:TrackPointExtension>
            <ns3:hr>162</ns3:hr>
            <ns3:cad>82</ns3:cad>
          </ns3:TrackPointExtension>
        </extensions>
      </trkpt>
      <trkpt lat="48.82237742654979228973388671875" lon="-3.46654535271227359771728515625">
        <ele>15.19999980926513671875</ele>
        <time>2026-07-29T08:03:57.000Z</time>
        <extensions>
          <ns3:TrackPointExtension>
            <ns3:hr>162</ns3:hr>
            <ns3:cad>82</ns3:cad>
          </ns3:TrackPointExtension>
        </extensions>
      </trkpt>
      <trkpt lat="48.8224879838526248931884765625" lon="-3.4667699038982391357421875">
        <ele>14.80000019073486328125</ele>
        <time>2026-07-29T08:04:03.000Z</time>
        <extensions>
          <ns3:TrackPointExtension>
            <ns3:hr>162</ns3:hr>
            <ns3:cad>83</ns3:cad>
          </ns3:TrackPointExtension>
        </extensions>
      </trkpt>
      <trkpt lat="48.82251908071339130401611328125" lon="-3.46685263328254222869873046875">
        <ele>15.3999996185302734375</ele>
        <time>2026-07-29T08:04:05.000Z</time>
        <extensions>
          <ns3:TrackPointExtension>
            <ns3:hr>162</ns3:hr>
            <ns3:cad>84</ns3:cad>
          </ns3:TrackPointExtension>
        </extensions>
      </trkpt>
      <trkpt lat="48.822620250284671783447265625" lon="-3.46708967350423336029052734375">
        <ele>16.200000762939453125</ele>
        <time>2026-07-29T08:04:11.000Z</time>
        <extensions>
          <ns3:TrackPointExtension>
            <ns3:hr>161</ns3:hr>
            <ns3:cad>84</ns3:cad>
          </ns3:TrackPointExtension>
        </extensions>
      </trkpt>
      <trkpt lat="48.82263659499585628509521484375" lon="-3.46712957136332988739013671875">
        <ele>16.200000762939453125</ele>
        <time>2026-07-29T08:04:12.000Z</time>
        <extensions>
          <ns3:TrackPointExtension>
            <ns3:hr>161</ns3:hr>
            <ns3:cad>85</ns3:cad>
          </ns3:TrackPointExtension>
        </extensions>
      </trkpt>
      <trkpt lat="48.8227545283734798431396484375" lon="-3.46736870706081390380859375">
        <ele>17.200000762939453125</ele>
        <time>2026-07-29T08:04:18.000Z</time>
        <extensions>
          <ns3:TrackPointExtension>
            <ns3:hr>161</ns3:hr>
            <ns3:cad>84</ns3:cad>
          </ns3:TrackPointExtension>
        </extensions>
      </trkpt>
      <trkpt lat="48.82277841679751873016357421875" lon="-3.46743115223944187164306640625">
        <ele>17.200000762939453125</ele>
        <time>2026-07-29T08:04:20.000Z</time>
        <extensions>
          <ns3:TrackPointExtension>
            <ns3:hr>161</ns3:hr>
            <ns3:cad>85</ns3:cad>
          </ns3:TrackPointExtension>
        </extensions>
      </trkpt>
      <trkpt lat="48.82286726497113704681396484375" lon="-3.467641286551952362060546875">
        <ele>18.200000762939453125</ele>
        <time>2026-07-29T08:04:26.000Z</time>
        <extensions>
          <ns3:TrackPointExtension>
            <ns3:hr>162</ns3:hr>
            <ns3:cad>84</ns3:cad>
          </ns3:TrackPointExtension>
        </extensions>
      </trkpt>
      <trkpt lat="48.82299383170902729034423828125" lon="-3.4678696095943450927734375">
        <ele>18.200000762939453125</ele>
        <time>2026-07-29T08:04:32.000Z</time>
        <extensions>
          <ns3:TrackPointExtension>
            <ns3:hr>163</ns3:hr>
            <ns3:cad>84</ns3:cad>
          </ns3:TrackPointExtension>
        </extensions>
      </trkpt>
      <trkpt lat="48.82301646284759044647216796875" lon="-3.46791076473891735076904296875">
        <ele>18.3999996185302734375</ele>
        <time>2026-07-29T08:04:33.000Z</time>
        <extensions>
          <ns3:TrackPointExtension>
            <ns3:hr>163</ns3:hr>
            <ns3:cad>84</ns3:cad>
          </ns3:TrackPointExtension>
        </extensions>
      </trkpt>
      <trkpt lat="48.82314034737646579742431640625" lon="-3.468152917921543121337890625">
        <ele>20.3999996185302734375</ele>
        <time>2026-07-29T08:04:40.000Z</time>
        <extensions>
          <ns3:TrackPointExtension>
            <ns3:hr>164</ns3:hr>
            <ns3:cad>85</ns3:cad>
          </ns3:TrackPointExtension>
        </extensions>
      </trkpt>
      <trkpt lat="48.82318074814975261688232421875" lon="-3.46822827123105525970458984375">
        <ele>21</ele>
        <time>2026-07-29T08:04:42.000Z</time>
        <extensions>
          <ns3:TrackPointExtension>
            <ns3:hr>165</ns3:hr>
            <ns3:cad>85</ns3:cad>
          </ns3:TrackPointExtension>
        </extensions>
      </trkpt>
      <trkpt lat="48.8232946582138538360595703125" lon="-3.46843563951551914215087890625">
        <ele>22.6000003814697265625</ele>
        <time>2026-07-29T08:04:48.000Z</time>
        <extensions>
          <ns3:TrackPointExtension>
            <ns3:hr>167</ns3:hr>
            <ns3:cad>87</ns3:cad>
          </ns3:TrackPointExtension>
        </extensions>
      </trkpt>
      <trkpt lat="48.82343287579715251922607421875" lon="-3.46862473525106906890869140625">
        <ele>24.200000762939453125</ele>
        <time>2026-07-29T08:04:54.000Z</time>
        <extensions>
          <ns3:TrackPointExtension>
            <ns3:hr>169</ns3:hr>
            <ns3:cad>86</ns3:cad>
          </ns3:TrackPointExtension>
        </extensions>
      </trkpt>
      <trkpt lat="48.82350303232669830322265625" lon="-3.46869774162769317626953125">
        <ele>24.200000762939453125</ele>
        <time>2026-07-29T08:04:57.000Z</time>
        <extensions>
          <ns3:TrackPointExtension>
            <ns3:hr>168</ns3:hr>
            <ns3:cad>81</ns3:cad>
          </ns3:TrackPointExtension>
        </extensions>
      </trkpt>
      <trkpt lat="48.8236678205430507659912109375" lon="-3.46877862699329853057861328125">
        <ele>22.3999996185302734375</ele>
        <time>2026-07-29T08:05:04.000Z</time>
        <extensions>
          <ns3:TrackPointExtension>
            <ns3:hr>171</ns3:hr>
            <ns3:cad>81</ns3:cad>
          </ns3:TrackPointExtension>
        </extensions>
      </trkpt>
      <trkpt lat="48.82385599426925182342529296875" lon="-3.46885758452117443084716796875">
        <ele>19.799999237060546875</ele>
        <time>2026-07-29T08:05:11.000Z</time>
        <extensions>
          <ns3:TrackPointExtension>
            <ns3:hr>172</ns3:hr>
            <ns3:cad>82</ns3:cad>
          </ns3:TrackPointExtension>
        </extensions>
      </trkpt>
      <trkpt lat="48.82388466037809848785400390625" lon="-3.4688809700310230255126953125">
        <ele>19.799999237060546875</ele>
        <time>2026-07-29T08:05:12.000Z</time>
        <extensions>
          <ns3:TrackPointExtension>
            <ns3:hr>172</ns3:hr>
            <ns3:cad>82</ns3:cad>
          </ns3:TrackPointExtension>
        </extensions>
      </trkpt>
      <trkpt lat="48.8240616023540496826171875" lon="-3.46897803246974945068359375">
        <ele>17</ele>
        <time>2026-07-29T08:05:18.000Z</time>
        <extensions>
          <ns3:TrackPointExtension>
            <ns3:hr>171</ns3:hr>
            <ns3:cad>82</ns3:cad>
          </ns3:TrackPointExtension>
        </extensions>
      </trkpt>
      <trkpt lat="48.824088759720325469970703125" lon="-3.46899823285639286041259765625">
        <ele>16.799999237060546875</ele>
        <time>2026-07-29T08:05:19.000Z</time>
        <extensions>
          <ns3:TrackPointExtension>
            <ns3:hr>171</ns3:hr>
            <ns3:cad>83</ns3:cad>
          </ns3:TrackPointExtension>
        </extensions>
      </trkpt>
      <trkpt lat="48.82425782270729541778564453125" lon="-3.46909261308610439300537109375">
        <ele>15.80000019073486328125</ele>
        <time>2026-07-29T08:05:25.000Z</time>
        <extensions>
          <ns3:TrackPointExtension>
            <ns3:hr>169</ns3:hr>
            <ns3:cad>87</ns3:cad>
          </ns3:TrackPointExtension>
        </extensions>
      </trkpt>
      <trkpt lat="48.8243236206471920013427734375" lon="-3.46914592199027538299560546875">
        <ele>15.80000019073486328125</ele>
        <time>2026-07-29T08:05:27.000Z</time>
        <extensions>
          <ns3:TrackPointExtension>
            <ns3:hr>168</ns3:hr>
            <ns3:cad>87</ns3:cad>
          </ns3:TrackPointExtension>
        </extensions>
      </trkpt>
      <trkpt lat="48.8244842179119586944580078125" lon="-3.4692858159542083740234375">
        <ele>14.80000019073486328125</ele>
        <time>2026-07-29T08:05:33.000Z</time>
        <extensions>
          <ns3:TrackPointExtension>
            <ns3:hr>168</ns3:hr>
            <ns3:cad>83</ns3:cad>
          </ns3:TrackPointExtension>
        </extensions>
      </trkpt>
      <trkpt lat="48.824587650597095489501953125" lon="-3.4693986363708972930908203125">
        <ele>16.200000762939453125</ele>
        <time>2026-07-29T08:05:37.000Z</time>
        <extensions>
          <ns3:TrackPointExtension>
            <ns3:hr>167</ns3:hr>
            <ns3:cad>84</ns3:cad>
          </ns3:TrackPointExtension>
        </extensions>
      </trkpt>
      <trkpt lat="48.82475067861378192901611328125" lon="-3.46957021392881870269775390625">
        <ele>17</ele>
        <time>2026-07-29T08:05:43.000Z</time>
        <extensions>
          <ns3:TrackPointExtension>
            <ns3:hr>167</ns3:hr>
            <ns3:cad>86</ns3:cad>
          </ns3:TrackPointExtension>
        </extensions>
      </trkpt>
      <trkpt lat="48.82477867417037487030029296875" lon="-3.469599299132823944091796875">
        <ele>17.3999996185302734375</ele>
        <time>2026-07-29T08:05:44.000Z</time>
        <extensions>
          <ns3:TrackPointExtension>
            <ns3:hr>167</ns3:hr>
            <ns3:cad>85</ns3:cad>
          </ns3:TrackPointExtension>
        </extensions>
      </trkpt>
      <trkpt lat="48.8249314762651920318603515625" lon="-3.4697593934834003448486328125">
        <ele>18.6000003814697265625</ele>
        <time>2026-07-29T08:05:50.000Z</time>
        <extensions>
          <ns3:TrackPointExtension>
            <ns3:hr>166</ns3:hr>
            <ns3:cad>82</ns3:cad>
          </ns3:TrackPointExtension>
        </extensions>
      </trkpt>
      <trkpt lat="48.824988640844821929931640625" lon="-3.46980976872146129608154296875">
        <ele>18.6000003814697265625</ele>
        <time>2026-07-29T08:05:52.000Z</time>
        <extensions>
          <ns3:TrackPointExtension>
            <ns3:hr>168</ns3:hr>
            <ns3:cad>82</ns3:cad>
          </ns3:TrackPointExtension>
        </extensions>
      </trkpt>
      <trkpt lat="48.82516725920140743255615234375" lon="-3.469920493662357330322265625">
        <ele>16.6000003814697265625</ele>
        <time>2026-07-29T08:05:58.000Z</time>
        <extensions>
          <ns3:TrackPointExtension>
            <ns3:hr>171</ns3:hr>
            <ns3:cad>82</ns3:cad>
          </ns3:TrackPointExtension>
        </extensions>
      </trkpt>
      <trkpt lat="48.82529030553996562957763671875" lon="-3.46998629160225391387939453125">
        <ele>14.6000003814697265625</ele>
        <time>2026-07-29T08:06:02.000Z</time>
        <extensions>
          <ns3:TrackPointExtension>
            <ns3:hr>172</ns3:hr>
            <ns3:cad>83</ns3:cad>
          </ns3:TrackPointExtension>
        </extensions>
      </trkpt>
      <trkpt lat="48.82539843209087848663330078125" lon="-3.47013280726969242095947265625">
        <ele>14.3999996185302734375</ele>
        <time>2026-07-29T08:06:07.000Z</time>
        <extensions>
          <ns3:TrackPointExtension>
            <ns3:hr>172</ns3:hr>
            <ns3:cad>87</ns3:cad>
          </ns3:TrackPointExtension>
        </extensions>
      </trkpt>
      <trkpt lat="48.825479485094547271728515625" lon="-3.47037546336650848388671875">
        <ele>16.200000762939453125</ele>
        <time>2026-07-29T08:06:13.000Z</time>
        <extensions>
          <ns3:TrackPointExtension>
            <ns3:hr>173</ns3:hr>
            <ns3:cad>87</ns3:cad>
          </ns3:TrackPointExtension>
        </extensions>
      </trkpt>
      <trkpt lat="48.825499601662158966064453125" lon="-3.4704115055501461029052734375">
        <ele>16.200000762939453125</ele>
        <time>2026-07-29T08:06:14.000Z</time>
        <extensions>
          <ns3:TrackPointExtension>
            <ns3:hr>173</ns3:hr>
            <ns3:cad>87</ns3:cad>
          </ns3:TrackPointExtension>
        </extensions>
      </trkpt>
      <trkpt lat="48.82561468519270420074462890625" lon="-3.4706358052790164947509765625">
        <ele>17.799999237060546875</ele>
        <time>2026-07-29T08:06:20.000Z</time>
        <extensions>
          <ns3:TrackPointExtension>
            <ns3:hr>172</ns3:hr>
            <ns3:cad>85</ns3:cad>
          </ns3:TrackPointExtension>
        </extensions>
      </trkpt>
      <trkpt lat="48.8257005997002124786376953125" lon="-3.470770418643951416015625">
        <ele>18</ele>
        <time>2026-07-29T08:06:24.000Z</time>
        <extensions>
          <ns3:TrackPointExtension>
            <ns3:hr>174</ns3:hr>
            <ns3:cad>83</ns3:cad>
          </ns3:TrackPointExtension>
        </extensions>
      </trkpt>
      <trkpt lat="48.8258363865315914154052734375" lon="-3.470960520207881927490234375">
        <ele>17.799999237060546875</ele>
        <time>2026-07-29T08:06:30.000Z</time>
        <extensions>
          <ns3:TrackPointExtension>
            <ns3:hr>174</ns3:hr>
            <ns3:cad>83</ns3:cad>
          </ns3:TrackPointExtension>
        </extensions>
      </trkpt>
      <trkpt lat="48.82591299712657928466796875" lon="-3.47102933563292026519775390625">
        <ele>18</ele>
        <time>2026-07-29T08:06:33.000Z</time>
        <extensions>
          <ns3:TrackPointExtension>
            <ns3:hr>175</ns3:hr>
            <ns3:cad>83</ns3:cad>
          </ns3:TrackPointExtension>
        </extensions>
      </trkpt>
      <trkpt lat="48.82608004845678806304931640625" lon="-3.47115137614309787750244140625">
        <ele>19.200000762939453125</ele>
        <time>2026-07-29T08:06:39.000Z</time>
        <extensions>
          <ns3:TrackPointExtension>
            <ns3:hr>174</ns3:hr>
            <ns3:cad>82</ns3:cad>
          </ns3:TrackPointExtension>
        </extensions>
      </trkpt>
      <trkpt lat="48.8262021727859973907470703125" lon="-3.47119219601154327392578125">
        <ele>19.6000003814697265625</ele>
        <time>2026-07-29T08:06:43.000Z</time>
        <extensions>
          <ns3:TrackPointExtension>
            <ns3:hr>174</ns3:hr>
            <ns3:cad>82</ns3:cad>
          </ns3:TrackPointExtension>
        </extensions>
      </trkpt>
      <trkpt lat="48.826391436159610748291015625" lon="-3.47122295759618282318115234375">
        <ele>20.200000762939453125</ele>
        <time>2026-07-29T08:06:49.000Z</time>
        <extensions>
          <ns3:TrackPointExtension>
            <ns3:hr>173</ns3:hr>
            <ns3:cad>82</ns3:cad>
          </ns3:TrackPointExtension>
        </extensions>
      </trkpt>
      <trkpt lat="48.82651439867913722991943359375" lon="-3.471208624541759490966796875">
        <ele>19.799999237060546875</ele>
        <time>2026-07-29T08:06:53.000Z</time>
        <extensions>
          <ns3:TrackPointExtension>
            <ns3:hr>173</ns3:hr>
            <ns3:cad>83</ns3:cad>
          </ns3:TrackPointExtension>
        </extensions>
      </trkpt>
      <trkpt lat="48.82671690545976161956787109375" lon="-3.47120770253241062164306640625">
        <ele>19.799999237060546875</ele>
        <time>2026-07-29T08:06:59.000Z</time>
        <extensions>
          <ns3:TrackPointExtension>
            <ns3:hr>173</ns3:hr>
            <ns3:cad>85</ns3:cad>
          </ns3:TrackPointExtension>
        </extensions>
      </trkpt>
      <trkpt lat="48.826777003705501556396484375" lon="-3.471199236810207366943359375">
        <ele>19.799999237060546875</ele>
        <time>2026-07-29T08:07:01.000Z</time>
        <extensions>
          <ns3:TrackPointExtension>
            <ns3:hr>171</ns3:hr>
            <ns3:cad>85</ns3:cad>
          </ns3:TrackPointExtension>
        </extensions>
      </trkpt>
      <trkpt lat="48.82698428817093372344970703125" lon="-3.47117342054843902587890625">
        <ele>19</ele>
        <time>2026-07-29T08:07:08.000Z</time>
        <extensions>
          <ns3:TrackPointExtension>
            <ns3:hr>172</ns3:hr>
            <ns3:cad>83</ns3:cad>
          </ns3:TrackPointExtension>
        </extensions>
      </trkpt>
      <trkpt lat="48.827171623706817626953125" lon="-3.47116109915077686309814453125">
        <ele>18.6000003814697265625</ele>
        <time>2026-07-29T08:07:14.000Z</time>
        <extensions>
          <ns3:TrackPointExtension>
            <ns3:hr>172</ns3:hr>
            <ns3:cad>81</ns3:cad>
          </ns3:TrackPointExtension>
        </extensions>
      </trkpt>
      <trkpt lat="48.82723893038928508758544921875" lon="-3.4711551479995250701904296875">
        <ele>18.3999996185302734375</ele>
        <time>2026-07-29T08:07:16.000Z</time>
        <extensions>
          <ns3:TrackPointExtension>
            <ns3:hr>172</ns3:hr>
            <ns3:cad>82</ns3:cad>
          </ns3:TrackPointExtension>
        </extensions>
      </trkpt>
      <trkpt lat="48.827267177402973175048828125" lon="-3.4711551479995250701904296875">
        <ele>18.3999996185302734375</ele>
        <time>2026-07-29T08:07:17.000Z</time>
        <extensions>
          <ns3:TrackPointExtension>
            <ns3:hr>172</ns3:hr>
            <ns3:cad>83</ns3:cad>
          </ns3:TrackPointExtension>
        </extensions>
      </trkpt>
      <trkpt lat="48.8274493999779224395751953125" lon="-3.47119127400219440460205078125">
        <ele>16.3999996185302734375</ele>
        <time>2026-07-29T08:07:23.000Z</time>
        <extensions>
          <ns3:TrackPointExtension>
            <ns3:hr>171</ns3:hr>
            <ns3:cad>86</ns3:cad>
          </ns3:TrackPointExtension>
        </extensions>
      </trkpt>
      <trkpt lat="48.82753573358058929443359375" lon="-3.47127425484359264373779296875">
        <ele>16.200000762939453125</ele>
        <time>2026-07-29T08:07:27.000Z</time>
        <extensions>
          <ns3:TrackPointExtension>
            <ns3:hr>169</ns3:hr>
            <ns3:cad>88</ns3:cad>
          </ns3:TrackPointExtension>
        </extensions>
      </trkpt>
      <trkpt lat="48.82761796005070209503173828125" lon="-3.471539206802845001220703125">
        <ele>17</ele>
        <time>2026-07-29T08:07:34.000Z</time>
        <extensions>
          <ns3:TrackPointExtension>
            <ns3:hr>169</ns3:hr>
            <ns3:cad>85</ns3:cad>
          </ns3:TrackPointExtension>
        </extensions>
      </trkpt>
      <trkpt lat="48.827609159052371978759765625" lon="-3.471675328910350799560546875">
        <ele>19.3999996185302734375</ele>
        <time>2026-07-29T08:07:37.000Z</time>
        <extensions>
          <ns3:TrackPointExtension>
            <ns3:hr>172</ns3:hr>
            <ns3:cad>85</ns3:cad>
          </ns3:TrackPointExtension>
        </extensions>
      </trkpt>
      <trkpt lat="48.827603794634342193603515625" lon="-3.4718119539320468902587890625">
        <ele>21</ele>
        <time>2026-07-29T08:07:40.000Z</time>
        <extensions>
          <ns3:TrackPointExtension>
            <ns3:hr>175</ns3:hr>
            <ns3:cad>84</ns3:cad>
          </ns3:TrackPointExtension>
        </extensions>
      </trkpt>
      <trkpt lat="48.827611170709133148193359375" lon="-3.47203348763287067413330078125">
        <ele>23.6000003814697265625</ele>
        <time>2026-07-29T08:07:45.000Z</time>
        <extensions>
          <ns3:TrackPointExtension>
            <ns3:hr>178</ns3:hr>
            <ns3:cad>84</ns3:cad>
          </ns3:TrackPointExtension>
        </extensions>
      </trkpt>
      <trkpt lat="48.82764075882732868194580078125" lon="-3.47216240130364894866943359375">
        <ele>24</ele>
        <time>2026-07-29T08:07:48.000Z</time>
        <extensions>
          <ns3:TrackPointExtension>
            <ns3:hr>179</ns3:hr>
            <ns3:cad>84</ns3:cad>
          </ns3:TrackPointExtension>
        </extensions>
      </trkpt>
      <trkpt lat="48.82770412601530551910400390625" lon="-3.47244218923151493072509765625">
        <ele>24.6000003814697265625</ele>
        <time>2026-07-29T08:07:55.000Z</time>
        <extensions>
          <ns3:TrackPointExtension>
            <ns3:hr>180</ns3:hr>
            <ns3:cad>82</ns3:cad>
          </ns3:TrackPointExtension>
        </extensions>
      </trkpt>
      <trkpt lat="48.8277243264019489288330078125" lon="-3.472544364631175994873046875">
        <ele>25</ele>
        <time>2026-07-29T08:07:59.000Z</time>
        <extensions>
          <ns3:TrackPointExtension>
            <ns3:hr>180</ns3:hr>
            <ns3:cad>82</ns3:cad>
          </ns3:TrackPointExtension>
        </extensions>
      </trkpt>
      <trkpt lat="48.827794231474399566650390625" lon="-3.47267545759677886962890625">
        <ele>24.6000003814697265625</ele>
        <time>2026-07-29T08:08:03.000Z</time>
        <extensions>
          <ns3:TrackPointExtension>
            <ns3:hr>180</ns3:hr>
            <ns3:cad>81</ns3:cad>
          </ns3:TrackPointExtension>
        </extensions>
      </trkpt>
      <trkpt lat="48.8279452733695507049560546875" lon="-3.4728707559406757354736328125">
        <ele>22</ele>
        <time>2026-07-29T08:08:09.000Z</time>
        <extensions>
          <ns3:TrackPointExtension>
            <ns3:hr>179</ns3:hr>
            <ns3:cad>84</ns3:cad>
          </ns3:TrackPointExtension>
        </extensions>
      </trkpt>
      <trkpt lat="48.82811366580426692962646484375" lon="-3.473036549985408782958984375">
        <ele>18.799999237060546875</ele>
        <time>2026-07-29T08:08:15.000Z</time>
        <extensions>
          <ns3:TrackPointExtension>
            <ns3:hr>178</ns3:hr>
            <ns3:cad>87</ns3:cad>
          </ns3:TrackPointExtension>
        </extensions>
      </trkpt>
      <trkpt lat="48.828146941959857940673828125" lon="-3.47306144423782825469970703125">
        <ele>18</ele>
        <time>2026-07-29T08:08:16.000Z</time>
        <extensions>
          <ns3:TrackPointExtension>
            <ns3:hr>177</ns3:hr>
            <ns3:cad>88</ns3:cad>
          </ns3:TrackPointExtension>
        </extensions>
      </trkpt>
      <trkpt lat="48.82833243347704410552978515625" lon="-3.4731782041490077972412109375">
        <ele>14.19999980926513671875</ele>
        <time>2026-07-29T08:08:22.000Z</time>
        <extensions>
          <ns3:TrackPointExtension>
            <ns3:hr>177</ns3:hr>
            <ns3:cad>86</ns3:cad>
          </ns3:TrackPointExtension>
        </extensions>
      </trkpt>
      <trkpt lat="48.82843955419957637786865234375" lon="-3.47321080975234508514404296875">
        <ele>13.19999980926513671875</ele>
        <time>2026-07-29T08:08:25.000Z</time>
        <extensions>
          <ns3:TrackPointExtension>
            <ns3:hr>178</ns3:hr>
            <ns3:cad>87</ns3:cad>
          </ns3:TrackPointExtension>
        </extensions>
      </trkpt>
      <trkpt lat="48.8286118023097515106201171875" lon="-3.4732958860695362091064453125">
        <ele>11.6000003814697265625</ele>
        <time>2026-07-29T08:08:30.000Z</time>
        <extensions>
          <ns3:TrackPointExtension>
            <ns3:hr>178</ns3:hr>
            <ns3:cad>87</ns3:cad>
          </ns3:TrackPointExtension>
        </extensions>
      </trkpt>
      <trkpt lat="48.82868531160056591033935546875" lon="-3.47331340424716472625732421875">
        <ele>10.19999980926513671875</ele>
        <time>2026-07-29T08:08:32.000Z</time>
        <extensions>
          <ns3:TrackPointExtension>
            <ns3:hr>176</ns3:hr>
            <ns3:cad>89</ns3:cad>
          </ns3:TrackPointExtension>
        </extensions>
      </trkpt>
      <trkpt lat="48.82884004153311252593994140625" lon="-3.47330736927688121795654296875">
        <ele>8.80000019073486328125</ele>
        <time>2026-07-29T08:08:36.000Z</time>
        <extensions>
          <ns3:TrackPointExtension>
            <ns3:hr>173</ns3:hr>
            <ns3:cad>87</ns3:cad>
          </ns3:TrackPointExtension>
        </extensions>
      </trkpt>
      <trkpt lat="48.8289544545114040374755859375" lon="-3.473298735916614532470703125">
        <ele>7.80000019073486328125</ele>
        <time>2026-07-29T08:08:39.000Z</time>
        <extensions>
          <ns3:TrackPointExtension>
            <ns3:hr>172</ns3:hr>
            <ns3:cad>88</ns3:cad>
          </ns3:TrackPointExtension>
        </extensions>
      </trkpt>
      <trkpt lat="48.82914363406598567962646484375" lon="-3.47329546697437763214111328125">
        <ele>7</ele>
        <time>2026-07-29T08:08:44.000Z</time>
        <extensions>
          <ns3:TrackPointExtension>
            <ns3:hr>172</ns3:hr>
            <ns3:cad>88</ns3:cad>
          </ns3:TrackPointExtension>
        </extensions>
      </trkpt>
      <trkpt lat="48.8293282873928546905517578125" lon="-3.47328289411962032318115234375">
        <ele>6.599999904632568359375</ele>
        <time>2026-07-29T08:08:49.000Z</time>
        <extensions>
          <ns3:TrackPointExtension>
            <ns3:hr>171</ns3:hr>
            <ns3:cad>88</ns3:cad>
          </ns3:TrackPointExtension>
        </extensions>
      </trkpt>
      <trkpt lat="48.82936608977615833282470703125" lon="-3.47328088246285915374755859375">
        <ele>6.599999904632568359375</ele>
        <time>2026-07-29T08:08:50.000Z</time>
        <extensions>
          <ns3:TrackPointExtension>
            <ns3:hr>171</ns3:hr>
            <ns3:cad>88</ns3:cad>
          </ns3:TrackPointExtension>
        </extensions>
      </trkpt>
      <trkpt lat="48.82954898290336132049560546875" lon="-3.4732801280915737152099609375">
        <ele>6.599999904632568359375</ele>
        <time>2026-07-29T08:08:55.000Z</time>
        <extensions>
          <ns3:TrackPointExtension>
            <ns3:hr>171</ns3:hr>
            <ns3:cad>87</ns3:cad>
          </ns3:TrackPointExtension>
        </extensions>
      </trkpt>
      <trkpt lat="48.8297550939023494720458984375" lon="-3.4732905216515064239501953125">
        <ele>8.19999980926513671875</ele>
        <time>2026-07-29T08:09:01.000Z</time>
        <extensions>
          <ns3:TrackPointExtension>
            <ns3:hr>171</ns3:hr>
            <ns3:cad>86</ns3:cad>
          </ns3:TrackPointExtension>
        </extensions>
      </trkpt>
      <trkpt lat="48.829930610954761505126953125" lon="-3.4732291661202907562255859375">
        <ele>8.80000019073486328125</ele>
        <time>2026-07-29T08:09:06.000Z</time>
        <extensions>
          <ns3:TrackPointExtension>
            <ns3:hr>174</ns3:hr>
            <ns3:cad>87</ns3:cad>
          </ns3:TrackPointExtension>
        </extensions>
      </trkpt>
      <trkpt lat="48.8300658948719501495361328125" lon="-3.473186083137989044189453125">
        <ele>9.3999996185302734375</ele>
        <time>2026-07-29T08:09:10.000Z</time>
        <extensions>
          <ns3:TrackPointExtension>
            <ns3:hr>176</ns3:hr>
            <ns3:cad>87</ns3:cad>
          </ns3:TrackPointExtension>
        </extensions>
      </trkpt>
      <trkpt lat="48.83025147020816802978515625" lon="-3.473154567182064056396484375">
        <ele>9.19999980926513671875</ele>
        <time>2026-07-29T08:09:16.000Z</time>
        <extensions>
          <ns3:TrackPointExtension>
            <ns3:hr>178</ns3:hr>
            <ns3:cad>84</ns3:cad>
          </ns3:TrackPointExtension>
        </extensions>
      </trkpt>
      <trkpt lat="48.8302816450595855712890625" lon="-3.47315163351595401763916015625">
        <ele>9.19999980926513671875</ele>
        <time>2026-07-29T08:09:17.000Z</time>
        <extensions>
          <ns3:TrackPointExtension>
            <ns3:hr>179</ns3:hr>
            <ns3:cad>85</ns3:cad>
          </ns3:TrackPointExtension>
        </extensions>
      </trkpt>
      <trkpt lat="48.83046696893870830535888671875" lon="-3.4731430001556873321533203125">
        <ele>9.80000019073486328125</ele>
        <time>2026-07-29T08:09:23.000Z</time>
        <extensions>
          <ns3:TrackPointExtension>
            <ns3:hr>181</ns3:hr>
            <ns3:cad>82</ns3:cad>
          </ns3:TrackPointExtension>
        </extensions>
      </trkpt>
      <trkpt lat="48.83055992424488067626953125" lon="-3.47315247170627117156982421875">
        <ele>10</ele>
        <time>2026-07-29T08:09:26.000Z</time>
        <extensions>
          <ns3:TrackPointExtension>
            <ns3:hr>181</ns3:hr>
            <ns3:cad>83</ns3:cad>
          </ns3:TrackPointExtension>
        </extensions>
      </trkpt>
      <trkpt lat="48.83072630502283573150634765625" lon="-3.47326495684683322906494140625">
        <ele>10</ele>
        <time>2026-07-29T08:09:32.000Z</time>
        <extensions>
          <ns3:TrackPointExtension>
            <ns3:hr>181</ns3:hr>
            <ns3:cad>83</ns3:cad>
          </ns3:TrackPointExtension>
        </extensions>
      </trkpt>
      <trkpt lat="48.83074960671365261077880859375" lon="-3.47329513169825077056884765625">
        <ele>10</ele>
        <time>2026-07-29T08:09:33.000Z</time>
        <extensions>
          <ns3:TrackPointExtension>
            <ns3:hr>182</ns3:hr>
            <ns3:cad>82</ns3:cad>
          </ns3:TrackPointExtension>
        </extensions>
      </trkpt>
      <trkpt lat="48.83087499998509883880615234375" lon="-3.47349981777369976043701171875">
        <ele>10.3999996185302734375</ele>
        <time>2026-07-29T08:09:39.000Z</time>
        <extensions>
          <ns3:TrackPointExtension>
            <ns3:hr>181</ns3:hr>
            <ns3:cad>82</ns3:cad>
          </ns3:TrackPointExtension>
        </extensions>
      </trkpt>
      <trkpt lat="48.83093870244920253753662109375" lon="-3.4736107103526592254638671875">
        <ele>9.80000019073486328125</ele>
        <time>2026-07-29T08:09:42.000Z</time>
        <extensions>
          <ns3:TrackPointExtension>
            <ns3:hr>181</ns3:hr>
            <ns3:cad>84</ns3:cad>
          </ns3:TrackPointExtension>
        </extensions>
      </trkpt>
      <trkpt lat="48.831071220338344573974609375" lon="-3.47384867258369922637939453125">
        <ele>9.19999980926513671875</ele>
        <time>2026-07-29T08:09:48.000Z</time>
        <extensions>
          <ns3:TrackPointExtension>
            <ns3:hr>181</ns3:hr>
            <ns3:cad>85</ns3:cad>
          </ns3:TrackPointExtension>
        </extensions>
      </trkpt>
      <trkpt lat="48.83111489005386829376220703125" lon="-3.4739278815686702728271484375">
        <ele>9.19999980926513671875</ele>
        <time>2026-07-29T08:09:50.000Z</time>
        <extensions>
          <ns3:TrackPointExtension>
            <ns3:hr>181</ns3:hr>
            <ns3:cad>85</ns3:cad>
          </ns3:TrackPointExtension>
        </extensions>
      </trkpt>
      <trkpt lat="48.8312137126922607421875" lon="-3.4741887263953685760498046875">
        <ele>9</ele>
        <time>2026-07-29T08:09:56.000Z</time>
        <extensions>
          <ns3:TrackPointExtension>
            <ns3:hr>181</ns3:hr>
            <ns3:cad>86</ns3:cad>
          </ns3:TrackPointExtension>
        </extensions>
      </trkpt>
      <trkpt lat="48.83123994804918766021728515625" lon="-3.474276065826416015625">
        <ele>9.3999996185302734375</ele>
        <time>2026-07-29T08:09:58.000Z</time>
        <extensions>
          <ns3:TrackPointExtension>
            <ns3:hr>181</ns3:hr>
            <ns3:cad>86</ns3:cad>
          </ns3:TrackPointExtension>
        </extensions>
      </trkpt>
      <trkpt lat="48.831340782344341278076171875" lon="-3.47453330643475055694580078125">
        <ele>9.80000019073486328125</ele>
        <time>2026-07-29T08:10:04.000Z</time>
        <extensions>
          <ns3:TrackPointExtension>
            <ns3:hr>181</ns3:hr>
            <ns3:cad>85</ns3:cad>
          </ns3:TrackPointExtension>
        </extensions>
      </trkpt>
      <trkpt lat="48.8313768245279788970947265625" lon="-3.4746198914945125579833984375">
        <ele>10</ele>
        <time>2026-07-29T08:10:06.000Z</time>
        <extensions>
          <ns3:TrackPointExtension>
            <ns3:hr>182</ns3:hr>
            <ns3:cad>85</ns3:cad>
          </ns3:TrackPointExtension>
        </extensions>
      </trkpt>
      <trkpt lat="48.8314941711723804473876953125" lon="-3.4748498909175395965576171875">
        <ele>11</ele>
        <time>2026-07-29T08:10:12.000Z</time>
        <extensions>
          <ns3:TrackPointExtension>
            <ns3:hr>182</ns3:hr>
            <ns3:cad>84</ns3:cad>
          </ns3:TrackPointExtension>
        </extensions>
      </trkpt>
      <trkpt lat="48.83154965937137603759765625" lon="-3.47496296279132366180419921875">
        <ele>11.80000019073486328125</ele>
        <time>2026-07-29T08:10:15.000Z</time>
        <extensions>
          <ns3:TrackPointExtension>
            <ns3:hr>182</ns3:hr>
            <ns3:cad>84</ns3:cad>
          </ns3:TrackPointExtension>
        </extensions>
      </trkpt>
      <trkpt lat="48.83170229382812976837158203125" lon="-3.4751295112073421478271484375">
        <ele>12</ele>
        <time>2026-07-29T08:10:21.000Z</time>
        <extensions>
          <ns3:TrackPointExtension>
            <ns3:hr>182</ns3:hr>
            <ns3:cad>85</ns3:cad>
          </ns3:TrackPointExtension>
        </extensions>
      </trkpt>
      <trkpt lat="48.83187957108020782470703125" lon="-3.4751975722610950469970703125">
        <ele>12.19999980926513671875</ele>
        <time>2026-07-29T08:10:27.000Z</time>
        <extensions>
          <ns3:TrackPointExtension>
            <ns3:hr>182</ns3:hr>
            <ns3:cad>84</ns3:cad>
          </ns3:TrackPointExtension>
        </extensions>
      </trkpt>
      <trkpt lat="48.83200052194297313690185546875" lon="-3.47519614733755588531494140625">
        <ele>12.6000003814697265625</ele>
        <time>2026-07-29T08:10:31.000Z</time>
        <extensions>
          <ns3:TrackPointExtension>
            <ns3:hr>182</ns3:hr>
            <ns3:cad>83</ns3:cad>
          </ns3:TrackPointExtension>
        </extensions>
      </trkpt>
      <trkpt lat="48.83213664405047893524169921875" lon="-3.4752133302390575408935546875">
        <ele>11.80000019073486328125</ele>
        <time>2026-07-29T08:10:36.000Z</time>
        <extensions>
          <ns3:TrackPointExtension>
            <ns3:hr>183</ns3:hr>
            <ns3:cad>83</ns3:cad>
          </ns3:TrackPointExtension>
        </extensions>
      </trkpt>
      <trkpt lat="48.83226069621741771697998046875" lon="-3.47539094276726245880126953125">
        <ele>10.3999996185302734375</ele>
        <time>2026-07-29T08:10:42.000Z</time>
        <extensions>
          <ns3:TrackPointExtension>
            <ns3:hr>183</ns3:hr>
            <ns3:cad>82</ns3:cad>
          </ns3:TrackPointExtension>
        </extensions>
      </trkpt>
      <trkpt lat="48.832439482212066650390625" lon="-3.47553326748311519622802734375">
        <ele>8.6000003814697265625</ele>
        <time>2026-07-29T08:10:49.000Z</time>
        <extensions>
          <ns3:TrackPointExtension>
            <ns3:hr>182</ns3:hr>
            <ns3:cad>81</ns3:cad>
          </ns3:TrackPointExtension>
        </extensions>
      </trkpt>
      <trkpt lat="48.83249371312558650970458984375" lon="-3.47573745064437389373779296875">
        <ele>7.80000019073486328125</ele>
        <time>2026-07-29T08:10:54.000Z</time>
        <extensions>
          <ns3:TrackPointExtension>
            <ns3:hr>181</ns3:hr>
            <ns3:cad>83</ns3:cad>
          </ns3:TrackPointExtension>
        </extensions>
      </trkpt>
      <trkpt lat="48.83249321021139621734619140625" lon="-3.475949428975582122802734375">
        <ele>7.400000095367431640625</ele>
        <time>2026-07-29T08:10:59.000Z</time>
        <extensions>
          <ns3:TrackPointExtension>
            <ns3:hr>181</ns3:hr>
            <ns3:cad>82</ns3:cad>
          </ns3:TrackPointExtension>
        </extensions>
      </trkpt>
      <trkpt lat="48.83240151219069957733154296875" lon="-3.47618579864501953125">
        <ele>7.599999904632568359375</ele>
        <time>2026-07-29T08:11:05.000Z</time>
        <extensions>
          <ns3:TrackPointExtension>
            <ns3:hr>180</ns3:hr>
            <ns3:cad>81</ns3:cad>
          </ns3:TrackPointExtension>
        </extensions>
      </trkpt>
      <trkpt lat="48.83239924907684326171875" lon="-3.476231060922145843505859375">
        <ele>7.599999904632568359375</ele>
        <time>2026-07-29T08:11:06.000Z</time>
        <extensions>
          <ns3:TrackPointExtension>
            <ns3:hr>180</ns3:hr>
            <ns3:cad>82</ns3:cad>
          </ns3:TrackPointExtension>
        </extensions>
      </trkpt>
      <trkpt lat="48.83246362209320068359375" lon="-3.4763971902430057525634765625">
        <ele>8.6000003814697265625</ele>
        <time>2026-07-29T08:11:10.000Z</time>
        <extensions>
          <ns3:TrackPointExtension>
            <ns3:hr>179</ns3:hr>
            <ns3:cad>84</ns3:cad>
          </ns3:TrackPointExtension>
        </extensions>
      </trkpt>
      <trkpt lat="48.83258499205112457275390625" lon="-3.47651277668774127960205078125">
        <ele>10</ele>
        <time>2026-07-29T08:11:15.000Z</time>
        <extensions>
          <ns3:TrackPointExtension>
            <ns3:hr>179</ns3:hr>
            <ns3:cad>86</ns3:cad>
          </ns3:TrackPointExtension>
        </extensions>
      </trkpt>
      <trkpt lat="48.8325962238013744354248046875" lon="-3.47649903036653995513916015625">
        <ele>9.80000019073486328125</ele>
        <time>2026-07-29T08:11:16.000Z</time>
        <extensions>
          <ns3:TrackPointExtension>
            <ns3:hr>179</ns3:hr>
            <ns3:cad>86</ns3:cad>
          </ns3:TrackPointExtension>
        </extensions>
      </trkpt>
      <trkpt lat="48.8327088765799999237060546875" lon="-3.47641705535352230072021484375">
        <ele>9.6000003814697265625</ele>
        <time>2026-07-29T08:11:21.000Z</time>
        <extensions>
          <ns3:TrackPointExtension>
            <ns3:hr>178</ns3:hr>
            <ns3:cad>87</ns3:cad>
          </ns3:TrackPointExtension>
        </extensions>
      </trkpt>
      <trkpt lat="48.8328704796731472015380859375" lon="-3.47628227435052394866943359375">
        <ele>9.19999980926513671875</ele>
        <time>2026-07-29T08:11:27.000Z</time>
        <extensions>
          <ns3:TrackPointExtension>
            <ns3:hr>178</ns3:hr>
            <ns3:cad>87</ns3:cad>
          </ns3:TrackPointExtension>
        </extensions>
      </trkpt>
      <trkpt lat="48.83291465230286121368408203125" lon="-3.47622293047606945037841796875">
        <ele>9.19999980926513671875</ele>
        <time>2026-07-29T08:11:29.000Z</time>
        <extensions>
          <ns3:TrackPointExtension>
            <ns3:hr>178</ns3:hr>
            <ns3:cad>85</ns3:cad>
          </ns3:TrackPointExtension>
        </extensions>
      </trkpt>
      <trkpt lat="48.83298195898532867431640625" lon="-3.47607054747641086578369140625">
        <ele>8.3999996185302734375</ele>
        <time>2026-07-29T08:11:33.000Z</time>
        <extensions>
          <ns3:TrackPointExtension>
            <ns3:hr>179</ns3:hr>
            <ns3:cad>83</ns3:cad>
          </ns3:TrackPointExtension>
        </extensions>
      </trkpt>
      <trkpt lat="48.83310592733323574066162109375" lon="-3.4760263748466968536376953125">
        <ele>8.80000019073486328125</ele>
        <time>2026-07-29T08:11:37.000Z</time>
        <extensions>
          <ns3:TrackPointExtension>
            <ns3:hr>180</ns3:hr>
            <ns3:cad>84</ns3:cad>
          </ns3:TrackPointExtension>
        </extensions>
      </trkpt>
      <trkpt lat="48.833286724984645843505859375" lon="-3.475972227752208709716796875">
        <ele>9.6000003814697265625</ele>
        <time>2026-07-29T08:11:44.000Z</time>
        <extensions>
          <ns3:TrackPointExtension>
            <ns3:hr>181</ns3:hr>
            <ns3:cad>83</ns3:cad>
          </ns3:TrackPointExtension>
        </extensions>
      </trkpt>
      <trkpt lat="48.833459727466106414794921875" lon="-3.4758315794169902801513671875">
        <ele>9.19999980926513671875</ele>
        <time>2026-07-29T08:11:50.000Z</time>
        <extensions>
          <ns3:TrackPointExtension>
            <ns3:hr>181</ns3:hr>
            <ns3:cad>83</ns3:cad>
          </ns3:TrackPointExtension>
        </extensions>
      </trkpt>
      <trkpt lat="48.833537511527538299560546875" lon="-3.475791849195957183837890625">
        <ele>9.6000003814697265625</ele>
        <time>2026-07-29T08:11:52.000Z</time>
        <extensions>
          <ns3:TrackPointExtension>
            <ns3:hr>181</ns3:hr>
            <ns3:cad>83</ns3:cad>
          </ns3:TrackPointExtension>
        </extensions>
      </trkpt>
      <trkpt lat="48.8337242603302001953125" lon="-3.47571884281933307647705078125">
        <ele>10.3999996185302734375</ele>
        <time>2026-07-29T08:11:59.000Z</time>
        <extensions>
          <ns3:TrackPointExtension>
            <ns3:hr>181</ns3:hr>
            <ns3:cad>84</ns3:cad>
          </ns3:TrackPointExtension>
        </extensions>
      </trkpt>
      <trkpt lat="48.83374647237360477447509765625" lon="-3.47570308484137058258056640625">
        <ele>10.3999996185302734375</ele>
        <time>2026-07-29T08:12:00.000Z</time>
        <extensions>
          <ns3:TrackPointExtension>
            <ns3:hr>181</ns3:hr>
            <ns3:cad>84</ns3:cad>
          </ns3:TrackPointExtension>
        </extensions>
      </trkpt>
      <trkpt lat="48.83386063389480113983154296875" lon="-3.47563586197793483734130859375">
        <ele>10.80000019073486328125</ele>
        <time>2026-07-29T08:12:04.000Z</time>
        <extensions>
          <ns3:TrackPointExtension>
            <ns3:hr>180</ns3:hr>
            <ns3:cad>85</ns3:cad>
          </ns3:TrackPointExtension>
        </extensions>
      </trkpt>
      <trkpt lat="48.8340037129819393157958984375" lon="-3.47560216672718524932861328125">
        <ele>11.3999996185302734375</ele>
        <time>2026-07-29T08:12:09.000Z</time>
        <extensions>
          <ns3:TrackPointExtension>
            <ns3:hr>181</ns3:hr>
            <ns3:cad>85</ns3:cad>
          </ns3:TrackPointExtension>
        </extensions>
      </trkpt>
      <trkpt lat="48.834196664392948150634765625" lon="-3.47556914202868938446044921875">
        <ele>12</ele>
        <time>2026-07-29T08:12:16.000Z</time>
        <extensions>
          <ns3:TrackPointExtension>
            <ns3:hr>181</ns3:hr>
            <ns3:cad>85</ns3:cad>
          </ns3:TrackPointExtension>
        </extensions>
      </trkpt>
      <trkpt lat="48.83423178456723690032958984375" lon="-3.4755851514637470245361328125">
        <ele>12.19999980926513671875</ele>
        <time>2026-07-29T08:12:17.000Z</time>
        <extensions>
          <ns3:TrackPointExtension>
            <ns3:hr>181</ns3:hr>
            <ns3:cad>85</ns3:cad>
          </ns3:TrackPointExtension>
        </extensions>
      </trkpt>
      <trkpt lat="48.8343919627368450164794921875" lon="-3.4757311642169952392578125">
        <ele>13.6000003814697265625</ele>
        <time>2026-07-29T08:12:24.000Z</time>
        <extensions>
          <ns3:TrackPointExtension>
            <ns3:hr>183</ns3:hr>
            <ns3:cad>86</ns3:cad>
          </ns3:TrackPointExtension>
        </extensions>
      </trkpt>
      <trkpt lat="48.8345327787101268768310546875" lon="-3.4759214334189891815185546875">
        <ele>16</ele>
        <time>2026-07-29T08:12:31.000Z</time>
        <extensions>
          <ns3:TrackPointExtension>
            <ns3:hr>184</ns3:hr>
            <ns3:cad>86</ns3:cad>
          </ns3:TrackPointExtension>
        </extensions>
      </trkpt>
      <trkpt lat="48.83457091636955738067626953125" lon="-3.475987650454044342041015625">
        <ele>16.3999996185302734375</ele>
        <time>2026-07-29T08:12:33.000Z</time>
        <extensions>
          <ns3:TrackPointExtension>
            <ns3:hr>185</ns3:hr>
            <ns3:cad>86</ns3:cad>
          </ns3:TrackPointExtension>
        </extensions>
      </trkpt>
      <trkpt lat="48.83473402820527553558349609375" lon="-3.47614891827106475830078125">
        <ele>16.799999237060546875</ele>
        <time>2026-07-29T08:12:40.000Z</time>
        <extensions>
          <ns3:TrackPointExtension>
            <ns3:hr>186</ns3:hr>
            <ns3:cad>81</ns3:cad>
          </ns3:TrackPointExtension>
        </extensions>
      </trkpt>
      <trkpt lat="48.83476219139993190765380859375" lon="-3.476168699562549591064453125">
        <ele>16.6000003814697265625</ele>
        <time>2026-07-29T08:12:41.000Z</time>
        <extensions>
          <ns3:TrackPointExtension>
            <ns3:hr>186</ns3:hr>
            <ns3:cad>80</ns3:cad>
          </ns3:TrackPointExtension>
        </extensions>
      </trkpt>
      <trkpt lat="48.83493334986269474029541015625" lon="-3.47625511698424816131591796875">
        <ele>16.200000762939453125</ele>
        <time>2026-07-29T08:12:47.000Z</time>
        <extensions>
          <ns3:TrackPointExtension>
            <ns3:hr>187</ns3:hr>
            <ns3:cad>82</ns3:cad>
          </ns3:TrackPointExtension>
        </extensions>
      </trkpt>
      <trkpt lat="48.8349889218807220458984375" lon="-3.4762570448219776153564453125">
        <ele>16</ele>
        <time>2026-07-29T08:12:49.000Z</time>
        <extensions>
          <ns3:TrackPointExtension>
            <ns3:hr>187</ns3:hr>
            <ns3:cad>82</ns3:cad>
          </ns3:TrackPointExtension>
        </extensions>
      </trkpt>
      <trkpt lat="48.83517323993146419525146484375" lon="-3.4762577153742313385009765625">
        <ele>11.6000003814697265625</ele>
        <time>2026-07-29T08:12:55.000Z</time>
        <extensions>
          <ns3:TrackPointExtension>
            <ns3:hr>187</ns3:hr>
            <ns3:cad>81</ns3:cad>
          </ns3:TrackPointExtension>
        </extensions>
      </trkpt>
      <trkpt lat="48.83523677475750446319580078125" lon="-3.47629149444401264190673828125">
        <ele>11</ele>
        <time>2026-07-29T08:12:57.000Z</time>
        <extensions>
          <ns3:TrackPointExtension>
            <ns3:hr>187</ns3:hr>
            <ns3:cad>82</ns3:cad>
          </ns3:TrackPointExtension>
        </extensions>
      </trkpt>
      <trkpt lat="48.83543550968170166015625" lon="-3.47637598402798175811767578125">
        <ele>13.80000019073486328125</ele>
        <time>2026-07-29T08:13:04.000Z</time>
        <extensions>
          <ns3:TrackPointExtension>
            <ns3:hr>185</ns3:hr>
            <ns3:cad>83</ns3:cad>
          </ns3:TrackPointExtension>
        </extensions>
      </trkpt>
      <trkpt lat="48.8356291316449642181396484375" lon="-3.47644337452948093414306640625">
        <ele>12</ele>
        <time>2026-07-29T08:13:10.000Z</time>
        <extensions>
          <ns3:TrackPointExtension>
            <ns3:hr>184</ns3:hr>
            <ns3:cad>83</ns3:cad>
          </ns3:TrackPointExtension>
        </extensions>
      </trkpt>
      <trkpt lat="48.835652768611907958984375" lon="-3.4764499962329864501953125">
        <ele>12</ele>
        <time>2026-07-29T08:13:11.000Z</time>
        <extensions>
          <ns3:TrackPointExtension>
            <ns3:hr>184</ns3:hr>
            <ns3:cad>82</ns3:cad>
          </ns3:TrackPointExtension>
        </extensions>
      </trkpt>
      <trkpt lat="48.83584345690906047821044921875" lon="-3.47647908143699169158935546875">
        <ele>11</ele>
        <time>2026-07-29T08:13:17.000Z</time>
        <extensions>
          <ns3:TrackPointExtension>
            <ns3:hr>183</ns3:hr>
            <ns3:cad>84</ns3:cad>
          </ns3:TrackPointExtension>
        </extensions>
      </trkpt>
      <trkpt lat="48.8358996994793415069580078125" lon="-3.4765165485441684722900390625">
        <ele>11.19999980926513671875</ele>
        <time>2026-07-29T08:13:19.000Z</time>
        <extensions>
          <ns3:TrackPointExtension>
            <ns3:hr>183</ns3:hr>
            <ns3:cad>83</ns3:cad>
          </ns3:TrackPointExtension>
        </extensions>
      </trkpt>
      <trkpt lat="48.83607345633208751678466796875" lon="-3.47667303867638111114501953125">
        <ele>11.6000003814697265625</ele>
        <time>2026-07-29T08:13:25.000Z</time>
        <extensions>
          <ns3:TrackPointExtension>
            <ns3:hr>183</ns3:hr>
            <ns3:cad>84</ns3:cad>
          </ns3:TrackPointExtension>
        </extensions>
      </trkpt>
      <trkpt lat="48.83614805527031421661376953125" lon="-3.47678384743630886077880859375">
        <ele>12.19999980926513671875</ele>
        <time>2026-07-29T08:13:28.000Z</time>
        <extensions>
          <ns3:TrackPointExtension>
            <ns3:hr>183</ns3:hr>
            <ns3:cad>84</ns3:cad>
          </ns3:TrackPointExtension>
        </extensions>
      </trkpt>
      <trkpt lat="48.83632055483758449554443359375" lon="-3.47688426263630390167236328125">
        <ele>11.80000019073486328125</ele>
        <time>2026-07-29T08:13:34.000Z</time>
        <extensions>
          <ns3:TrackPointExtension>
            <ns3:hr>183</ns3:hr>
            <ns3:cad>84</ns3:cad>
          </ns3:TrackPointExtension>
        </extensions>
      </trkpt>
      <trkpt lat="48.8364438526332378387451171875" lon="-3.476965315639972686767578125">
        <ele>10.80000019073486328125</ele>
        <time>2026-07-29T08:13:38.000Z</time>
        <extensions>
          <ns3:TrackPointExtension>
            <ns3:hr>183</ns3:hr>
            <ns3:cad>83</ns3:cad>
          </ns3:TrackPointExtension>
        </extensions>
      </trkpt>
      <trkpt lat="48.8364783860743045806884765625" lon="-3.47704075276851654052734375">
        <ele>11.6000003814697265625</ele>
        <time>2026-07-29T08:13:40.000Z</time>
        <extensions>
          <ns3:TrackPointExtension>
            <ns3:hr>183</ns3:hr>
            <ns3:cad>83</ns3:cad>
          </ns3:TrackPointExtension>
        </extensions>
      </trkpt>
      <trkpt lat="48.836567737162113189697265625" lon="-3.47728625871241092681884765625">
        <ele>13.19999980926513671875</ele>
        <time>2026-07-29T08:13:47.000Z</time>
        <extensions>
          <ns3:TrackPointExtension>
            <ns3:hr>183</ns3:hr>
            <ns3:cad>82</ns3:cad>
          </ns3:TrackPointExtension>
        </extensions>
      </trkpt>
      <trkpt lat="48.83662573993206024169921875" lon="-3.47748323343694210052490234375">
        <ele>13.80000019073486328125</ele>
        <time>2026-07-29T08:13:53.000Z</time>
        <extensions>
          <ns3:TrackPointExtension>
            <ns3:hr>183</ns3:hr>
            <ns3:cad>80</ns3:cad>
          </ns3:TrackPointExtension>
        </extensions>
      </trkpt>
      <trkpt lat="48.83669321425259113311767578125" lon="-3.4777629375457763671875">
        <ele>14.6000003814697265625</ele>
        <time>2026-07-29T08:14:00.000Z</time>
        <extensions>
          <ns3:TrackPointExtension>
            <ns3:hr>183</ns3:hr>
            <ns3:cad>81</ns3:cad>
          </ns3:TrackPointExtension>
        </extensions>
      </trkpt>
      <trkpt lat="48.83676429279148578643798828125" lon="-3.47804800607264041900634765625">
        <ele>16</ele>
        <time>2026-07-29T08:14:07.000Z</time>
        <extensions>
          <ns3:TrackPointExtension>
            <ns3:hr>183</ns3:hr>
            <ns3:cad>82</ns3:cad>
          </ns3:TrackPointExtension>
        </extensions>
      </trkpt>
      <trkpt lat="48.83679807186126708984375" lon="-3.47818161360919475555419921875">
        <ele>15.3999996185302734375</ele>
        <time>2026-07-29T08:14:10.000Z</time>
        <extensions>
          <ns3:TrackPointExtension>
            <ns3:hr>183</ns3:hr>
            <ns3:cad>81</ns3:cad>
          </ns3:TrackPointExtension>
        </extensions>
      </trkpt>
      <trkpt lat="48.83675985038280487060546875" lon="-3.47838546149432659149169921875">
        <ele>16</ele>
        <time>2026-07-29T08:14:15.000Z</time>
        <extensions>
          <ns3:TrackPointExtension>
            <ns3:hr>183</ns3:hr>
            <ns3:cad>84</ns3:cad>
          </ns3:TrackPointExtension>
        </extensions>
      </trkpt>
      <trkpt lat="48.8366614468395709991455078125" lon="-3.47861663438379764556884765625">
        <ele>16.6000003814697265625</ele>
        <time>2026-07-29T08:14:21.000Z</time>
        <extensions>
          <ns3:TrackPointExtension>
            <ns3:hr>184</ns3:hr>
            <ns3:cad>84</ns3:cad>
          </ns3:TrackPointExtension>
        </extensions>
      </trkpt>
      <trkpt lat="48.836614005267620086669921875" lon="-3.4787915647029876708984375">
        <ele>16.6000003814697265625</ele>
        <time>2026-07-29T08:14:25.000Z</time>
        <extensions>
          <ns3:TrackPointExtension>
            <ns3:hr>184</ns3:hr>
            <ns3:cad>81</ns3:cad>
          </ns3:TrackPointExtension>
        </extensions>
      </trkpt>
      <trkpt lat="48.836554326117038726806640625" lon="-3.47908300347626209259033203125">
        <ele>15.6000003814697265625</ele>
        <time>2026-07-29T08:14:32.000Z</time>
        <extensions>
          <ns3:TrackPointExtension>
            <ns3:hr>185</ns3:hr>
            <ns3:cad>80</ns3:cad>
          </ns3:TrackPointExtension>
        </extensions>
      </trkpt>
      <trkpt lat="48.8365350477397441864013671875" lon="-3.47916900180280208587646484375">
        <ele>15.19999980926513671875</ele>
        <time>2026-07-29T08:14:34.000Z</time>
        <extensions>
          <ns3:TrackPointExtension>
            <ns3:hr>185</ns3:hr>
            <ns3:cad>80</ns3:cad>
          </ns3:TrackPointExtension>
        </extensions>
      </trkpt>
      <trkpt lat="48.83647645823657512664794921875" lon="-3.47946069203317165374755859375">
        <ele>12.80000019073486328125</ele>
        <time>2026-07-29T08:14:41.000Z</time>
        <extensions>
          <ns3:TrackPointExtension>
            <ns3:hr>184</ns3:hr>
            <ns3:cad>83</ns3:cad>
          </ns3:TrackPointExtension>
        </extensions>
      </trkpt>
      <trkpt lat="48.836439661681652069091796875" lon="-3.47963956184685230255126953125">
        <ele>11.6000003814697265625</ele>
        <time>2026-07-29T08:14:45.000Z</time>
        <extensions>
          <ns3:TrackPointExtension>
            <ns3:hr>183</ns3:hr>
            <ns3:cad>81</ns3:cad>
          </ns3:TrackPointExtension>
        </extensions>
      </trkpt>
      <trkpt lat="48.8363814912736415863037109375" lon="-3.47991465590894222259521484375">
        <ele>10</ele>
        <time>2026-07-29T08:14:52.000Z</time>
        <extensions>
          <ns3:TrackPointExtension>
            <ns3:hr>182</ns3:hr>
            <ns3:cad>82</ns3:cad>
          </ns3:TrackPointExtension>
        </extensions>
      </trkpt>
      <trkpt lat="48.83638811297714710235595703125" lon="-3.479941226541996002197265625">
        <ele>9.80000019073486328125</ele>
        <time>2026-07-29T08:14:53.000Z</time>
        <extensions>
          <ns3:TrackPointExtension>
            <ns3:hr>181</ns3:hr>
            <ns3:cad>82</ns3:cad>
          </ns3:TrackPointExtension>
        </extensions>
      </trkpt>
      <trkpt lat="48.83641158230602741241455078125" lon="-3.48022612743079662322998046875">
        <ele>8.6000003814697265625</ele>
        <time>2026-07-29T08:14:59.000Z</time>
        <extensions>
          <ns3:TrackPointExtension>
            <ns3:hr>180</ns3:hr>
            <ns3:cad>0</ns3:cad>
          </ns3:TrackPointExtension>
        </extensions>
      </trkpt>
      <trkpt lat="48.83644963614642620086669921875" lon="-3.4804818592965602874755859375">
        <ele>7.400000095367431640625</ele>
        <time>2026-07-29T08:15:05.000Z</time>
        <extensions>
          <ns3:TrackPointExtension>
            <ns3:hr>179</ns3:hr>
            <ns3:cad>85</ns3:cad>
          </ns3:TrackPointExtension>
        </extensions>
      </trkpt>
      <trkpt lat="48.8363648951053619384765625" lon="-3.48073205910623073577880859375">
        <ele>7.599999904632568359375</ele>
        <time>2026-07-29T08:15:11.000Z</time>
        <extensions>
          <ns3:TrackPointExtension>
            <ns3:hr>179</ns3:hr>
            <ns3:cad>81</ns3:cad>
          </ns3:TrackPointExtension>
        </extensions>
      </trkpt>
      <trkpt lat="48.83627931587398052215576171875" lon="-3.48097379319369792938232421875">
        <ele>8.19999980926513671875</ele>
        <time>2026-07-29T08:15:17.000Z</time>
        <extensions>
          <ns3:TrackPointExtension>
            <ns3:hr>179</ns3:hr>
            <ns3:cad>84</ns3:cad>
          </ns3:TrackPointExtension>
        </extensions>
      </trkpt>
      <trkpt lat="48.836290799081325531005859375" lon="-3.48125961609184741973876953125">
        <ele>8.3999996185302734375</ele>
        <time>2026-07-29T08:15:23.000Z</time>
        <extensions>
          <ns3:TrackPointExtension>
            <ns3:hr>179</ns3:hr>
            <ns3:cad>84</ns3:cad>
          </ns3:TrackPointExtension>
        </extensions>
      </trkpt>
      <trkpt lat="48.83630194701254367828369140625" lon="-3.48135148175060749053955078125">
        <ele>8.6000003814697265625</ele>
        <time>2026-07-29T08:15:25.000Z</time>
        <extensions>
          <ns3:TrackPointExtension>
            <ns3:hr>179</ns3:hr>
            <ns3:cad>83</ns3:cad>
          </ns3:TrackPointExtension>
        </extensions>
      </trkpt>
      <trkpt lat="48.83638291619718074798583984375" lon="-3.48161165602505207061767578125">
        <ele>9.19999980926513671875</ele>
        <time>2026-07-29T08:15:31.000Z</time>
        <extensions>
          <ns3:TrackPointExtension>
            <ns3:hr>180</ns3:hr>
            <ns3:cad>82</ns3:cad>
          </ns3:TrackPointExtension>
        </extensions>
      </trkpt>
      <trkpt lat="48.83645231835544109344482421875" lon="-3.4818222932517528533935546875">
        <ele>10.19999980926513671875</ele>
        <time>2026-07-29T08:15:36.000Z</time>
        <extensions>
          <ns3:TrackPointExtension>
            <ns3:hr>181</ns3:hr>
            <ns3:cad>83</ns3:cad>
          </ns3:TrackPointExtension>
        </extensions>
      </trkpt>
      <trkpt lat="48.836522139608860015869140625" lon="-3.48206612281501293182373046875">
        <ele>11.80000019073486328125</ele>
        <time>2026-07-29T08:15:42.000Z</time>
        <extensions>
          <ns3:TrackPointExtension>
            <ns3:hr>182</ns3:hr>
            <ns3:cad>85</ns3:cad>
          </ns3:TrackPointExtension>
        </extensions>
      </trkpt>
      <trkpt lat="48.83664661087095737457275390625" lon="-3.48216821439564228057861328125">
        <ele>12.3999996185302734375</ele>
        <time>2026-07-29T08:15:47.000Z</time>
        <extensions>
          <ns3:TrackPointExtension>
            <ns3:hr>183</ns3:hr>
            <ns3:cad>84</ns3:cad>
          </ns3:TrackPointExtension>
        </extensions>
      </trkpt>
      <trkpt lat="48.83676714263856410980224609375" lon="-3.48233602009713649749755859375">
        <ele>13.80000019073486328125</ele>
        <time>2026-07-29T08:15:53.000Z</time>
        <extensions>
          <ns3:TrackPointExtension>
            <ns3:hr>184</ns3:hr>
            <ns3:cad>83</ns3:cad>
          </ns3:TrackPointExtension>
        </extensions>
      </trkpt>
      <trkpt lat="48.83676513098180294036865234375" lon="-3.4823776781558990478515625">
        <ele>14.19999980926513671875</ele>
        <time>2026-07-29T08:15:54.000Z</time>
        <extensions>
          <ns3:TrackPointExtension>
            <ns3:hr>185</ns3:hr>
            <ns3:cad>83</ns3:cad>
          </ns3:TrackPointExtension>
        </extensions>
      </trkpt>
      <trkpt lat="48.83672322146594524383544921875" lon="-3.482486642897129058837890625">
        <ele>15</ele>
        <time>2026-07-29T08:15:57.000Z</time>
        <extensions>
          <ns3:TrackPointExtension>
            <ns3:hr>186</ns3:hr>
            <ns3:cad>83</ns3:cad>
          </ns3:TrackPointExtension>
        </extensions>
      </trkpt>
      <trkpt lat="48.8366252370178699493408203125" lon="-3.48271622322499752044677734375">
        <ele>15</ele>
        <time>2026-07-29T08:16:03.000Z</time>
        <extensions>
          <ns3:TrackPointExtension>
            <ns3:hr>187</ns3:hr>
            <ns3:cad>85</ns3:cad>
          </ns3:TrackPointExtension>
        </extensions>
      </trkpt>
      <trkpt lat="48.83659481070935726165771484375" lon="-3.4827878884971141815185546875">
        <ele>15</ele>
        <time>2026-07-29T08:16:05.000Z</time>
        <extensions>
          <ns3:TrackPointExtension>
            <ns3:hr>187</ns3:hr>
            <ns3:cad>86</ns3:cad>
          </ns3:TrackPointExtension>
        </extensions>
      </trkpt>
      <trkpt lat="48.83647595532238483428955078125" lon="-3.4830426983535289764404296875">
        <ele>15</ele>
        <time>2026-07-29T08:16:12.000Z</time>
        <extensions>
          <ns3:TrackPointExtension>
            <ns3:hr>188</ns3:hr>
            <ns3:cad>84</ns3:cad>
          </ns3:TrackPointExtension>
        </extensions>
      </trkpt>
      <trkpt lat="48.83645533584058284759521484375" lon="-3.48311729729175567626953125">
        <ele>15</ele>
        <time>2026-07-29T08:16:14.000Z</time>
        <extensions>
          <ns3:TrackPointExtension>
            <ns3:hr>188</ns3:hr>
            <ns3:cad>82</ns3:cad>
          </ns3:TrackPointExtension>
        </extensions>
      </trkpt>
      <trkpt lat="48.83636732585728168487548828125" lon="-3.48340161144733428955078125">
        <ele>14.6000003814697265625</ele>
        <time>2026-07-29T08:16:21.000Z</time>
        <extensions>
          <ns3:TrackPointExtension>
            <ns3:hr>189</ns3:hr>
            <ns3:cad>83</ns3:cad>
          </ns3:TrackPointExtension>
        </extensions>
      </trkpt>
      <trkpt lat="48.83632793091237545013427734375" lon="-3.4835254959762096405029296875">
        <ele>15</ele>
        <time>2026-07-29T08:16:24.000Z</time>
        <extensions>
          <ns3:TrackPointExtension>
            <ns3:hr>189</ns3:hr>
            <ns3:cad>83</ns3:cad>
          </ns3:TrackPointExtension>
        </extensions>
      </trkpt>
      <trkpt lat="48.8362544216215610504150390625" lon="-3.48380930721759796142578125">
        <ele>14.6000003814697265625</ele>
        <time>2026-07-29T08:16:31.000Z</time>
        <extensions>
          <ns3:TrackPointExtension>
            <ns3:hr>188</ns3:hr>
            <ns3:cad>84</ns3:cad>
          </ns3:TrackPointExtension>
        </extensions>
      </trkpt>
      <trkpt lat="48.83624880574643611907958984375" lon="-3.48384241573512554168701171875">
        <ele>14.6000003814697265625</ele>
        <time>2026-07-29T08:16:32.000Z</time>
        <extensions>
          <ns3:TrackPointExtension>
            <ns3:hr>188</ns3:hr>
            <ns3:cad>83</ns3:cad>
          </ns3:TrackPointExtension>
        </extensions>
      </trkpt>
      <trkpt lat="48.83617781102657318115234375" lon="-3.484124131500720977783203125">
        <ele>14.6000003814697265625</ele>
        <time>2026-07-29T08:16:39.000Z</time>
        <extensions>
          <ns3:TrackPointExtension>
            <ns3:hr>188</ns3:hr>
            <ns3:cad>80</ns3:cad>
          </ns3:TrackPointExtension>
        </extensions>
      </trkpt>
      <trkpt lat="48.83612592704594135284423828125" lon="-3.48423871211707592010498046875">
        <ele>14.6000003814697265625</ele>
        <time>2026-07-29T08:16:42.000Z</time>
        <extensions>
          <ns3:TrackPointExtension>
            <ns3:hr>188</ns3:hr>
            <ns3:cad>81</ns3:cad>
          </ns3:TrackPointExtension>
        </extensions>
      </trkpt>
      <trkpt lat="48.83598729036748409271240234375" lon="-3.484437949955463409423828125">
        <ele>15</ele>
        <time>2026-07-29T08:16:49.000Z</time>
        <extensions>
          <ns3:TrackPointExtension>
            <ns3:hr>188</ns3:hr>
            <ns3:cad>83</ns3:cad>
          </ns3:TrackPointExtension>
        </extensions>
      </trkpt>
      <trkpt lat="48.8359613902866840362548828125" lon="-3.4844689629971981048583984375">
        <ele>15</ele>
        <time>2026-07-29T08:16:50.000Z</time>
        <extensions>
          <ns3:TrackPointExtension>
            <ns3:hr>187</ns3:hr>
            <ns3:cad>83</ns3:cad>
          </ns3:TrackPointExtension>
        </extensions>
      </trkpt>
      <trkpt lat="48.83587866090238094329833984375" lon="-3.48462377674877643585205078125">
        <ele>14.6000003814697265625</ele>
        <time>2026-07-29T08:16:55.000Z</time>
        <extensions>
          <ns3:TrackPointExtension>
            <ns3:hr>187</ns3:hr>
            <ns3:cad>79</ns3:cad>
          </ns3:TrackPointExtension>
        </extensions>
      </trkpt>
      <trkpt lat="48.835750333964824676513671875" lon="-3.48485830239951610565185546875">
        <ele>13.80000019073486328125</ele>
        <time>2026-07-29T08:17:02.000Z</time>
        <extensions>
          <ns3:TrackPointExtension>
            <ns3:hr>186</ns3:hr>
            <ns3:cad>81</ns3:cad>
          </ns3:TrackPointExtension>
        </extensions>
      </trkpt>
      <trkpt lat="48.83564178831875324249267578125" lon="-3.485088050365447998046875">
        <ele>13.3999996185302734375</ele>
        <time>2026-07-29T08:17:08.000Z</time>
        <extensions>
          <ns3:TrackPointExtension>
            <ns3:hr>186</ns3:hr>
            <ns3:cad>82</ns3:cad>
          </ns3:TrackPointExtension>
        </extensions>
      </trkpt>
      <trkpt lat="48.8355553708970546722412109375" lon="-3.48526432178914546966552734375">
        <ele>13</ele>
        <time>2026-07-29T08:17:13.000Z</time>
        <extensions>
          <ns3:TrackPointExtension>
            <ns3:hr>186</ns3:hr>
            <ns3:cad>82</ns3:cad>
          </ns3:TrackPointExtension>
        </extensions>
      </trkpt>
      <trkpt lat="48.835459649562835693359375" lon="-3.48532819189131259918212890625">
        <ele>13.80000019073486328125</ele>
        <time>2026-07-29T08:17:17.000Z</time>
        <extensions>
          <ns3:TrackPointExtension>
            <ns3:hr>185</ns3:hr>
            <ns3:cad>84</ns3:cad>
          </ns3:TrackPointExtension>
        </extensions>
      </trkpt>
      <trkpt lat="48.8354319892823696136474609375" lon="-3.48531528376042842864990234375">
        <ele>14.19999980926513671875</ele>
        <time>2026-07-29T08:17:18.000Z</time>
        <extensions>
          <ns3:TrackPointExtension>
            <ns3:hr>185</ns3:hr>
            <ns3:cad>84</ns3:cad>
          </ns3:TrackPointExtension>
        </extensions>
      </trkpt>
      <trkpt lat="48.83523124270141124725341796875" lon="-3.4852447919547557830810546875">
        <ele>16.200000762939453125</ele>
        <time>2026-07-29T08:17:25.000Z</time>
        <extensions>
          <ns3:TrackPointExtension>
            <ns3:hr>185</ns3:hr>
            <ns3:cad>83</ns3:cad>
          </ns3:TrackPointExtension>
        </extensions>
      </trkpt>
      <trkpt lat="48.8351379521191120147705078125" lon="-3.48521344363689422607421875">
        <ele>17</ele>
        <time>2026-07-29T08:17:28.000Z</time>
        <extensions>
          <ns3:TrackPointExtension>
            <ns3:hr>185</ns3:hr>
            <ns3:cad>83</ns3:cad>
          </ns3:TrackPointExtension>
        </extensions>
      </trkpt>
      <trkpt lat="48.83493402041494846343994140625" lon="-3.48526314832270145416259765625">
        <ele>17.6000003814697265625</ele>
        <time>2026-07-29T08:17:35.000Z</time>
        <extensions>
          <ns3:TrackPointExtension>
            <ns3:hr>185</ns3:hr>
            <ns3:cad>82</ns3:cad>
          </ns3:TrackPointExtension>
        </extensions>
      </trkpt>
      <trkpt lat="48.8347423262894153594970703125" lon="-3.485375382006168365478515625">
        <ele>17.799999237060546875</ele>
        <time>2026-07-29T08:17:42.000Z</time>
        <extensions>
          <ns3:TrackPointExtension>
            <ns3:hr>186</ns3:hr>
            <ns3:cad>82</ns3:cad>
          </ns3:TrackPointExtension>
        </extensions>
      </trkpt>
      <trkpt lat="48.83471508510410785675048828125" lon="-3.485381416976451873779296875">
        <ele>17.6000003814697265625</ele>
        <time>2026-07-29T08:17:43.000Z</time>
        <extensions>
          <ns3:TrackPointExtension>
            <ns3:hr>186</ns3:hr>
            <ns3:cad>82</ns3:cad>
          </ns3:TrackPointExtension>
        </extensions>
      </trkpt>
      <trkpt lat="48.83452883921563625335693359375" lon="-3.4853333048522472381591796875">
        <ele>17.799999237060546875</ele>
        <time>2026-07-29T08:17:50.000Z</time>
        <extensions>
          <ns3:TrackPointExtension>
            <ns3:hr>186</ns3:hr>
            <ns3:cad>82</ns3:cad>
          </ns3:TrackPointExtension>
        </extensions>
      </trkpt>
      <trkpt lat="48.8343269191682338714599609375" lon="-3.485305644571781158447265625">
        <ele>17.200000762939453125</ele>
        <time>2026-07-29T08:17:57.000Z</time>
        <extensions>
          <ns3:TrackPointExtension>
            <ns3:hr>186</ns3:hr>
            <ns3:cad>81</ns3:cad>
          </ns3:TrackPointExtension>
        </extensions>
      </trkpt>
      <trkpt lat="48.83430571295320987701416015625" lon="-3.48532316274940967559814453125">
        <ele>17</ele>
        <time>2026-07-29T08:17:58.000Z</time>
        <extensions>
          <ns3:TrackPointExtension>
            <ns3:hr>186</ns3:hr>
            <ns3:cad>81</ns3:cad>
          </ns3:TrackPointExtension>
        </extensions>
      </trkpt>
      <trkpt lat="48.8341609574854373931884765625" lon="-3.48552181385457515716552734375">
        <ele>15.80000019073486328125</ele>
        <time>2026-07-29T08:18:04.000Z</time>
        <extensions>
          <ns3:TrackPointExtension>
            <ns3:hr>186</ns3:hr>
            <ns3:cad>81</ns3:cad>
          </ns3:TrackPointExtension>
        </extensions>
      </trkpt>
      <trkpt lat="48.8341217301785945892333984375" lon="-3.48559037782251834869384765625">
        <ele>15.3999996185302734375</ele>
        <time>2026-07-29T08:18:06.000Z</time>
        <extensions>
          <ns3:TrackPointExtension>
            <ns3:hr>186</ns3:hr>
            <ns3:cad>82</ns3:cad>
          </ns3:TrackPointExtension>
        </extensions>
      </trkpt>
      <trkpt lat="48.83401989005506038665771484375" lon="-3.48584376275539398193359375">
        <ele>14.19999980926513671875</ele>
        <time>2026-07-29T08:18:12.000Z</time>
        <extensions>
          <ns3:TrackPointExtension>
            <ns3:hr>185</ns3:hr>
            <ns3:cad>81</ns3:cad>
          </ns3:TrackPointExtension>
        </extensions>
      </trkpt>
      <trkpt lat="48.833939172327518463134765625" lon="-3.48608021624386310577392578125">
        <ele>13.6000003814697265625</ele>
        <time>2026-07-29T08:18:18.000Z</time>
        <extensions>
          <ns3:TrackPointExtension>
            <ns3:hr>184</ns3:hr>
            <ns3:cad>81</ns3:cad>
          </ns3:TrackPointExtension>
        </extensions>
      </trkpt>
      <trkpt lat="48.83382341824471950531005859375" lon="-3.4862901829183101654052734375">
        <ele>12.19999980926513671875</ele>
        <time>2026-07-29T08:18:24.000Z</time>
        <extensions>
          <ns3:TrackPointExtension>
            <ns3:hr>183</ns3:hr>
            <ns3:cad>81</ns3:cad>
          </ns3:TrackPointExtension>
        </extensions>
      </trkpt>
      <trkpt lat="48.8338028825819492340087890625" lon="-3.48632681183516979217529296875">
        <ele>12</ele>
        <time>2026-07-29T08:18:25.000Z</time>
        <extensions>
          <ns3:TrackPointExtension>
            <ns3:hr>183</ns3:hr>
            <ns3:cad>82</ns3:cad>
          </ns3:TrackPointExtension>
        </extensions>
      </trkpt>
      <trkpt lat="48.833754770457744598388671875" lon="-3.4864356927573680877685546875">
        <ele>11.3999996185302734375</ele>
        <time>2026-07-29T08:18:28.000Z</time>
        <extensions>
          <ns3:TrackPointExtension>
            <ns3:hr>182</ns3:hr>
            <ns3:cad>81</ns3:cad>
          </ns3:TrackPointExtension>
        </extensions>
      </trkpt>
      <trkpt lat="48.8335541076958179473876953125" lon="-3.48628900945186614990234375">
        <ele>9.3999996185302734375</ele>
        <time>2026-07-29T08:25:44.000Z</time>
        <extensions>
          <ns3:TrackPointExtension>
            <ns3:hr>124</ns3:hr>
            <ns3:cad>49</ns3:cad>
          </ns3:TrackPointExtension>
        </extensions>
      </trkpt>
      <trkpt lat="48.8335685245692729949951171875" lon="-3.48629579879343509674072265625">
        <ele>9.6000003814697265625</ele>
        <time>2026-07-29T08:25:45.000Z</time>
        <extensions>
          <ns3:TrackPointExtension>
            <ns3:hr>124</ns3:hr>
            <ns3:cad>49</ns3:cad>
          </ns3:TrackPointExtension>
        </extensions>
      </trkpt>
      <trkpt lat="48.8336795009672641754150390625" lon="-3.4863900952041149139404296875">
        <ele>10.80000019073486328125</ele>
        <time>2026-07-29T08:25:50.000Z</time>
        <extensions>
          <ns3:TrackPointExtension>
            <ns3:hr>124</ns3:hr>
            <ns3:cad>87</ns3:cad>
          </ns3:TrackPointExtension>
        </extensions>
      </trkpt>
      <trkpt lat="48.83377346210181713104248046875" lon="-3.48644482903182506561279296875">
        <ele>11.6000003814697265625</ele>
        <time>2026-07-29T08:25:54.000Z</time>
        <extensions>
          <ns3:TrackPointExtension>
            <ns3:hr>129</ns3:hr>
            <ns3:cad>85</ns3:cad>
          </ns3:TrackPointExtension>
        </extensions>
      </trkpt>
      <trkpt lat="48.83379894308745861053466796875" lon="-3.48642756231129169464111328125">
        <ele>11.80000019073486328125</ele>
        <time>2026-07-29T08:25:55.000Z</time>
        <extensions>
          <ns3:TrackPointExtension>
            <ns3:hr>130</ns3:hr>
            <ns3:cad>85</ns3:cad>
          </ns3:TrackPointExtension>
        </extensions>
      </trkpt>
      <trkpt lat="48.83383062668144702911376953125" lon="-3.48638615570962429046630859375">
        <ele>12.3999996185302734375</ele>
        <time>2026-07-29T08:25:57.000Z</time>
        <extensions>
          <ns3:TrackPointExtension>
            <ns3:hr>133</ns3:hr>
            <ns3:cad>83</ns3:cad>
          </ns3:TrackPointExtension>
        </extensions>
      </trkpt>
      <trkpt lat="48.8338571973145008087158203125" lon="-3.48633318208158016204833984375">
        <ele>12.6000003814697265625</ele>
        <time>2026-07-29T08:25:59.000Z</time>
        <extensions>
          <ns3:TrackPointExtension>
            <ns3:hr>136</ns3:hr>
            <ns3:cad>82</ns3:cad>
          </ns3:TrackPointExtension>
        </extensions>
      </trkpt>
      <trkpt lat="48.83386868052184581756591796875" lon="-3.4863062761723995208740234375">
        <ele>12.80000019073486328125</ele>
        <time>2026-07-29T08:26:00.000Z</time>
        <extensions>
          <ns3:TrackPointExtension>
            <ns3:hr>138</ns3:hr>
            <ns3:cad>83</ns3:cad>
          </ns3:TrackPointExtension>
        </extensions>
      </trkpt>
      <trkpt lat="48.83388829417526721954345703125" lon="-3.48625204525887966156005859375">
        <ele>13</ele>
        <time>2026-07-29T08:26:02.000Z</time>
        <extensions>
          <ns3:TrackPointExtension>
            <ns3:hr>141</ns3:hr>
            <ns3:cad>83</ns3:cad>
          </ns3:TrackPointExtension>
        </extensions>
      </trkpt>
      <trkpt lat="48.8339202292263507843017578125" lon="-3.48619320429861545562744140625">
        <ele>13.3999996185302734375</ele>
        <time>2026-07-29T08:26:04.000Z</time>
        <extensions>
          <ns3:TrackPointExtension>
            <ns3:hr>144</ns3:hr>
            <ns3:cad>82</ns3:cad>
          </ns3:TrackPointExtension>
        </extensions>
      </trkpt>
      <trkpt lat="48.833946548402309417724609375" lon="-3.4861349500715732574462890625">
        <ele>13.6000003814697265625</ele>
        <time>2026-07-29T08:26:06.000Z</time>
        <extensions>
          <ns3:TrackPointExtension>
            <ns3:hr>148</ns3:hr>
            <ns3:cad>82</ns3:cad>
          </ns3:TrackPointExtension>
        </extensions>
      </trkpt>
      <trkpt lat="48.833974711596965789794921875" lon="-3.48605423234403133392333984375">
        <ele>14</ele>
        <time>2026-07-29T08:26:09.000Z</time>
        <extensions>
          <ns3:TrackPointExtension>
            <ns3:hr>151</ns3:hr>
            <ns3:cad>82</ns3:cad>
          </ns3:TrackPointExtension>
        </extensions>
      </trkpt>
      <trkpt lat="48.8339956663548946380615234375" lon="-3.48599052987992763519287109375">
        <ele>14.19999980926513671875</ele>
        <time>2026-07-29T08:26:11.000Z</time>
        <extensions>
          <ns3:TrackPointExtension>
            <ns3:hr>154</ns3:hr>
            <ns3:cad>83</ns3:cad>
          </ns3:TrackPointExtension>
        </extensions>
      </trkpt>
      <trkpt lat="48.83402609266340732574462890625" lon="-3.4859243966639041900634765625">
        <ele>14.3999996185302734375</ele>
        <time>2026-07-29T08:26:13.000Z</time>
        <extensions>
          <ns3:TrackPointExtension>
            <ns3:hr>157</ns3:hr>
            <ns3:cad>83</ns3:cad>
          </ns3:TrackPointExtension>
        </extensions>
      </trkpt>
      <trkpt lat="48.8340570218861103057861328125" lon="-3.48582691513001918792724609375">
        <ele>14.6000003814697265625</ele>
        <time>2026-07-29T08:26:16.000Z</time>
        <extensions>
          <ns3:TrackPointExtension>
            <ns3:hr>160</ns3:hr>
            <ns3:cad>84</ns3:cad>
          </ns3:TrackPointExtension>
        </extensions>
      </trkpt>
      <trkpt lat="48.83409214206039905548095703125" lon="-3.4857198782265186309814453125">
        <ele>14.80000019073486328125</ele>
        <time>2026-07-29T08:26:19.000Z</time>
        <extensions>
          <ns3:TrackPointExtension>
            <ns3:hr>162</ns3:hr>
            <ns3:cad>84</ns3:cad>
          </ns3:TrackPointExtension>
        </extensions>
      </trkpt>
      <trkpt lat="48.83417730219662189483642578125" lon="-3.4855857677757740020751953125">
        <ele>15.6000003814697265625</ele>
        <time>2026-07-29T08:26:24.000Z</time>
        <extensions>
          <ns3:TrackPointExtension>
            <ns3:hr>165</ns3:hr>
            <ns3:cad>85</ns3:cad>
          </ns3:TrackPointExtension>
        </extensions>
      </trkpt>
      <trkpt lat="48.83421267382800579071044921875" lon="-3.485545702278614044189453125">
        <ele>15.80000019073486328125</ele>
        <time>2026-07-29T08:26:26.000Z</time>
        <extensions>
          <ns3:TrackPointExtension>
            <ns3:hr>166</ns3:hr>
            <ns3:cad>84</ns3:cad>
          </ns3:TrackPointExtension>
        </extensions>
      </trkpt>
      <trkpt lat="48.8342648930847644805908203125" lon="-3.48548979498445987701416015625">
        <ele>16.200000762939453125</ele>
        <time>2026-07-29T08:26:29.000Z</time>
        <extensions>
          <ns3:TrackPointExtension>
            <ns3:hr>169</ns3:hr>
            <ns3:cad>82</ns3:cad>
          </ns3:TrackPointExtension>
        </extensions>
      </trkpt>
      <trkpt lat="48.83430738933384418487548828125" lon="-3.48545040003955364227294921875">
        <ele>16.6000003814697265625</ele>
        <time>2026-07-29T08:26:31.000Z</time>
        <extensions>
          <ns3:TrackPointExtension>
            <ns3:hr>171</ns3:hr>
            <ns3:cad>82</ns3:cad>
          </ns3:TrackPointExtension>
        </extensions>
      </trkpt>
      <trkpt lat="48.83434443734586238861083984375" lon="-3.48539960570633411407470703125">
        <ele>16.799999237060546875</ele>
        <time>2026-07-29T08:26:33.000Z</time>
        <extensions>
          <ns3:TrackPointExtension>
            <ns3:hr>171</ns3:hr>
            <ns3:cad>84</ns3:cad>
          </ns3:TrackPointExtension>
        </extensions>
      </trkpt>
      <trkpt lat="48.83446463383734226226806640625" lon="-3.48532299511134624481201171875">
        <ele>17.6000003814697265625</ele>
        <time>2026-07-29T08:26:39.000Z</time>
        <extensions>
          <ns3:TrackPointExtension>
            <ns3:hr>171</ns3:hr>
            <ns3:cad>83</ns3:cad>
          </ns3:TrackPointExtension>
        </extensions>
      </trkpt>
      <trkpt lat="48.8346514664590358734130859375" lon="-3.485375382006168365478515625">
        <ele>17.6000003814697265625</ele>
        <time>2026-07-29T08:26:46.000Z</time>
        <extensions>
          <ns3:TrackPointExtension>
            <ns3:hr>172</ns3:hr>
            <ns3:cad>83</ns3:cad>
          </ns3:TrackPointExtension>
        </extensions>
      </trkpt>
      <trkpt lat="48.83467577397823333740234375" lon="-3.48538150079548358917236328125">
        <ele>17.6000003814697265625</ele>
        <time>2026-07-29T08:26:47.000Z</time>
        <extensions>
          <ns3:TrackPointExtension>
            <ns3:hr>173</ns3:hr>
            <ns3:cad>83</ns3:cad>
          </ns3:TrackPointExtension>
        </extensions>
      </trkpt>
      <trkpt lat="48.8348615169525146484375" lon="-3.48533674143254756927490234375">
        <ele>17.799999237060546875</ele>
        <time>2026-07-29T08:26:54.000Z</time>
        <extensions>
          <ns3:TrackPointExtension>
            <ns3:hr>172</ns3:hr>
            <ns3:cad>81</ns3:cad>
          </ns3:TrackPointExtension>
        </extensions>
      </trkpt>
      <trkpt lat="48.83504549972712993621826171875" lon="-3.4852530062198638916015625">
        <ele>17.200000762939453125</ele>
        <time>2026-07-29T08:27:00.000Z</time>
        <extensions>
          <ns3:TrackPointExtension>
            <ns3:hr>172</ns3:hr>
            <ns3:cad>83</ns3:cad>
          </ns3:TrackPointExtension>
        </extensions>
      </trkpt>
      <trkpt lat="48.8351369462907314300537109375" lon="-3.485239259898662567138671875">
        <ele>17</ele>
        <time>2026-07-29T08:27:03.000Z</time>
        <extensions>
          <ns3:TrackPointExtension>
            <ns3:hr>172</ns3:hr>
            <ns3:cad>83</ns3:cad>
          </ns3:TrackPointExtension>
        </extensions>
      </trkpt>
      <trkpt lat="48.835313804447650909423828125" lon="-3.485281504690647125244140625">
        <ele>15.3999996185302734375</ele>
        <time>2026-07-29T08:27:10.000Z</time>
        <extensions>
          <ns3:TrackPointExtension>
            <ns3:hr>173</ns3:hr>
            <ns3:cad>84</ns3:cad>
          </ns3:TrackPointExtension>
        </extensions>
      </trkpt>
      <trkpt lat="48.8354970328509807586669921875" lon="-3.48537177778780460357666015625">
        <ele>13.19999980926513671875</ele>
        <time>2026-07-29T08:27:17.000Z</time>
        <extensions>
          <ns3:TrackPointExtension>
            <ns3:hr>172</ns3:hr>
            <ns3:cad>81</ns3:cad>
          </ns3:TrackPointExtension>
        </extensions>
      </trkpt>
      <trkpt lat="48.83552134037017822265625" lon="-3.485367335379123687744140625">
        <ele>13</ele>
        <time>2026-07-29T08:27:18.000Z</time>
        <extensions>
          <ns3:TrackPointExtension>
            <ns3:hr>172</ns3:hr>
            <ns3:cad>81</ns3:cad>
          </ns3:TrackPointExtension>
        </extensions>
      </trkpt>
      <trkpt lat="48.83556484244763851165771484375" lon="-3.4853185527026653289794921875">
        <ele>12.80000019073486328125</ele>
        <time>2026-07-29T08:27:20.000Z</time>
        <extensions>
          <ns3:TrackPointExtension>
            <ns3:hr>172</ns3:hr>
            <ns3:cad>81</ns3:cad>
          </ns3:TrackPointExtension>
        </extensions>
      </trkpt>
      <trkpt lat="48.83559979498386383056640625" lon="-3.48524873144924640655517578125">
        <ele>12.80000019073486328125</ele>
        <time>2026-07-29T08:27:22.000Z</time>
        <extensions>
          <ns3:TrackPointExtension>
            <ns3:hr>172</ns3:hr>
            <ns3:cad>81</ns3:cad>
          </ns3:TrackPointExtension>
        </extensions>
      </trkpt>
      <trkpt lat="48.835693337023258209228515625" lon="-3.48499207757413387298583984375">
        <ele>13.6000003814697265625</ele>
        <time>2026-07-29T08:27:29.000Z</time>
        <extensions>
          <ns3:TrackPointExtension>
            <ns3:hr>171</ns3:hr>
            <ns3:cad>83</ns3:cad>
          </ns3:TrackPointExtension>
        </extensions>
      </trkpt>
      <trkpt lat="48.8357095979154109954833984375" lon="-3.48495301790535449981689453125">
        <ele>13.6000003814697265625</ele>
        <time>2026-07-29T08:27:30.000Z</time>
        <extensions>
          <ns3:TrackPointExtension>
            <ns3:hr>171</ns3:hr>
            <ns3:cad>83</ns3:cad>
          </ns3:TrackPointExtension>
        </extensions>
      </trkpt>
      <trkpt lat="48.83583088405430316925048828125" lon="-3.48472083918750286102294921875">
        <ele>14</ele>
        <time>2026-07-29T08:27:37.000Z</time>
        <extensions>
          <ns3:TrackPointExtension>
            <ns3:hr>171</ns3:hr>
            <ns3:cad>83</ns3:cad>
          </ns3:TrackPointExtension>
        </extensions>
      </trkpt>
      <trkpt lat="48.8358507491648197174072265625" lon="-3.48469016142189502716064453125">
        <ele>14.19999980926513671875</ele>
        <time>2026-07-29T08:27:38.000Z</time>
        <extensions>
          <ns3:TrackPointExtension>
            <ns3:hr>171</ns3:hr>
            <ns3:cad>83</ns3:cad>
          </ns3:TrackPointExtension>
        </extensions>
      </trkpt>
      <trkpt lat="48.8359355740249156951904296875" lon="-3.48450073041021823883056640625">
        <ele>15.19999980926513671875</ele>
        <time>2026-07-29T08:27:44.000Z</time>
        <extensions>
          <ns3:TrackPointExtension>
            <ns3:hr>172</ns3:hr>
            <ns3:cad>85</ns3:cad>
          </ns3:TrackPointExtension>
        </extensions>
      </trkpt>
      <trkpt lat="48.8360891304910182952880859375" lon="-3.4843154065310955047607421875">
        <ele>14.3999996185302734375</ele>
        <time>2026-07-29T08:27:52.000Z</time>
        <extensions>
          <ns3:TrackPointExtension>
            <ns3:hr>172</ns3:hr>
            <ns3:cad>80</ns3:cad>
          </ns3:TrackPointExtension>
        </extensions>
      </trkpt>
      <trkpt lat="48.8362151943147182464599609375" lon="-3.48408129997551441192626953125">
        <ele>14.19999980926513671875</ele>
        <time>2026-07-29T08:27:59.000Z</time>
        <extensions>
          <ns3:TrackPointExtension>
            <ns3:hr>173</ns3:hr>
            <ns3:cad>82</ns3:cad>
          </ns3:TrackPointExtension>
        </extensions>
      </trkpt>
      <trkpt lat="48.83627562783658504486083984375" lon="-3.4838134981691837310791015625">
        <ele>14.19999980926513671875</ele>
        <time>2026-07-29T08:28:06.000Z</time>
        <extensions>
          <ns3:TrackPointExtension>
            <ns3:hr>174</ns3:hr>
            <ns3:cad>83</ns3:cad>
          </ns3:TrackPointExtension>
        </extensions>
      </trkpt>
      <trkpt lat="48.83628518320620059967041015625" lon="-3.48377720452845096588134765625">
        <ele>14.3999996185302734375</ele>
        <time>2026-07-29T08:28:07.000Z</time>
        <extensions>
          <ns3:TrackPointExtension>
            <ns3:hr>175</ns3:hr>
            <ns3:cad>83</ns3:cad>
          </ns3:TrackPointExtension>
        </extensions>
      </trkpt>
      <trkpt lat="48.83634486235678195953369140625" lon="-3.4835208021104335784912109375">
        <ele>14.80000019073486328125</ele>
        <time>2026-07-29T08:28:14.000Z</time>
        <extensions>
          <ns3:TrackPointExtension>
            <ns3:hr>175</ns3:hr>
            <ns3:cad>80</ns3:cad>
          </ns3:TrackPointExtension>
        </extensions>
      </trkpt>
      <trkpt lat="48.83636766113340854644775390625" lon="-3.48344243131577968597412109375">
        <ele>14.6000003814697265625</ele>
        <time>2026-07-29T08:28:16.000Z</time>
        <extensions>
          <ns3:TrackPointExtension>
            <ns3:hr>175</ns3:hr>
            <ns3:cad>81</ns3:cad>
          </ns3:TrackPointExtension>
        </extensions>
      </trkpt>
      <trkpt lat="48.83644276298582553863525390625" lon="-3.48314956761896610260009765625">
        <ele>14.80000019073486328125</ele>
        <time>2026-07-29T08:28:23.000Z</time>
        <extensions>
          <ns3:TrackPointExtension>
            <ns3:hr>176</ns3:hr>
            <ns3:cad>83</ns3:cad>
          </ns3:TrackPointExtension>
        </extensions>
      </trkpt>
      <trkpt lat="48.83653395809233188629150390625" lon="-3.48292149603366851806640625">
        <ele>15</ele>
        <time>2026-07-29T08:28:29.000Z</time>
        <extensions>
          <ns3:TrackPointExtension>
            <ns3:hr>176</ns3:hr>
            <ns3:cad>82</ns3:cad>
          </ns3:TrackPointExtension>
        </extensions>
      </trkpt>
      <trkpt lat="48.83664610795676708221435546875" lon="-3.48268068395555019378662109375">
        <ele>15</ele>
        <time>2026-07-29T08:28:36.000Z</time>
        <extensions>
          <ns3:TrackPointExtension>
            <ns3:hr>176</ns3:hr>
            <ns3:cad>81</ns3:cad>
          </ns3:TrackPointExtension>
        </extensions>
      </trkpt>
      <trkpt lat="48.8366597704589366912841796875" lon="-3.4826403670012950897216796875">
        <ele>15</ele>
        <time>2026-07-29T08:28:37.000Z</time>
        <extensions>
          <ns3:TrackPointExtension>
            <ns3:hr>176</ns3:hr>
            <ns3:cad>82</ns3:cad>
          </ns3:TrackPointExtension>
        </extensions>
      </trkpt>
      <trkpt lat="48.83677317760884761810302734375" lon="-3.482413552701473236083984375">
        <ele>14.3999996185302734375</ele>
        <time>2026-07-29T08:28:44.000Z</time>
        <extensions>
          <ns3:TrackPointExtension>
            <ns3:hr>175</ns3:hr>
            <ns3:cad>81</ns3:cad>
          </ns3:TrackPointExtension>
        </extensions>
      </trkpt>
      <trkpt lat="48.8367940485477447509765625" lon="-3.48234322853386402130126953125">
        <ele>13.6000003814697265625</ele>
        <time>2026-07-29T08:28:46.000Z</time>
        <extensions>
          <ns3:TrackPointExtension>
            <ns3:hr>175</ns3:hr>
            <ns3:cad>81</ns3:cad>
          </ns3:TrackPointExtension>
        </extensions>
      </trkpt>
      <trkpt lat="48.83678139187395572662353515625" lon="-3.48226158879697322845458984375">
        <ele>13.19999980926513671875</ele>
        <time>2026-07-29T08:28:48.000Z</time>
        <extensions>
          <ns3:TrackPointExtension>
            <ns3:hr>175</ns3:hr>
            <ns3:cad>81</ns3:cad>
          </ns3:TrackPointExtension>
        </extensions>
      </trkpt>
      <trkpt lat="48.83669405244290828704833984375" lon="-3.4821555577218532562255859375">
        <ele>12.3999996185302734375</ele>
        <time>2026-07-29T08:28:52.000Z</time>
        <extensions>
          <ns3:TrackPointExtension>
            <ns3:hr>175</ns3:hr>
            <ns3:cad>82</ns3:cad>
          </ns3:TrackPointExtension>
        </extensions>
      </trkpt>
      <trkpt lat="48.83653261698782444000244140625" lon="-3.4819993190467357635498046875">
        <ele>11.19999980926513671875</ele>
        <time>2026-07-29T08:28:59.000Z</time>
        <extensions>
          <ns3:TrackPointExtension>
            <ns3:hr>174</ns3:hr>
            <ns3:cad>81</ns3:cad>
          </ns3:TrackPointExtension>
        </extensions>
      </trkpt>
      <trkpt lat="48.836463801562786102294921875" lon="-3.48177107982337474822998046875">
        <ele>9.80000019073486328125</ele>
        <time>2026-07-29T08:29:05.000Z</time>
        <extensions>
          <ns3:TrackPointExtension>
            <ns3:hr>174</ns3:hr>
            <ns3:cad>82</ns3:cad>
          </ns3:TrackPointExtension>
        </extensions>
      </trkpt>
      <trkpt lat="48.836383335292339324951171875" lon="-3.481586761772632598876953125">
        <ele>9</ele>
        <time>2026-07-29T08:29:10.000Z</time>
        <extensions>
          <ns3:TrackPointExtension>
            <ns3:hr>173</ns3:hr>
            <ns3:cad>81</ns3:cad>
          </ns3:TrackPointExtension>
        </extensions>
      </trkpt>
      <trkpt lat="48.8363073952496051788330078125" lon="-3.481372185051441192626953125">
        <ele>8.6000003814697265625</ele>
        <time>2026-07-29T08:29:16.000Z</time>
        <extensions>
          <ns3:TrackPointExtension>
            <ns3:hr>171</ns3:hr>
            <ns3:cad>81</ns3:cad>
          </ns3:TrackPointExtension>
        </extensions>
      </trkpt>
      <trkpt lat="48.83628669194877147674560546875" lon="-3.4810729511082172393798828125">
        <ele>8.19999980926513671875</ele>
        <time>2026-07-29T08:29:23.000Z</time>
        <extensions>
          <ns3:TrackPointExtension>
            <ns3:hr>170</ns3:hr>
            <ns3:cad>81</ns3:cad>
          </ns3:TrackPointExtension>
        </extensions>
      </trkpt>
      <trkpt lat="48.836306221783161163330078125" lon="-3.48077799193561077117919921875">
        <ele>8</ele>
        <time>2026-07-29T08:29:30.000Z</time>
        <extensions>
          <ns3:TrackPointExtension>
            <ns3:hr>170</ns3:hr>
            <ns3:cad>82</ns3:cad>
          </ns3:TrackPointExtension>
        </extensions>
      </trkpt>
      <trkpt lat="48.836430273950099945068359375" lon="-3.48060817457735538482666015625">
        <ele>7.400000095367431640625</ele>
        <time>2026-07-29T08:29:36.000Z</time>
        <extensions>
          <ns3:TrackPointExtension>
            <ns3:hr>171</ns3:hr>
            <ns3:cad>84</ns3:cad>
          </ns3:TrackPointExtension>
        </extensions>
      </trkpt>
      <trkpt lat="48.8364649750292301177978515625" lon="-3.4803826175630092620849609375">
        <ele>7.80000019073486328125</ele>
        <time>2026-07-29T08:29:42.000Z</time>
        <extensions>
          <ns3:TrackPointExtension>
            <ns3:hr>172</ns3:hr>
            <ns3:cad>83</ns3:cad>
          </ns3:TrackPointExtension>
        </extensions>
      </trkpt>
      <trkpt lat="48.83645734749734401702880859375" lon="-3.48034246824681758880615234375">
        <ele>8</ele>
        <time>2026-07-29T08:29:43.000Z</time>
        <extensions>
          <ns3:TrackPointExtension>
            <ns3:hr>172</ns3:hr>
            <ns3:cad>81</ns3:cad>
          </ns3:TrackPointExtension>
        </extensions>
      </trkpt>
      <trkpt lat="48.8364234007894992828369140625" lon="-3.48023367114365100860595703125">
        <ele>8.6000003814697265625</ele>
        <time>2026-07-29T08:29:46.000Z</time>
        <extensions>
          <ns3:TrackPointExtension>
            <ns3:hr>172</ns3:hr>
            <ns3:cad>80</ns3:cad>
          </ns3:TrackPointExtension>
        </extensions>
      </trkpt>
      <trkpt lat="48.8364063017070293426513671875" lon="-3.48002328537404537200927734375">
        <ele>9.19999980926513671875</ele>
        <time>2026-07-29T08:29:51.000Z</time>
        <extensions>
          <ns3:TrackPointExtension>
            <ns3:hr>173</ns3:hr>
            <ns3:cad>82</ns3:cad>
          </ns3:TrackPointExtension>
        </extensions>
      </trkpt>
      <trkpt lat="48.8363828323781490325927734375" lon="-3.4799457527697086334228515625">
        <ele>9.80000019073486328125</ele>
        <time>2026-07-29T08:29:53.000Z</time>
        <extensions>
          <ns3:TrackPointExtension>
            <ns3:hr>173</ns3:hr>
            <ns3:cad>83</ns3:cad>
          </ns3:TrackPointExtension>
        </extensions>
      </trkpt>
      <trkpt lat="48.83637704886496067047119140625" lon="-3.4798163361847400665283203125">
        <ele>10.6000003814697265625</ele>
        <time>2026-07-29T08:29:57.000Z</time>
        <extensions>
          <ns3:TrackPointExtension>
            <ns3:hr>175</ns3:hr>
            <ns3:cad>84</ns3:cad>
          </ns3:TrackPointExtension>
        </extensions>
      </trkpt>
      <trkpt lat="48.8363902084529399871826171875" lon="-3.47978976555168628692626953125">
        <ele>10.80000019073486328125</ele>
        <time>2026-07-29T08:29:58.000Z</time>
        <extensions>
          <ns3:TrackPointExtension>
            <ns3:hr>175</ns3:hr>
            <ns3:cad>84</ns3:cad>
          </ns3:TrackPointExtension>
        </extensions>
      </trkpt>
      <trkpt lat="48.83646505884826183319091796875" lon="-3.479552306234836578369140625">
        <ele>12.19999980926513671875</ele>
        <time>2026-07-29T08:30:05.000Z</time>
        <extensions>
          <ns3:TrackPointExtension>
            <ns3:hr>177</ns3:hr>
            <ns3:cad>83</ns3:cad>
          </ns3:TrackPointExtension>
        </extensions>
      </trkpt>
      <trkpt lat="48.83651669137179851531982421875" lon="-3.47928986884653568267822265625">
        <ele>14.19999980926513671875</ele>
        <time>2026-07-29T08:30:12.000Z</time>
        <extensions>
          <ns3:TrackPointExtension>
            <ns3:hr>179</ns3:hr>
            <ns3:cad>84</ns3:cad>
          </ns3:TrackPointExtension>
        </extensions>
      </trkpt>
      <trkpt lat="48.83652524091303348541259765625" lon="-3.47925248555839061737060546875">
        <ele>14.3999996185302734375</ele>
        <time>2026-07-29T08:30:13.000Z</time>
        <extensions>
          <ns3:TrackPointExtension>
            <ns3:hr>179</ns3:hr>
            <ns3:cad>84</ns3:cad>
          </ns3:TrackPointExtension>
        </extensions>
      </trkpt>
      <trkpt lat="48.836581818759441375732421875" lon="-3.4789878688752651214599609375">
        <ele>16.200000762939453125</ele>
        <time>2026-07-29T08:30:20.000Z</time>
        <extensions>
          <ns3:TrackPointExtension>
            <ns3:hr>181</ns3:hr>
            <ns3:cad>83</ns3:cad>
          </ns3:TrackPointExtension>
        </extensions>
      </trkpt>
      <trkpt lat="48.83659766055643558502197265625" lon="-3.4789147786796092987060546875">
        <ele>16.799999237060546875</ele>
        <time>2026-07-29T08:30:22.000Z</time>
        <extensions>
          <ns3:TrackPointExtension>
            <ns3:hr>182</ns3:hr>
            <ns3:cad>84</ns3:cad>
          </ns3:TrackPointExtension>
        </extensions>
      </trkpt>
      <trkpt lat="48.836642839014530181884765625" lon="-3.47863524220883846282958984375">
        <ele>16.799999237060546875</ele>
        <time>2026-07-29T08:30:29.000Z</time>
        <extensions>
          <ns3:TrackPointExtension>
            <ns3:hr>183</ns3:hr>
            <ns3:cad>83</ns3:cad>
          </ns3:TrackPointExtension>
        </extensions>
      </trkpt>
      <trkpt lat="48.8366688229143619537353515625" lon="-3.4785704500973224639892578125">
        <ele>16.6000003814697265625</ele>
        <time>2026-07-29T08:30:31.000Z</time>
        <extensions>
          <ns3:TrackPointExtension>
            <ns3:hr>183</ns3:hr>
            <ns3:cad>83</ns3:cad>
          </ns3:TrackPointExtension>
        </extensions>
      </trkpt>
      <trkpt lat="48.83676177822053432464599609375" lon="-3.47837515175342559814453125">
        <ele>16</ele>
        <time>2026-07-29T08:30:37.000Z</time>
        <extensions>
          <ns3:TrackPointExtension>
            <ns3:hr>183</ns3:hr>
            <ns3:cad>82</ns3:cad>
          </ns3:TrackPointExtension>
        </extensions>
      </trkpt>
      <trkpt lat="48.836809806525707244873046875" lon="-3.47814557142555713653564453125">
        <ele>15.19999980926513671875</ele>
        <time>2026-07-29T08:30:43.000Z</time>
        <extensions>
          <ns3:TrackPointExtension>
            <ns3:hr>184</ns3:hr>
            <ns3:cad>81</ns3:cad>
          </ns3:TrackPointExtension>
        </extensions>
      </trkpt>
      <trkpt lat="48.83675406686961650848388671875" lon="-3.47792060114443302154541015625">
        <ele>15.19999980926513671875</ele>
        <time>2026-07-29T08:30:49.000Z</time>
        <extensions>
          <ns3:TrackPointExtension>
            <ns3:hr>184</ns3:hr>
            <ns3:cad>81</ns3:cad>
          </ns3:TrackPointExtension>
        </extensions>
      </trkpt>
      <trkpt lat="48.83668533526360988616943359375" lon="-3.477659337222576141357421875">
        <ele>14</ele>
        <time>2026-07-29T08:30:56.000Z</time>
        <extensions>
          <ns3:TrackPointExtension>
            <ns3:hr>183</ns3:hr>
            <ns3:cad>81</ns3:cad>
          </ns3:TrackPointExtension>
        </extensions>
      </trkpt>
      <trkpt lat="48.83667527697980403900146484375" lon="-3.4776202775537967681884765625">
        <ele>13.80000019073486328125</ele>
        <time>2026-07-29T08:30:57.000Z</time>
        <extensions>
          <ns3:TrackPointExtension>
            <ns3:hr>183</ns3:hr>
            <ns3:cad>81</ns3:cad>
          </ns3:TrackPointExtension>
        </extensions>
      </trkpt>
      <trkpt lat="48.83658894337713718414306640625" lon="-3.47734644077718257904052734375">
        <ele>13.3999996185302734375</ele>
        <time>2026-07-29T08:31:04.000Z</time>
        <extensions>
          <ns3:TrackPointExtension>
            <ns3:hr>182</ns3:hr>
            <ns3:cad>82</ns3:cad>
          </ns3:TrackPointExtension>
        </extensions>
      </trkpt>
      <trkpt lat="48.83656379766762256622314453125" lon="-3.4772658906877040863037109375">
        <ele>13.19999980926513671875</ele>
        <time>2026-07-29T08:31:06.000Z</time>
        <extensions>
          <ns3:TrackPointExtension>
            <ns3:hr>181</ns3:hr>
            <ns3:cad>85</ns3:cad>
          </ns3:TrackPointExtension>
        </extensions>
      </trkpt>
      <trkpt lat="48.83648383431136608123779296875" lon="-3.47708408720791339874267578125">
        <ele>12</ele>
        <time>2026-07-29T08:31:11.000Z</time>
        <extensions>
          <ns3:TrackPointExtension>
            <ns3:hr>181</ns3:hr>
            <ns3:cad>84</ns3:cad>
          </ns3:TrackPointExtension>
        </extensions>
      </trkpt>
      <trkpt lat="48.83646480739116668701171875" lon="-3.47702600061893463134765625">
        <ele>11.3999996185302734375</ele>
        <time>2026-07-29T08:31:19.000Z</time>
        <extensions>
          <ns3:TrackPointExtension>
            <ns3:hr>179</ns3:hr>
            <ns3:cad>0</ns3:cad>
          </ns3:TrackPointExtension>
        </extensions>
      </trkpt>
      <trkpt lat="48.83640085346996784210205078125" lon="-3.47693757154047489166259765625">
        <ele>11.19999980926513671875</ele>
        <time>2026-07-29T08:31:23.000Z</time>
        <extensions>
          <ns3:TrackPointExtension>
            <ns3:hr>177</ns3:hr>
            <ns3:cad>0</ns3:cad>
          </ns3:TrackPointExtension>
        </extensions>
      </trkpt>
      <trkpt lat="48.83629524149000644683837890625" lon="-3.4768695943057537078857421875">
        <ele>12</ele>
        <time>2026-07-29T08:31:27.000Z</time>
        <extensions>
          <ns3:TrackPointExtension>
            <ns3:hr>174</ns3:hr>
            <ns3:cad>84</ns3:cad>
          </ns3:TrackPointExtension>
        </extensions>
      </trkpt>
      <trkpt lat="48.8362093269824981689453125" lon="-3.47684268839657306671142578125">
        <ele>12.6000003814697265625</ele>
        <time>2026-07-29T08:31:30.000Z</time>
        <extensions>
          <ns3:TrackPointExtension>
            <ns3:hr>174</ns3:hr>
            <ns3:cad>84</ns3:cad>
          </ns3:TrackPointExtension>
        </extensions>
      </trkpt>
      <trkpt lat="48.83608921431005001068115234375" lon="-3.47671561874449253082275390625">
        <ele>11.80000019073486328125</ele>
        <time>2026-07-29T08:31:35.000Z</time>
        <extensions>
          <ns3:TrackPointExtension>
            <ns3:hr>173</ns3:hr>
            <ns3:cad>84</ns3:cad>
          </ns3:TrackPointExtension>
        </extensions>
      </trkpt>
      <trkpt lat="48.83594839833676815032958984375" lon="-3.47654378972947597503662109375">
        <ele>11.19999980926513671875</ele>
        <time>2026-07-29T08:31:41.000Z</time>
        <extensions>
          <ns3:TrackPointExtension>
            <ns3:hr>174</ns3:hr>
            <ns3:cad>85</ns3:cad>
          </ns3:TrackPointExtension>
        </extensions>
      </trkpt>
      <trkpt lat="48.83589492179453372955322265625" lon="-3.47650288604199886322021484375">
        <ele>11</ele>
        <time>2026-07-29T08:31:43.000Z</time>
        <extensions>
          <ns3:TrackPointExtension>
            <ns3:hr>174</ns3:hr>
            <ns3:cad>85</ns3:cad>
          </ns3:TrackPointExtension>
        </extensions>
      </trkpt>
      <trkpt lat="48.83571487851440906524658203125" lon="-3.476436249911785125732421875">
        <ele>11.3999996185302734375</ele>
        <time>2026-07-29T08:31:50.000Z</time>
        <extensions>
          <ns3:TrackPointExtension>
            <ns3:hr>174</ns3:hr>
            <ns3:cad>82</ns3:cad>
          </ns3:TrackPointExtension>
        </extensions>
      </trkpt>
      <trkpt lat="48.8356876373291015625" lon="-3.476435244083404541015625">
        <ele>11.3999996185302734375</ele>
        <time>2026-07-29T08:31:51.000Z</time>
        <extensions>
          <ns3:TrackPointExtension>
            <ns3:hr>174</ns3:hr>
            <ns3:cad>82</ns3:cad>
          </ns3:TrackPointExtension>
        </extensions>
      </trkpt>
      <trkpt lat="48.8354913331568241119384765625" lon="-3.47638553939759731292724609375">
        <ele>13.3999996185302734375</ele>
        <time>2026-07-29T08:31:58.000Z</time>
        <extensions>
          <ns3:TrackPointExtension>
            <ns3:hr>175</ns3:hr>
            <ns3:cad>83</ns3:cad>
          </ns3:TrackPointExtension>
        </extensions>
      </trkpt>
      <trkpt lat="48.83543626405298709869384765625" lon="-3.47636106424033641815185546875">
        <ele>13.19999980926513671875</ele>
        <time>2026-07-29T08:32:00.000Z</time>
        <extensions>
          <ns3:TrackPointExtension>
            <ns3:hr>175</ns3:hr>
            <ns3:cad>83</ns3:cad>
          </ns3:TrackPointExtension>
        </extensions>
      </trkpt>
      <trkpt lat="48.835282623767852783203125" lon="-3.47631194628775119781494140625">
        <ele>11.80000019073486328125</ele>
        <time>2026-07-29T08:32:06.000Z</time>
        <extensions>
          <ns3:TrackPointExtension>
            <ns3:hr>176</ns3:hr>
            <ns3:cad>84</ns3:cad>
          </ns3:TrackPointExtension>
        </extensions>
      </trkpt>
      <trkpt lat="48.8351288996636867523193359375" lon="-3.47623751498758792877197265625">
        <ele>13.6000003814697265625</ele>
        <time>2026-07-29T08:32:12.000Z</time>
        <extensions>
          <ns3:TrackPointExtension>
            <ns3:hr>177</ns3:hr>
            <ns3:cad>84</ns3:cad>
          </ns3:TrackPointExtension>
        </extensions>
      </trkpt>
      <trkpt lat="48.83510316722095012664794921875" lon="-3.476244471967220306396484375">
        <ele>15</ele>
        <time>2026-07-29T08:32:13.000Z</time>
        <extensions>
          <ns3:TrackPointExtension>
            <ns3:hr>177</ns3:hr>
            <ns3:cad>84</ns3:cad>
          </ns3:TrackPointExtension>
        </extensions>
      </trkpt>
      <trkpt lat="48.83494198322296142578125" lon="-3.4762245230376720428466796875">
        <ele>16</ele>
        <time>2026-07-29T08:32:20.000Z</time>
        <extensions>
          <ns3:TrackPointExtension>
            <ns3:hr>178</ns3:hr>
            <ns3:cad>82</ns3:cad>
          </ns3:TrackPointExtension>
        </extensions>
      </trkpt>
      <trkpt lat="48.83476135320961475372314453125" lon="-3.47615587525069713592529296875">
        <ele>16.6000003814697265625</ele>
        <time>2026-07-29T08:32:27.000Z</time>
        <extensions>
          <ns3:TrackPointExtension>
            <ns3:hr>179</ns3:hr>
            <ns3:cad>84</ns3:cad>
          </ns3:TrackPointExtension>
        </extensions>
      </trkpt>
      <trkpt lat="48.83473654277622699737548828125" lon="-3.47614011727273464202880859375">
        <ele>16.6000003814697265625</ele>
        <time>2026-07-29T08:32:28.000Z</time>
        <extensions>
          <ns3:TrackPointExtension>
            <ns3:hr>180</ns3:hr>
            <ns3:cad>84</ns3:cad>
          </ns3:TrackPointExtension>
        </extensions>
      </trkpt>
      <trkpt lat="48.834569156169891357421875" lon="-3.47599309869110584259033203125">
        <ele>16.3999996185302734375</ele>
        <time>2026-07-29T08:32:35.000Z</time>
        <extensions>
          <ns3:TrackPointExtension>
            <ns3:hr>181</ns3:hr>
            <ns3:cad>84</ns3:cad>
          </ns3:TrackPointExtension>
        </extensions>
      </trkpt>
      <trkpt lat="48.83455314673483371734619140625" lon="-3.4759636782109737396240234375">
        <ele>16.3999996185302734375</ele>
        <time>2026-07-29T08:32:36.000Z</time>
        <extensions>
          <ns3:TrackPointExtension>
            <ns3:hr>181</ns3:hr>
            <ns3:cad>83</ns3:cad>
          </ns3:TrackPointExtension>
        </extensions>
      </trkpt>
      <trkpt lat="48.8344231434166431427001953125" lon="-3.47577148117125034332275390625">
        <ele>14.19999980926513671875</ele>
        <time>2026-07-29T08:32:43.000Z</time>
        <extensions>
          <ns3:TrackPointExtension>
            <ns3:hr>181</ns3:hr>
            <ns3:cad>82</ns3:cad>
          </ns3:TrackPointExtension>
        </extensions>
      </trkpt>
      <trkpt lat="48.83433639071881771087646484375" lon="-3.47566704265773296356201171875">
        <ele>13</ele>
        <time>2026-07-29T08:32:47.000Z</time>
        <extensions>
          <ns3:TrackPointExtension>
            <ns3:hr>181</ns3:hr>
            <ns3:cad>83</ns3:cad>
          </ns3:TrackPointExtension>
        </extensions>
      </trkpt>
      <trkpt lat="48.834182582795619964599609375" lon="-3.4755527973175048828125">
        <ele>11.80000019073486328125</ele>
        <time>2026-07-29T08:32:54.000Z</time>
        <extensions>
          <ns3:TrackPointExtension>
            <ns3:hr>179</ns3:hr>
            <ns3:cad>82</ns3:cad>
          </ns3:TrackPointExtension>
        </extensions>
      </trkpt>
      <trkpt lat="48.83399290032684803009033203125" lon="-3.47557366825640201568603515625">
        <ele>11.19999980926513671875</ele>
        <time>2026-07-29T08:33:01.000Z</time>
        <extensions>
          <ns3:TrackPointExtension>
            <ns3:hr>177</ns3:hr>
            <ns3:cad>82</ns3:cad>
          </ns3:TrackPointExtension>
        </extensions>
      </trkpt>
      <trkpt lat="48.83380179293453693389892578125" lon="-3.47565002739429473876953125">
        <ele>10.3999996185302734375</ele>
        <time>2026-07-29T08:33:08.000Z</time>
        <extensions>
          <ns3:TrackPointExtension>
            <ns3:hr>176</ns3:hr>
            <ns3:cad>85</ns3:cad>
          </ns3:TrackPointExtension>
        </extensions>
      </trkpt>
      <trkpt lat="48.83374982513487339019775390625" lon="-3.4756817109882831573486328125">
        <ele>10.19999980926513671875</ele>
        <time>2026-07-29T08:33:10.000Z</time>
        <extensions>
          <ns3:TrackPointExtension>
            <ns3:hr>176</ns3:hr>
            <ns3:cad>84</ns3:cad>
          </ns3:TrackPointExtension>
        </extensions>
      </trkpt>
      <trkpt lat="48.8336137868463993072509765625" lon="-3.475740887224674224853515625">
        <ele>9.80000019073486328125</ele>
        <time>2026-07-29T08:33:16.000Z</time>
        <extensions>
          <ns3:TrackPointExtension>
            <ns3:hr>175</ns3:hr>
            <ns3:cad>81</ns3:cad>
          </ns3:TrackPointExtension>
        </extensions>
      </trkpt>
      <trkpt lat="48.83342360146343708038330078125" lon="-3.47585462965071201324462890625">
        <ele>9.19999980926513671875</ele>
        <time>2026-07-29T08:33:23.000Z</time>
        <extensions>
          <ns3:TrackPointExtension>
            <ns3:hr>174</ns3:hr>
            <ns3:cad>85</ns3:cad>
          </ns3:TrackPointExtension>
        </extensions>
      </trkpt>
      <trkpt lat="48.83329602889716625213623046875" lon="-3.475957810878753662109375">
        <ele>9.3999996185302734375</ele>
        <time>2026-07-29T08:33:29.000Z</time>
        <extensions>
          <ns3:TrackPointExtension>
            <ns3:hr>174</ns3:hr>
            <ns3:cad>83</ns3:cad>
          </ns3:TrackPointExtension>
        </extensions>
      </trkpt>
      <trkpt lat="48.83313559927046298980712890625" lon="-3.4760401211678981781005859375">
        <ele>9.19999980926513671875</ele>
        <time>2026-07-29T08:33:36.000Z</time>
        <extensions>
          <ns3:TrackPointExtension>
            <ns3:hr>174</ns3:hr>
            <ns3:cad>83</ns3:cad>
          </ns3:TrackPointExtension>
        </extensions>
      </trkpt>
      <trkpt lat="48.8330052606761455535888671875" lon="-3.4761179052293300628662109375">
        <ele>9</ele>
        <time>2026-07-29T08:33:40.000Z</time>
        <extensions>
          <ns3:TrackPointExtension>
            <ns3:hr>174</ns3:hr>
            <ns3:cad>83</ns3:cad>
          </ns3:TrackPointExtension>
        </extensions>
      </trkpt>
      <trkpt lat="48.83285882882773876190185546875" lon="-3.47629618830978870391845703125">
        <ele>9.3999996185302734375</ele>
        <time>2026-07-29T08:33:46.000Z</time>
        <extensions>
          <ns3:TrackPointExtension>
            <ns3:hr>174</ns3:hr>
            <ns3:cad>82</ns3:cad>
          </ns3:TrackPointExtension>
        </extensions>
      </trkpt>
      <trkpt lat="48.83268901146948337554931640625" lon="-3.4764136187732219696044921875">
        <ele>9.6000003814697265625</ele>
        <time>2026-07-29T08:33:52.000Z</time>
        <extensions>
          <ns3:TrackPointExtension>
            <ns3:hr>175</ns3:hr>
            <ns3:cad>81</ns3:cad>
          </ns3:TrackPointExtension>
        </extensions>
      </trkpt>
      <trkpt lat="48.8326607644557952880859375" lon="-3.4764317236840724945068359375">
        <ele>9.6000003814697265625</ele>
        <time>2026-07-29T08:33:53.000Z</time>
        <extensions>
          <ns3:TrackPointExtension>
            <ns3:hr>175</ns3:hr>
            <ns3:cad>81</ns3:cad>
          </ns3:TrackPointExtension>
        </extensions>
      </trkpt>
      <trkpt lat="48.83248767815530300140380859375" lon="-3.476429879665374755859375">
        <ele>9</ele>
        <time>2026-07-29T08:33:59.000Z</time>
        <extensions>
          <ns3:TrackPointExtension>
            <ns3:hr>174</ns3:hr>
            <ns3:cad>86</ns3:cad>
          </ns3:TrackPointExtension>
        </extensions>
      </trkpt>
      <trkpt lat="48.83239329792559146881103515625" lon="-3.47626266069710254669189453125">
        <ele>7.80000019073486328125</ele>
        <time>2026-07-29T08:34:04.000Z</time>
        <extensions>
          <ns3:TrackPointExtension>
            <ns3:hr>175</ns3:hr>
            <ns3:cad>85</ns3:cad>
          </ns3:TrackPointExtension>
        </extensions>
      </trkpt>
      <trkpt lat="48.832424394786357879638671875" lon="-3.47610088996589183807373046875">
        <ele>7.599999904632568359375</ele>
        <time>2026-07-29T08:34:08.000Z</time>
        <extensions>
          <ns3:TrackPointExtension>
            <ns3:hr>175</ns3:hr>
            <ns3:cad>85</ns3:cad>
          </ns3:TrackPointExtension>
        </extensions>
      </trkpt>
      <trkpt lat="48.83250276558101177215576171875" lon="-3.475820682942867279052734375">
        <ele>7.599999904632568359375</ele>
        <time>2026-07-29T08:34:15.000Z</time>
        <extensions>
          <ns3:TrackPointExtension>
            <ns3:hr>176</ns3:hr>
            <ns3:cad>83</ns3:cad>
          </ns3:TrackPointExtension>
        </extensions>
      </trkpt>
      <trkpt lat="48.8324976526200771331787109375" lon="-3.47577667795121669769287109375">
        <ele>7.599999904632568359375</ele>
        <time>2026-07-29T08:34:16.000Z</time>
        <extensions>
          <ns3:TrackPointExtension>
            <ns3:hr>176</ns3:hr>
            <ns3:cad>84</ns3:cad>
          </ns3:TrackPointExtension>
        </extensions>
      </trkpt>
      <trkpt lat="48.832434453070163726806640625" lon="-3.47549571655690670013427734375">
        <ele>8.6000003814697265625</ele>
        <time>2026-07-29T08:34:23.000Z</time>
        <extensions>
          <ns3:TrackPointExtension>
            <ns3:hr>177</ns3:hr>
            <ns3:cad>84</ns3:cad>
          </ns3:TrackPointExtension>
        </extensions>
      </trkpt>
      <trkpt lat="48.83231618441641330718994140625" lon="-3.47540351562201976776123046875">
        <ele>10</ele>
        <time>2026-07-29T08:34:28.000Z</time>
        <extensions>
          <ns3:TrackPointExtension>
            <ns3:hr>179</ns3:hr>
            <ns3:cad>85</ns3:cad>
          </ns3:TrackPointExtension>
        </extensions>
      </trkpt>
      <trkpt lat="48.83215977810323238372802734375" lon="-3.47523638047277927398681640625">
        <ele>11.6000003814697265625</ele>
        <time>2026-07-29T08:34:35.000Z</time>
        <extensions>
          <ns3:TrackPointExtension>
            <ns3:hr>181</ns3:hr>
            <ns3:cad>82</ns3:cad>
          </ns3:TrackPointExtension>
        </extensions>
      </trkpt>
      <trkpt lat="48.83199934847652912139892578125" lon="-3.47515658475458621978759765625">
        <ele>12.3999996185302734375</ele>
        <time>2026-07-29T08:34:41.000Z</time>
        <extensions>
          <ns3:TrackPointExtension>
            <ns3:hr>182</ns3:hr>
            <ns3:cad>83</ns3:cad>
          </ns3:TrackPointExtension>
        </extensions>
      </trkpt>
      <trkpt lat="48.83182324469089508056640625" lon="-3.47517971880733966827392578125">
        <ele>12</ele>
        <time>2026-07-29T08:34:47.000Z</time>
        <extensions>
          <ns3:TrackPointExtension>
            <ns3:hr>183</ns3:hr>
            <ns3:cad>82</ns3:cad>
          </ns3:TrackPointExtension>
        </extensions>
      </trkpt>
      <trkpt lat="48.83162903599441051483154296875" lon="-3.47509740851819515228271484375">
        <ele>12</ele>
        <time>2026-07-29T08:34:54.000Z</time>
        <extensions>
          <ns3:TrackPointExtension>
            <ns3:hr>184</ns3:hr>
            <ns3:cad>82</ns3:cad>
          </ns3:TrackPointExtension>
        </extensions>
      </trkpt>
      <trkpt lat="48.831495009362697601318359375" lon="-3.47492960281670093536376953125">
        <ele>11.6000003814697265625</ele>
        <time>2026-07-29T08:35:00.000Z</time>
        <extensions>
          <ns3:TrackPointExtension>
            <ns3:hr>184</ns3:hr>
            <ns3:cad>83</ns3:cad>
          </ns3:TrackPointExtension>
        </extensions>
      </trkpt>
      <trkpt lat="48.83137372322380542755126953125" lon="-3.4746728651225566864013671875">
        <ele>10.3999996185302734375</ele>
        <time>2026-07-29T08:35:07.000Z</time>
        <extensions>
          <ns3:TrackPointExtension>
            <ns3:hr>183</ns3:hr>
            <ns3:cad>82</ns3:cad>
          </ns3:TrackPointExtension>
        </extensions>
      </trkpt>
      <trkpt lat="48.83131496608257293701171875" lon="-3.4745310433208942413330078125">
        <ele>10.19999980926513671875</ele>
        <time>2026-07-29T08:35:11.000Z</time>
        <extensions>
          <ns3:TrackPointExtension>
            <ns3:hr>183</ns3:hr>
            <ns3:cad>83</ns3:cad>
          </ns3:TrackPointExtension>
        </extensions>
      </trkpt>
      <trkpt lat="48.83121396414935588836669921875" lon="-3.47426860593259334564208984375">
        <ele>9.6000003814697265625</ele>
        <time>2026-07-29T08:35:18.000Z</time>
        <extensions>
          <ns3:TrackPointExtension>
            <ns3:hr>183</ns3:hr>
            <ns3:cad>82</ns3:cad>
          </ns3:TrackPointExtension>
        </extensions>
      </trkpt>
      <trkpt lat="48.83118730969727039337158203125" lon="-3.47418663091957569122314453125">
        <ele>9.3999996185302734375</ele>
        <time>2026-07-29T08:35:20.000Z</time>
        <extensions>
          <ns3:TrackPointExtension>
            <ns3:hr>183</ns3:hr>
            <ns3:cad>83</ns3:cad>
          </ns3:TrackPointExtension>
        </extensions>
      </trkpt>
      <trkpt lat="48.8311280496418476104736328125" lon="-3.473989404737949371337890625">
        <ele>9.3999996185302734375</ele>
        <time>2026-07-29T08:35:25.000Z</time>
        <extensions>
          <ns3:TrackPointExtension>
            <ns3:hr>183</ns3:hr>
            <ns3:cad>82</ns3:cad>
          </ns3:TrackPointExtension>
        </extensions>
      </trkpt>
      <trkpt lat="48.83100676350295543670654296875" lon="-3.47376049496233463287353515625">
        <ele>9.3999996185302734375</ele>
        <time>2026-07-29T08:35:32.000Z</time>
        <extensions>
          <ns3:TrackPointExtension>
            <ns3:hr>182</ns3:hr>
            <ns3:cad>82</ns3:cad>
          </ns3:TrackPointExtension>
        </extensions>
      </trkpt>
      <trkpt lat="48.830873407423496246337890625" lon="-3.47353451885282993316650390625">
        <ele>10.3999996185302734375</ele>
        <time>2026-07-29T08:35:39.000Z</time>
        <extensions>
          <ns3:TrackPointExtension>
            <ns3:hr>182</ns3:hr>
            <ns3:cad>82</ns3:cad>
          </ns3:TrackPointExtension>
        </extensions>
      </trkpt>
      <trkpt lat="48.83081532083451747894287109375" lon="-3.47343913279473781585693359375">
        <ele>11</ele>
        <time>2026-07-29T08:35:42.000Z</time>
        <extensions>
          <ns3:TrackPointExtension>
            <ns3:hr>182</ns3:hr>
            <ns3:cad>83</ns3:cad>
          </ns3:TrackPointExtension>
        </extensions>
      </trkpt>
      <trkpt lat="48.83067215792834758758544921875" lon="-3.4732340276241302490234375">
        <ele>10.19999980926513671875</ele>
        <time>2026-07-29T08:35:49.000Z</time>
        <extensions>
          <ns3:TrackPointExtension>
            <ns3:hr>181</ns3:hr>
            <ns3:cad>83</ns3:cad>
          </ns3:TrackPointExtension>
        </extensions>
      </trkpt>
      <trkpt lat="48.83062656037509441375732421875" lon="-3.4731845743954181671142578125">
        <ele>10</ele>
        <time>2026-07-29T08:35:51.000Z</time>
        <extensions>
          <ns3:TrackPointExtension>
            <ns3:hr>180</ns3:hr>
            <ns3:cad>82</ns3:cad>
          </ns3:TrackPointExtension>
        </extensions>
      </trkpt>
      <trkpt lat="48.83043260313570499420166015625" lon="-3.47311877645552158355712890625">
        <ele>9.19999980926513671875</ele>
        <time>2026-07-29T08:35:58.000Z</time>
        <extensions>
          <ns3:TrackPointExtension>
            <ns3:hr>180</ns3:hr>
            <ns3:cad>82</ns3:cad>
          </ns3:TrackPointExtension>
        </extensions>
      </trkpt>
      <trkpt lat="48.83024283684790134429931640625" lon="-3.47313486970961093902587890625">
        <ele>9</ele>
        <time>2026-07-29T08:36:05.000Z</time>
        <extensions>
          <ns3:TrackPointExtension>
            <ns3:hr>180</ns3:hr>
            <ns3:cad>81</ns3:cad>
          </ns3:TrackPointExtension>
        </extensions>
      </trkpt>
      <trkpt lat="48.8301904499530792236328125" lon="-3.47314911894500255584716796875">
        <ele>9</ele>
        <time>2026-07-29T08:36:07.000Z</time>
        <extensions>
          <ns3:TrackPointExtension>
            <ns3:hr>180</ns3:hr>
            <ns3:cad>81</ns3:cad>
          </ns3:TrackPointExtension>
        </extensions>
      </trkpt>
      <trkpt lat="48.8299958221614360809326171875" lon="-3.473201505839824676513671875">
        <ele>9</ele>
        <time>2026-07-29T08:36:14.000Z</time>
        <extensions>
          <ns3:TrackPointExtension>
            <ns3:hr>180</ns3:hr>
            <ns3:cad>81</ns3:cad>
          </ns3:TrackPointExtension>
        </extensions>
      </trkpt>
      <trkpt lat="48.8299130089581012725830078125" lon="-3.4732278250157833099365234375">
        <ele>8.6000003814697265625</ele>
        <time>2026-07-29T08:36:17.000Z</time>
        <extensions>
          <ns3:TrackPointExtension>
            <ns3:hr>181</ns3:hr>
            <ns3:cad>81</ns3:cad>
          </ns3:TrackPointExtension>
        </extensions>
      </trkpt>
      <trkpt lat="48.82971477694809436798095703125" lon="-3.47328406758606433868408203125">
        <ele>7.80000019073486328125</ele>
        <time>2026-07-29T08:36:24.000Z</time>
        <extensions>
          <ns3:TrackPointExtension>
            <ns3:hr>181</ns3:hr>
            <ns3:cad>83</ns3:cad>
          </ns3:TrackPointExtension>
        </extensions>
      </trkpt>
      <trkpt lat="48.82951679639518260955810546875" lon="-3.4732704050838947296142578125">
        <ele>6.400000095367431640625</ele>
        <time>2026-07-29T08:36:31.000Z</time>
        <extensions>
          <ns3:TrackPointExtension>
            <ns3:hr>181</ns3:hr>
            <ns3:cad>81</ns3:cad>
          </ns3:TrackPointExtension>
        </extensions>
      </trkpt>
      <trkpt lat="48.82943247444927692413330078125" lon="-3.4732754342257976531982421875">
        <ele>6.400000095367431640625</ele>
        <time>2026-07-29T08:36:34.000Z</time>
        <extensions>
          <ns3:TrackPointExtension>
            <ns3:hr>181</ns3:hr>
            <ns3:cad>83</ns3:cad>
          </ns3:TrackPointExtension>
        </extensions>
      </trkpt>
      <trkpt lat="48.82923516444861888885498046875" lon="-3.47328205592930316925048828125">
        <ele>6.599999904632568359375</ele>
        <time>2026-07-29T08:36:41.000Z</time>
        <extensions>
          <ns3:TrackPointExtension>
            <ns3:hr>181</ns3:hr>
            <ns3:cad>82</ns3:cad>
          </ns3:TrackPointExtension>
        </extensions>
      </trkpt>
      <trkpt lat="48.8291811011731624603271484375" lon="-3.473281301558017730712890625">
        <ele>6.80000019073486328125</ele>
        <time>2026-07-29T08:36:43.000Z</time>
        <extensions>
          <ns3:TrackPointExtension>
            <ns3:hr>181</ns3:hr>
            <ns3:cad>82</ns3:cad>
          </ns3:TrackPointExtension>
        </extensions>
      </trkpt>
      <trkpt lat="48.8289779238402843475341796875" lon="-3.4732905216515064239501953125">
        <ele>7.599999904632568359375</ele>
        <time>2026-07-29T08:36:50.000Z</time>
        <extensions>
          <ns3:TrackPointExtension>
            <ns3:hr>180</ns3:hr>
            <ns3:cad>82</ns3:cad>
          </ns3:TrackPointExtension>
        </extensions>
      </trkpt>
      <trkpt lat="48.82889837957918643951416015625" lon="-3.47329312004148960113525390625">
        <ele>8.19999980926513671875</ele>
        <time>2026-07-29T08:36:53.000Z</time>
        <extensions>
          <ns3:TrackPointExtension>
            <ns3:hr>180</ns3:hr>
            <ns3:cad>82</ns3:cad>
          </ns3:TrackPointExtension>
        </extensions>
      </trkpt>
      <trkpt lat="48.82869847118854522705078125" lon="-3.47328557632863521575927734375">
        <ele>9.6000003814697265625</ele>
        <time>2026-07-29T08:37:00.000Z</time>
        <extensions>
          <ns3:TrackPointExtension>
            <ns3:hr>180</ns3:hr>
            <ns3:cad>82</ns3:cad>
          </ns3:TrackPointExtension>
        </extensions>
      </trkpt>
      <trkpt lat="48.828594870865345001220703125" lon="-3.47327333875000476837158203125">
        <ele>11.6000003814697265625</ele>
        <time>2026-07-29T08:37:04.000Z</time>
        <extensions>
          <ns3:TrackPointExtension>
            <ns3:hr>180</ns3:hr>
            <ns3:cad>83</ns3:cad>
          </ns3:TrackPointExtension>
        </extensions>
      </trkpt>
      <trkpt lat="48.82840753532946109771728515625" lon="-3.47319982945919036865234375">
        <ele>13.6000003814697265625</ele>
        <time>2026-07-29T08:37:11.000Z</time>
        <extensions>
          <ns3:TrackPointExtension>
            <ns3:hr>181</ns3:hr>
            <ns3:cad>84</ns3:cad>
          </ns3:TrackPointExtension>
        </extensions>
      </trkpt>
      <trkpt lat="48.82838272489607334136962890625" lon="-3.473186753690242767333984375">
        <ele>13.6000003814697265625</ele>
        <time>2026-07-29T08:37:12.000Z</time>
        <extensions>
          <ns3:TrackPointExtension>
            <ns3:hr>181</ns3:hr>
            <ns3:cad>84</ns3:cad>
          </ns3:TrackPointExtension>
        </extensions>
      </trkpt>
      <trkpt lat="48.828233778476715087890625" lon="-3.473137132823467254638671875">
        <ele>16.200000762939453125</ele>
        <time>2026-07-29T08:37:18.000Z</time>
        <extensions>
          <ns3:TrackPointExtension>
            <ns3:hr>182</ns3:hr>
            <ns3:cad>84</ns3:cad>
          </ns3:TrackPointExtension>
        </extensions>
      </trkpt>
      <trkpt lat="48.82807485759258270263671875" lon="-3.47303814254701137542724609375">
        <ele>20</ele>
        <time>2026-07-29T08:37:25.000Z</time>
        <extensions>
          <ns3:TrackPointExtension>
            <ns3:hr>183</ns3:hr>
            <ns3:cad>84</ns3:cad>
          </ns3:TrackPointExtension>
        </extensions>
      </trkpt>
      <trkpt lat="48.827912919223308563232421875" lon="-3.47287033684551715850830078125">
        <ele>23.200000762939453125</ele>
        <time>2026-07-29T08:37:33.000Z</time>
        <extensions>
          <ns3:TrackPointExtension>
            <ns3:hr>185</ns3:hr>
            <ns3:cad>84</ns3:cad>
          </ns3:TrackPointExtension>
        </extensions>
      </trkpt>
      <trkpt lat="48.82789674215018749237060546875" lon="-3.47284217365086078643798828125">
        <ele>23.6000003814697265625</ele>
        <time>2026-07-29T08:37:34.000Z</time>
        <extensions>
          <ns3:TrackPointExtension>
            <ns3:hr>185</ns3:hr>
            <ns3:cad>83</ns3:cad>
          </ns3:TrackPointExtension>
        </extensions>
      </trkpt>
      <trkpt lat="48.82775592617690563201904296875" lon="-3.47264654003083705902099609375">
        <ele>25</ele>
        <time>2026-07-29T08:37:41.000Z</time>
        <extensions>
          <ns3:TrackPointExtension>
            <ns3:hr>186</ns3:hr>
            <ns3:cad>82</ns3:cad>
          </ns3:TrackPointExtension>
        </extensions>
      </trkpt>
      <trkpt lat="48.82773597724735736846923828125" lon="-3.47261820919811725616455078125">
        <ele>25.200000762939453125</ele>
        <time>2026-07-29T08:37:42.000Z</time>
        <extensions>
          <ns3:TrackPointExtension>
            <ns3:hr>186</ns3:hr>
            <ns3:cad>82</ns3:cad>
          </ns3:TrackPointExtension>
        </extensions>
      </trkpt>
      <trkpt lat="48.8276700116693973541259765625" lon="-3.4724110923707485198974609375">
        <ele>25.200000762939453125</ele>
        <time>2026-07-29T08:37:48.000Z</time>
        <extensions>
          <ns3:TrackPointExtension>
            <ns3:hr>187</ns3:hr>
            <ns3:cad>83</ns3:cad>
          </ns3:TrackPointExtension>
        </extensions>
      </trkpt>
      <trkpt lat="48.82760957814753055572509765625" lon="-3.472151421010494232177734375">
        <ele>25.200000762939453125</ele>
        <time>2026-07-29T08:37:55.000Z</time>
        <extensions>
          <ns3:TrackPointExtension>
            <ns3:hr>187</ns3:hr>
            <ns3:cad>81</ns3:cad>
          </ns3:TrackPointExtension>
        </extensions>
      </trkpt>
      <trkpt lat="48.82758929394185543060302734375" lon="-3.4720815159380435943603515625">
        <ele>25.200000762939453125</ele>
        <time>2026-07-29T08:37:57.000Z</time>
        <extensions>
          <ns3:TrackPointExtension>
            <ns3:hr>187</ns3:hr>
            <ns3:cad>81</ns3:cad>
          </ns3:TrackPointExtension>
        </extensions>
      </trkpt>
      <trkpt lat="48.82755895145237445831298828125" lon="-3.47180776298046112060546875">
        <ele>22.6000003814697265625</ele>
        <time>2026-07-29T08:38:04.000Z</time>
        <extensions>
          <ns3:TrackPointExtension>
            <ns3:hr>187</ns3:hr>
            <ns3:cad>81</ns3:cad>
          </ns3:TrackPointExtension>
        </extensions>
      </trkpt>
      <trkpt lat="48.82755945436656475067138671875" lon="-3.4717334993183612823486328125">
        <ele>21.799999237060546875</ele>
        <time>2026-07-29T08:38:06.000Z</time>
        <extensions>
          <ns3:TrackPointExtension>
            <ns3:hr>187</ns3:hr>
            <ns3:cad>81</ns3:cad>
          </ns3:TrackPointExtension>
        </extensions>
      </trkpt>
      <trkpt lat="48.8275778107345104217529296875" lon="-3.47150878049433231353759765625">
        <ele>18.799999237060546875</ele>
        <time>2026-07-29T08:38:12.000Z</time>
        <extensions>
          <ns3:TrackPointExtension>
            <ns3:hr>187</ns3:hr>
            <ns3:cad>80</ns3:cad>
          </ns3:TrackPointExtension>
        </extensions>
      </trkpt>
      <trkpt lat="48.827482759952545166015625" lon="-3.4712315909564495086669921875">
        <ele>16.6000003814697265625</ele>
        <time>2026-07-29T08:38:20.000Z</time>
        <extensions>
          <ns3:TrackPointExtension>
            <ns3:hr>185</ns3:hr>
            <ns3:cad>80</ns3:cad>
          </ns3:TrackPointExtension>
        </extensions>
      </trkpt>
      <trkpt lat="48.82732476107776165008544921875" lon="-3.4711390547454357147216796875">
        <ele>17.6000003814697265625</ele>
        <time>2026-07-29T08:38:26.000Z</time>
        <extensions>
          <ns3:TrackPointExtension>
            <ns3:hr>184</ns3:hr>
            <ns3:cad>82</ns3:cad>
          </ns3:TrackPointExtension>
        </extensions>
      </trkpt>
      <trkpt lat="48.82714547216892242431640625" lon="-3.47111768089234828948974609375">
        <ele>17.3999996185302734375</ele>
        <time>2026-07-29T08:38:32.000Z</time>
        <extensions>
          <ns3:TrackPointExtension>
            <ns3:hr>183</ns3:hr>
            <ns3:cad>82</ns3:cad>
          </ns3:TrackPointExtension>
        </extensions>
      </trkpt>
      <trkpt lat="48.8270604796707630157470703125" lon="-3.47112941555678844451904296875">
        <ele>17.799999237060546875</ele>
        <time>2026-07-29T08:38:35.000Z</time>
        <extensions>
          <ns3:TrackPointExtension>
            <ns3:hr>182</ns3:hr>
            <ns3:cad>83</ns3:cad>
          </ns3:TrackPointExtension>
        </extensions>
      </trkpt>
      <trkpt lat="48.82685285992920398712158203125" lon="-3.47113461233675479888916015625">
        <ele>18</ele>
        <time>2026-07-29T08:38:42.000Z</time>
        <extensions>
          <ns3:TrackPointExtension>
            <ns3:hr>180</ns3:hr>
            <ns3:cad>82</ns3:cad>
          </ns3:TrackPointExtension>
        </extensions>
      </trkpt>
      <trkpt lat="48.82665370590984821319580078125" lon="-3.47116411663591861724853515625">
        <ele>18.3999996185302734375</ele>
        <time>2026-07-29T08:38:49.000Z</time>
        <extensions>
          <ns3:TrackPointExtension>
            <ns3:hr>179</ns3:hr>
            <ns3:cad>83</ns3:cad>
          </ns3:TrackPointExtension>
        </extensions>
      </trkpt>
      <trkpt lat="48.8265910930931568145751953125" lon="-3.4711766056716442108154296875">
        <ele>19</ele>
        <time>2026-07-29T08:38:51.000Z</time>
        <extensions>
          <ns3:TrackPointExtension>
            <ns3:hr>178</ns3:hr>
            <ns3:cad>81</ns3:cad>
          </ns3:TrackPointExtension>
        </extensions>
      </trkpt>
      <trkpt lat="48.8264112174510955810546875" lon="-3.47120200283825397491455078125">
        <ele>19.799999237060546875</ele>
        <time>2026-07-29T08:38:57.000Z</time>
        <extensions>
          <ns3:TrackPointExtension>
            <ns3:hr>179</ns3:hr>
            <ns3:cad>83</ns3:cad>
          </ns3:TrackPointExtension>
        </extensions>
      </trkpt>
      <trkpt lat="48.8262662105262279510498046875" lon="-3.47119429148733615875244140625">
        <ele>19.6000003814697265625</ele>
        <time>2026-07-29T08:39:02.000Z</time>
        <extensions>
          <ns3:TrackPointExtension>
            <ns3:hr>179</ns3:hr>
            <ns3:cad>83</ns3:cad>
          </ns3:TrackPointExtension>
        </extensions>
      </trkpt>
      <trkpt lat="48.8260764442384243011474609375" lon="-3.471142239868640899658203125">
        <ele>19</ele>
        <time>2026-07-29T08:39:09.000Z</time>
        <extensions>
          <ns3:TrackPointExtension>
            <ns3:hr>180</ns3:hr>
            <ns3:cad>83</ns3:cad>
          </ns3:TrackPointExtension>
        </extensions>
      </trkpt>
      <trkpt lat="48.8260586746037006378173828125" lon="-3.47113327123224735260009765625">
        <ele>19</ele>
        <time>2026-07-29T08:39:10.000Z</time>
        <extensions>
          <ns3:TrackPointExtension>
            <ns3:hr>180</ns3:hr>
            <ns3:cad>83</ns3:cad>
          </ns3:TrackPointExtension>
        </extensions>
      </trkpt>
      <trkpt lat="48.82588508538901805877685546875" lon="-3.47101139836013317108154296875">
        <ele>18</ele>
        <time>2026-07-29T08:39:17.000Z</time>
        <extensions>
          <ns3:TrackPointExtension>
            <ns3:hr>181</ns3:hr>
            <ns3:cad>83</ns3:cad>
          </ns3:TrackPointExtension>
        </extensions>
      </trkpt>
      <trkpt lat="48.82586111314594745635986328125" lon="-3.4709917008876800537109375">
        <ele>18</ele>
        <time>2026-07-29T08:39:18.000Z</time>
        <extensions>
          <ns3:TrackPointExtension>
            <ns3:hr>181</ns3:hr>
            <ns3:cad>83</ns3:cad>
          </ns3:TrackPointExtension>
        </extensions>
      </trkpt>
      <trkpt lat="48.82570185698568820953369140625" lon="-3.470800928771495819091796875">
        <ele>18.6000003814697265625</ele>
        <time>2026-07-29T08:39:25.000Z</time>
        <extensions>
          <ns3:TrackPointExtension>
            <ns3:hr>182</ns3:hr>
            <ns3:cad>82</ns3:cad>
          </ns3:TrackPointExtension>
        </extensions>
      </trkpt>
      <trkpt lat="48.8256590254604816436767578125" lon="-3.47073915414512157440185546875">
        <ele>18.3999996185302734375</ele>
        <time>2026-07-29T08:39:27.000Z</time>
        <extensions>
          <ns3:TrackPointExtension>
            <ns3:hr>182</ns3:hr>
            <ns3:cad>82</ns3:cad>
          </ns3:TrackPointExtension>
        </extensions>
      </trkpt>
      <trkpt lat="48.82554545067250728607177734375" lon="-3.470518290996551513671875">
        <ele>17.200000762939453125</ele>
        <time>2026-07-29T08:39:33.000Z</time>
        <extensions>
          <ns3:TrackPointExtension>
            <ns3:hr>183</ns3:hr>
            <ns3:cad>82</ns3:cad>
          </ns3:TrackPointExtension>
        </extensions>
      </trkpt>
      <trkpt lat="48.8255275972187519073486328125" lon="-3.47049624659121036529541015625">
        <ele>17.200000762939453125</ele>
        <time>2026-07-29T08:39:34.000Z</time>
        <extensions>
          <ns3:TrackPointExtension>
            <ns3:hr>183</ns3:hr>
            <ns3:cad>82</ns3:cad>
          </ns3:TrackPointExtension>
        </extensions>
      </trkpt>
      <trkpt lat="48.8254105858504772186279296875" lon="-3.47022869624197483062744140625">
        <ele>15.3999996185302734375</ele>
        <time>2026-07-29T08:39:41.000Z</time>
        <extensions>
          <ns3:TrackPointExtension>
            <ns3:hr>183</ns3:hr>
            <ns3:cad>80</ns3:cad>
          </ns3:TrackPointExtension>
        </extensions>
      </trkpt>
      <trkpt lat="48.825301788747310638427734375" lon="-3.46998344175517559051513671875">
        <ele>14.3999996185302734375</ele>
        <time>2026-07-29T08:39:48.000Z</time>
        <extensions>
          <ns3:TrackPointExtension>
            <ns3:hr>183</ns3:hr>
            <ns3:cad>80</ns3:cad>
          </ns3:TrackPointExtension>
        </extensions>
      </trkpt>
      <trkpt lat="48.8252841867506504058837890625" lon="-3.46995343454182147979736328125">
        <ele>14.3999996185302734375</ele>
        <time>2026-07-29T08:39:49.000Z</time>
        <extensions>
          <ns3:TrackPointExtension>
            <ns3:hr>183</ns3:hr>
            <ns3:cad>81</ns3:cad>
          </ns3:TrackPointExtension>
        </extensions>
      </trkpt>
      <trkpt lat="48.82514848373830318450927734375" lon="-3.46986089833080768585205078125">
        <ele>16</ele>
        <time>2026-07-29T08:39:54.000Z</time>
        <extensions>
          <ns3:TrackPointExtension>
            <ns3:hr>182</ns3:hr>
            <ns3:cad>84</ns3:cad>
          </ns3:TrackPointExtension>
        </extensions>
      </trkpt>
      <trkpt lat="48.8249743916094303131103515625" lon="-3.4697523526847362518310546875">
        <ele>17.799999237060546875</ele>
        <time>2026-07-29T08:40:01.000Z</time>
        <extensions>
          <ns3:TrackPointExtension>
            <ns3:hr>181</ns3:hr>
            <ns3:cad>84</ns3:cad>
          </ns3:TrackPointExtension>
        </extensions>
      </trkpt>
      <trkpt lat="48.82492468692362308502197265625" lon="-3.4697188250720500946044921875">
        <ele>18</ele>
        <time>2026-07-29T08:40:03.000Z</time>
        <extensions>
          <ns3:TrackPointExtension>
            <ns3:hr>181</ns3:hr>
            <ns3:cad>83</ns3:cad>
          </ns3:TrackPointExtension>
        </extensions>
      </trkpt>
      <trkpt lat="48.824757970869541168212890625" lon="-3.46956669352948665618896484375">
        <ele>16.799999237060546875</ele>
        <time>2026-07-29T08:40:10.000Z</time>
        <extensions>
          <ns3:TrackPointExtension>
            <ns3:hr>181</ns3:hr>
            <ns3:cad>83</ns3:cad>
          </ns3:TrackPointExtension>
        </extensions>
      </trkpt>
      <trkpt lat="48.8245791010558605194091796875" lon="-3.4694107063114643096923828125">
        <ele>16.6000003814697265625</ele>
        <time>2026-07-29T08:40:17.000Z</time>
        <extensions>
          <ns3:TrackPointExtension>
            <ns3:hr>182</ns3:hr>
            <ns3:cad>81</ns3:cad>
          </ns3:TrackPointExtension>
        </extensions>
      </trkpt>
      <trkpt lat="48.82455286569893360137939453125" lon="-3.46938975155353546142578125">
        <ele>16.3999996185302734375</ele>
        <time>2026-07-29T08:40:18.000Z</time>
        <extensions>
          <ns3:TrackPointExtension>
            <ns3:hr>182</ns3:hr>
            <ns3:cad>81</ns3:cad>
          </ns3:TrackPointExtension>
        </extensions>
      </trkpt>
      <trkpt lat="48.8244228623807430267333984375" lon="-3.46926771104335784912109375">
        <ele>15.6000003814697265625</ele>
        <time>2026-07-29T08:40:24.000Z</time>
        <extensions>
          <ns3:TrackPointExtension>
            <ns3:hr>183</ns3:hr>
            <ns3:cad>82</ns3:cad>
          </ns3:TrackPointExtension>
        </extensions>
      </trkpt>
      <trkpt lat="48.824267126619815826416015625" lon="-3.4691300801932811737060546875">
        <ele>16.799999237060546875</ele>
        <time>2026-07-29T08:40:30.000Z</time>
        <extensions>
          <ns3:TrackPointExtension>
            <ns3:hr>183</ns3:hr>
            <ns3:cad>83</ns3:cad>
          </ns3:TrackPointExtension>
        </extensions>
      </trkpt>
      <trkpt lat="48.8241680525243282318115234375" lon="-3.46905137412250041961669921875">
        <ele>16.3999996185302734375</ele>
        <time>2026-07-29T08:40:34.000Z</time>
        <extensions>
          <ns3:TrackPointExtension>
            <ns3:hr>183</ns3:hr>
            <ns3:cad>81</ns3:cad>
          </ns3:TrackPointExtension>
        </extensions>
      </trkpt>
      <trkpt lat="48.82399521768093109130859375" lon="-3.4689346142113208770751953125">
        <ele>17.799999237060546875</ele>
        <time>2026-07-29T08:40:41.000Z</time>
        <extensions>
          <ns3:TrackPointExtension>
            <ns3:hr>184</ns3:hr>
            <ns3:cad>81</ns3:cad>
          </ns3:TrackPointExtension>
        </extensions>
      </trkpt>
      <trkpt lat="48.82395121268928050994873046875" lon="-3.4689000807702541351318359375">
        <ele>18.200000762939453125</ele>
        <time>2026-07-29T08:40:43.000Z</time>
        <extensions>
          <ns3:TrackPointExtension>
            <ns3:hr>184</ns3:hr>
            <ns3:cad>81</ns3:cad>
          </ns3:TrackPointExtension>
        </extensions>
      </trkpt>
      <trkpt lat="48.8238066248595714569091796875" lon="-3.46879354678094387054443359375">
        <ele>19.200000762939453125</ele>
        <time>2026-07-29T08:40:49.000Z</time>
        <extensions>
          <ns3:TrackPointExtension>
            <ns3:hr>184</ns3:hr>
            <ns3:cad>82</ns3:cad>
          </ns3:TrackPointExtension>
        </extensions>
      </trkpt>
      <trkpt lat="48.8237596862018108367919921875" lon="-3.46876337192952632904052734375">
        <ele>19.6000003814697265625</ele>
        <time>2026-07-29T08:40:51.000Z</time>
        <extensions>
          <ns3:TrackPointExtension>
            <ns3:hr>184</ns3:hr>
            <ns3:cad>82</ns3:cad>
          </ns3:TrackPointExtension>
        </extensions>
      </trkpt>
      <trkpt lat="48.82356748916208744049072265625" lon="-3.4686784632503986358642578125">
        <ele>21.799999237060546875</ele>
        <time>2026-07-29T08:40:58.000Z</time>
        <extensions>
          <ns3:TrackPointExtension>
            <ns3:hr>184</ns3:hr>
            <ns3:cad>82</ns3:cad>
          </ns3:TrackPointExtension>
        </extensions>
      </trkpt>
      <trkpt lat="48.823541589081287384033203125" lon="-3.46867854706943035125732421875">
        <ele>22.6000003814697265625</ele>
        <time>2026-07-29T08:40:59.000Z</time>
        <extensions>
          <ns3:TrackPointExtension>
            <ns3:hr>184</ns3:hr>
            <ns3:cad>82</ns3:cad>
          </ns3:TrackPointExtension>
        </extensions>
      </trkpt>
      <trkpt lat="48.8233868591487407684326171875" lon="-3.46857494674623012542724609375">
        <ele>24</ele>
        <time>2026-07-29T08:41:05.000Z</time>
        <extensions>
          <ns3:TrackPointExtension>
            <ns3:hr>184</ns3:hr>
            <ns3:cad>80</ns3:cad>
          </ns3:TrackPointExtension>
        </extensions>
      </trkpt>
      <trkpt lat="48.82326456718146800994873046875" lon="-3.46838585101068019866943359375">
        <ele>22.3999996185302734375</ele>
        <time>2026-07-29T08:41:12.000Z</time>
        <extensions>
          <ns3:TrackPointExtension>
            <ns3:hr>185</ns3:hr>
            <ns3:cad>79</ns3:cad>
          </ns3:TrackPointExtension>
        </extensions>
      </trkpt>
      <trkpt lat="48.82315409369766712188720703125" lon="-3.46812400035560131072998046875">
        <ele>19.3999996185302734375</ele>
        <time>2026-07-29T08:41:19.000Z</time>
        <extensions>
          <ns3:TrackPointExtension>
            <ns3:hr>184</ns3:hr>
            <ns3:cad>83</ns3:cad>
          </ns3:TrackPointExtension>
        </extensions>
      </trkpt>
      <trkpt lat="48.8230582885444164276123046875" lon="-3.46795887686312198638916015625">
        <ele>18.200000762939453125</ele>
        <time>2026-07-29T08:41:24.000Z</time>
        <extensions>
          <ns3:TrackPointExtension>
            <ns3:hr>184</ns3:hr>
            <ns3:cad>81</ns3:cad>
          </ns3:TrackPointExtension>
        </extensions>
      </trkpt>
      <trkpt lat="48.822944127023220062255859375" lon="-3.46774513833224773406982421875">
        <ele>17.799999237060546875</ele>
        <time>2026-07-29T08:41:30.000Z</time>
        <extensions>
          <ns3:TrackPointExtension>
            <ns3:hr>184</ns3:hr>
            <ns3:cad>81</ns3:cad>
          </ns3:TrackPointExtension>
        </extensions>
      </trkpt>
      <trkpt lat="48.82290280424058437347412109375" lon="-3.46767053939402103424072265625">
        <ele>17.6000003814697265625</ele>
        <time>2026-07-29T08:41:32.000Z</time>
        <extensions>
          <ns3:TrackPointExtension>
            <ns3:hr>184</ns3:hr>
            <ns3:cad>81</ns3:cad>
          </ns3:TrackPointExtension>
        </extensions>
      </trkpt>
      <trkpt lat="48.822783865034580230712890625" lon="-3.46741924993693828582763671875">
        <ele>17</ele>
        <time>2026-07-29T08:41:39.000Z</time>
        <extensions>
          <ns3:TrackPointExtension>
            <ns3:hr>183</ns3:hr>
            <ns3:cad>82</ns3:cad>
          </ns3:TrackPointExtension>
        </extensions>
      </trkpt>
      <trkpt lat="48.82274664938449859619140625" lon="-3.4673521108925342559814453125">
        <ele>17.200000762939453125</ele>
        <time>2026-07-29T08:41:41.000Z</time>
        <extensions>
          <ns3:TrackPointExtension>
            <ns3:hr>183</ns3:hr>
            <ns3:cad>82</ns3:cad>
          </ns3:TrackPointExtension>
        </extensions>
      </trkpt>
      <trkpt lat="48.82262284867465496063232421875" lon="-3.467111550271511077880859375">
        <ele>16.3999996185302734375</ele>
        <time>2026-07-29T08:41:48.000Z</time>
        <extensions>
          <ns3:TrackPointExtension>
            <ns3:hr>182</ns3:hr>
            <ns3:cad>82</ns3:cad>
          </ns3:TrackPointExtension>
        </extensions>
      </trkpt>
      <trkpt lat="48.82256962358951568603515625" lon="-3.46696771681308746337890625">
        <ele>15.80000019073486328125</ele>
        <time>2026-07-29T08:41:52.000Z</time>
        <extensions>
          <ns3:TrackPointExtension>
            <ns3:hr>181</ns3:hr>
            <ns3:cad>83</ns3:cad>
          </ns3:TrackPointExtension>
        </extensions>
      </trkpt>
      <trkpt lat="48.8225054182112216949462890625" lon="-3.46675205044448375701904296875">
        <ele>14.19999980926513671875</ele>
        <time>2026-07-29T08:41:58.000Z</time>
        <extensions>
          <ns3:TrackPointExtension>
            <ns3:hr>180</ns3:hr>
            <ns3:cad>83</ns3:cad>
          </ns3:TrackPointExtension>
        </extensions>
      </trkpt>
      <trkpt lat="48.8224068470299243927001953125" lon="-3.46653244458138942718505859375">
        <ele>14.19999980926513671875</ele>
        <time>2026-07-29T08:42:04.000Z</time>
        <extensions>
          <ns3:TrackPointExtension>
            <ns3:hr>180</ns3:hr>
            <ns3:cad>84</ns3:cad>
          </ns3:TrackPointExtension>
        </extensions>
      </trkpt>
      <trkpt lat="48.82228019647300243377685546875" lon="-3.46633329056203365325927734375">
        <ele>16</ele>
        <time>2026-07-29T08:42:10.000Z</time>
        <extensions>
          <ns3:TrackPointExtension>
            <ns3:hr>181</ns3:hr>
            <ns3:cad>84</ns3:cad>
          </ns3:TrackPointExtension>
        </extensions>
      </trkpt>
      <trkpt lat="48.822186402976512908935546875" lon="-3.46610479988157749176025390625">
        <ele>19.3999996185302734375</ele>
        <time>2026-07-29T08:42:16.000Z</time>
        <extensions>
          <ns3:TrackPointExtension>
            <ns3:hr>183</ns3:hr>
            <ns3:cad>83</ns3:cad>
          </ns3:TrackPointExtension>
        </extensions>
      </trkpt>
      <trkpt lat="48.82217936217784881591796875" lon="-3.46607227809727191925048828125">
        <ele>19.799999237060546875</ele>
        <time>2026-07-29T08:42:17.000Z</time>
        <extensions>
          <ns3:TrackPointExtension>
            <ns3:hr>183</ns3:hr>
            <ns3:cad>83</ns3:cad>
          </ns3:TrackPointExtension>
        </extensions>
      </trkpt>
      <trkpt lat="48.82216251455247402191162109375" lon="-3.46582719124853610992431640625">
        <ele>22</ele>
        <time>2026-07-29T08:42:23.000Z</time>
        <extensions>
          <ns3:TrackPointExtension>
            <ns3:hr>184</ns3:hr>
            <ns3:cad>84</ns3:cad>
          </ns3:TrackPointExtension>
        </extensions>
      </trkpt>
      <trkpt lat="48.8221620954573154449462890625" lon="-3.46557162702083587646484375">
        <ele>21.6000003814697265625</ele>
        <time>2026-07-29T08:42:29.000Z</time>
        <extensions>
          <ns3:TrackPointExtension>
            <ns3:hr>185</ns3:hr>
            <ns3:cad>84</ns3:cad>
          </ns3:TrackPointExtension>
        </extensions>
      </trkpt>
      <trkpt lat="48.8220749236643314361572265625" lon="-3.46539937891066074371337890625">
        <ele>25</ele>
        <time>2026-07-29T08:42:34.000Z</time>
        <extensions>
          <ns3:TrackPointExtension>
            <ns3:hr>186</ns3:hr>
            <ns3:cad>85</ns3:cad>
          </ns3:TrackPointExtension>
        </extensions>
      </trkpt>
      <trkpt lat="48.822007365524768829345703125" lon="-3.46516887657344341278076171875">
        <ele>25.6000003814697265625</ele>
        <time>2026-07-29T08:42:41.000Z</time>
        <extensions>
          <ns3:TrackPointExtension>
            <ns3:hr>187</ns3:hr>
            <ns3:cad>85</ns3:cad>
          </ns3:TrackPointExtension>
        </extensions>
      </trkpt>
      <trkpt lat="48.82197023369371891021728515625" lon="-3.46497215330600738525390625">
        <ele>23.6000003814697265625</ele>
        <time>2026-07-29T08:42:47.000Z</time>
        <extensions>
          <ns3:TrackPointExtension>
            <ns3:hr>188</ns3:hr>
            <ns3:cad>80</ns3:cad>
          </ns3:TrackPointExtension>
        </extensions>
      </trkpt>
      <trkpt lat="48.82184165529906749725341796875" lon="-3.4647577442228794097900390625">
        <ele>25.6000003814697265625</ele>
        <time>2026-07-29T08:42:54.000Z</time>
        <extensions>
          <ns3:TrackPointExtension>
            <ns3:hr>189</ns3:hr>
            <ns3:cad>81</ns3:cad>
          </ns3:TrackPointExtension>
        </extensions>
      </trkpt>
      <trkpt lat="48.82175599224865436553955078125" lon="-3.4644838236272335052490234375">
        <ele>21.6000003814697265625</ele>
        <time>2026-07-29T08:43:01.000Z</time>
        <extensions>
          <ns3:TrackPointExtension>
            <ns3:hr>190</ns3:hr>
            <ns3:cad>81</ns3:cad>
          </ns3:TrackPointExtension>
        </extensions>
      </trkpt>
      <trkpt lat="48.8216595165431499481201171875" lon="-3.46422105096280574798583984375">
        <ele>20</ele>
        <time>2026-07-29T08:43:08.000Z</time>
        <extensions>
          <ns3:TrackPointExtension>
            <ns3:hr>189</ns3:hr>
            <ns3:cad>83</ns3:cad>
          </ns3:TrackPointExtension>
        </extensions>
      </trkpt>
      <trkpt lat="48.821545355021953582763671875" lon="-3.46400245092809200286865234375">
        <ele>20.6000003814697265625</ele>
        <time>2026-07-29T08:43:14.000Z</time>
        <extensions>
          <ns3:TrackPointExtension>
            <ns3:hr>188</ns3:hr>
            <ns3:cad>83</ns3:cad>
          </ns3:TrackPointExtension>
        </extensions>
      </trkpt>
      <trkpt lat="48.82150252349674701690673828125" lon="-3.46389549784362316131591796875">
        <ele>20.200000762939453125</ele>
        <time>2026-07-29T08:43:17.000Z</time>
        <extensions>
          <ns3:TrackPointExtension>
            <ns3:hr>188</ns3:hr>
            <ns3:cad>82</ns3:cad>
          </ns3:TrackPointExtension>
        </extensions>
      </trkpt>
      <trkpt lat="48.821474276483058929443359375" lon="-3.46360498107969760894775390625">
        <ele>18.200000762939453125</ele>
        <time>2026-07-29T08:43:23.000Z</time>
        <extensions>
          <ns3:TrackPointExtension>
            <ns3:hr>187</ns3:hr>
            <ns3:cad>84</ns3:cad>
          </ns3:TrackPointExtension>
        </extensions>
      </trkpt>
      <trkpt lat="48.8213493861258029937744140625" lon="-3.46344999969005584716796875">
        <ele>23.799999237060546875</ele>
        <time>2026-07-29T08:43:29.000Z</time>
        <extensions>
          <ns3:TrackPointExtension>
            <ns3:hr>187</ns3:hr>
            <ns3:cad>83</ns3:cad>
          </ns3:TrackPointExtension>
        </extensions>
      </trkpt>
      <trkpt lat="48.821206055581569671630859375" lon="-3.4633274562656879425048828125">
        <ele>26.799999237060546875</ele>
        <time>2026-07-29T08:43:36.000Z</time>
        <extensions>
          <ns3:TrackPointExtension>
            <ns3:hr>187</ns3:hr>
            <ns3:cad>79</ns3:cad>
          </ns3:TrackPointExtension>
        </extensions>
      </trkpt>
      <trkpt lat="48.82109482772648334503173828125" lon="-3.46315604634582996368408203125">
        <ele>25</ele>
        <time>2026-07-29T08:43:42.000Z</time>
        <extensions>
          <ns3:TrackPointExtension>
            <ns3:hr>187</ns3:hr>
            <ns3:cad>80</ns3:cad>
          </ns3:TrackPointExtension>
        </extensions>
      </trkpt>
      <trkpt lat="48.8209247589111328125" lon="-3.46300668083131313323974609375">
        <ele>24.799999237060546875</ele>
        <time>2026-07-29T08:43:49.000Z</time>
        <extensions>
          <ns3:TrackPointExtension>
            <ns3:hr>187</ns3:hr>
            <ns3:cad>80</ns3:cad>
          </ns3:TrackPointExtension>
        </extensions>
      </trkpt>
      <trkpt lat="48.8207569532096385955810546875" lon="-3.4628993086516857147216796875">
        <ele>28.3999996185302734375</ele>
        <time>2026-07-29T08:43:56.000Z</time>
        <extensions>
          <ns3:TrackPointExtension>
            <ns3:hr>187</ns3:hr>
            <ns3:cad>81</ns3:cad>
          </ns3:TrackPointExtension>
        </extensions>
      </trkpt>
      <trkpt lat="48.82074530236423015594482421875" lon="-3.462878353893756866455078125">
        <ele>28.200000762939453125</ele>
        <time>2026-07-29T08:43:57.000Z</time>
        <extensions>
          <ns3:TrackPointExtension>
            <ns3:hr>187</ns3:hr>
            <ns3:cad>81</ns3:cad>
          </ns3:TrackPointExtension>
        </extensions>
      </trkpt>
      <trkpt lat="48.82065997458994388580322265625" lon="-3.4626113064587116241455078125">
        <ele>25.6000003814697265625</ele>
        <time>2026-07-29T08:44:04.000Z</time>
        <extensions>
          <ns3:TrackPointExtension>
            <ns3:hr>186</ns3:hr>
            <ns3:cad>79</ns3:cad>
          </ns3:TrackPointExtension>
        </extensions>
      </trkpt>
      <trkpt lat="48.820627368986606597900390625" lon="-3.462326824665069580078125">
        <ele>22.6000003814697265625</ele>
        <time>2026-07-29T08:44:11.000Z</time>
        <extensions>
          <ns3:TrackPointExtension>
            <ns3:hr>186</ns3:hr>
            <ns3:cad>80</ns3:cad>
          </ns3:TrackPointExtension>
        </extensions>
      </trkpt>
      <trkpt lat="48.820560984313488006591796875" lon="-3.46208433620631694793701171875">
        <ele>22.6000003814697265625</ele>
        <time>2026-07-29T08:44:17.000Z</time>
        <extensions>
          <ns3:TrackPointExtension>
            <ns3:hr>185</ns3:hr>
            <ns3:cad>81</ns3:cad>
          </ns3:TrackPointExtension>
        </extensions>
      </trkpt>
      <trkpt lat="48.82046945393085479736328125" lon="-3.46180287189781665802001953125">
        <ele>23</ele>
        <time>2026-07-29T08:44:24.000Z</time>
        <extensions>
          <ns3:TrackPointExtension>
            <ns3:hr>183</ns3:hr>
            <ns3:cad>82</ns3:cad>
          </ns3:TrackPointExtension>
        </extensions>
      </trkpt>
      <trkpt lat="48.82045612670481204986572265625" lon="-3.46176163293421268463134765625">
        <ele>22.200000762939453125</ele>
        <time>2026-07-29T08:44:25.000Z</time>
        <extensions>
          <ns3:TrackPointExtension>
            <ns3:hr>183</ns3:hr>
            <ns3:cad>82</ns3:cad>
          </ns3:TrackPointExtension>
        </extensions>
      </trkpt>
      <trkpt lat="48.82033727131783962249755859375" lon="-3.461513780057430267333984375">
        <ele>20.799999237060546875</ele>
        <time>2026-07-29T08:44:32.000Z</time>
        <extensions>
          <ns3:TrackPointExtension>
            <ns3:hr>182</ns3:hr>
            <ns3:cad>84</ns3:cad>
          </ns3:TrackPointExtension>
        </extensions>
      </trkpt>
      <trkpt lat="48.820303492248058319091796875" lon="-3.46144773066043853759765625">
        <ele>21</ele>
        <time>2026-07-29T08:44:34.000Z</time>
        <extensions>
          <ns3:TrackPointExtension>
            <ns3:hr>182</ns3:hr>
            <ns3:cad>82</ns3:cad>
          </ns3:TrackPointExtension>
        </extensions>
      </trkpt>
      <trkpt lat="48.82016292773187160491943359375" lon="-3.46124581061303615570068359375">
        <ele>20.799999237060546875</ele>
        <time>2026-07-29T08:44:41.000Z</time>
        <extensions>
          <ns3:TrackPointExtension>
            <ns3:hr>182</ns3:hr>
            <ns3:cad>81</ns3:cad>
          </ns3:TrackPointExtension>
        </extensions>
      </trkpt>
      <trkpt lat="48.8200294040143489837646484375" lon="-3.46112393774092197418212890625">
        <ele>22.799999237060546875</ele>
        <time>2026-07-29T08:44:47.000Z</time>
        <extensions>
          <ns3:TrackPointExtension>
            <ns3:hr>182</ns3:hr>
            <ns3:cad>82</ns3:cad>
          </ns3:TrackPointExtension>
        </extensions>
      </trkpt>
      <trkpt lat="48.8199133984744548797607421875" lon="-3.46095018088817596435546875">
        <ele>22.200000762939453125</ele>
        <time>2026-07-29T08:44:53.000Z</time>
        <extensions>
          <ns3:TrackPointExtension>
            <ns3:hr>183</ns3:hr>
            <ns3:cad>83</ns3:cad>
          </ns3:TrackPointExtension>
        </extensions>
      </trkpt>
      <trkpt lat="48.8197980634868144989013671875" lon="-3.460735268890857696533203125">
        <ele>22.6000003814697265625</ele>
        <time>2026-07-29T08:45:00.000Z</time>
        <extensions>
          <ns3:TrackPointExtension>
            <ns3:hr>184</ns3:hr>
            <ns3:cad>81</ns3:cad>
          </ns3:TrackPointExtension>
        </extensions>
      </trkpt>
      <trkpt lat="48.8197802938520908355712890625" lon="-3.46069377847015857696533203125">
        <ele>21.6000003814697265625</ele>
        <time>2026-07-29T08:45:01.000Z</time>
        <extensions>
          <ns3:TrackPointExtension>
            <ns3:hr>184</ns3:hr>
            <ns3:cad>81</ns3:cad>
          </ns3:TrackPointExtension>
        </extensions>
      </trkpt>
      <trkpt lat="48.81968683563172817230224609375" lon="-3.46048942767083644866943359375">
        <ele>19.6000003814697265625</ele>
        <time>2026-07-29T08:45:07.000Z</time>
        <extensions>
          <ns3:TrackPointExtension>
            <ns3:hr>185</ns3:hr>
            <ns3:cad>81</ns3:cad>
          </ns3:TrackPointExtension>
        </extensions>
      </trkpt>
      <trkpt lat="48.81954610347747802734375" lon="-3.46037694253027439117431640625">
        <ele>22</ele>
        <time>2026-07-29T08:45:13.000Z</time>
        <extensions>
          <ns3:TrackPointExtension>
            <ns3:hr>186</ns3:hr>
            <ns3:cad>81</ns3:cad>
          </ns3:TrackPointExtension>
        </extensions>
      </trkpt>
      <trkpt lat="48.8193886913359165191650390625" lon="-3.460442237555980682373046875">
        <ele>22.200000762939453125</ele>
        <time>2026-07-29T08:45:19.000Z</time>
        <extensions>
          <ns3:TrackPointExtension>
            <ns3:hr>186</ns3:hr>
            <ns3:cad>81</ns3:cad>
          </ns3:TrackPointExtension>
        </extensions>
      </trkpt>
      <trkpt lat="48.81925215013325214385986328125" lon="-3.4606274776160717010498046875">
        <ele>24.799999237060546875</ele>
        <time>2026-07-29T08:45:26.000Z</time>
        <extensions>
          <ns3:TrackPointExtension>
            <ns3:hr>186</ns3:hr>
            <ns3:cad>82</ns3:cad>
          </ns3:TrackPointExtension>
        </extensions>
      </trkpt>
      <trkpt lat="48.81914720870554447174072265625" lon="-3.4607429802417755126953125">
        <ele>25.799999237060546875</ele>
        <time>2026-07-29T08:45:31.000Z</time>
        <extensions>
          <ns3:TrackPointExtension>
            <ns3:hr>186</ns3:hr>
            <ns3:cad>83</ns3:cad>
          </ns3:TrackPointExtension>
        </extensions>
      </trkpt>
      <trkpt lat="48.81897412240505218505859375" lon="-3.4608910046517848968505859375">
        <ele>26.3999996185302734375</ele>
        <time>2026-07-29T08:45:38.000Z</time>
        <extensions>
          <ns3:TrackPointExtension>
            <ns3:hr>186</ns3:hr>
            <ns3:cad>81</ns3:cad>
          </ns3:TrackPointExtension>
        </extensions>
      </trkpt>
      <trkpt lat="48.818950317800045013427734375" lon="-3.46090869046747684478759765625">
        <ele>26.3999996185302734375</ele>
        <time>2026-07-29T08:45:39.000Z</time>
        <extensions>
          <ns3:TrackPointExtension>
            <ns3:hr>186</ns3:hr>
            <ns3:cad>81</ns3:cad>
          </ns3:TrackPointExtension>
        </extensions>
      </trkpt>
      <trkpt lat="48.818782009184360504150390625" lon="-3.46104514785110950469970703125">
        <ele>26.200000762939453125</ele>
        <time>2026-07-29T08:45:46.000Z</time>
        <extensions>
          <ns3:TrackPointExtension>
            <ns3:hr>187</ns3:hr>
            <ns3:cad>81</ns3:cad>
          </ns3:TrackPointExtension>
        </extensions>
      </trkpt>
      <trkpt lat="48.8187047280371189117431640625" lon="-3.46110851503908634185791015625">
        <ele>26.200000762939453125</ele>
        <time>2026-07-29T08:45:49.000Z</time>
        <extensions>
          <ns3:TrackPointExtension>
            <ns3:hr>187</ns3:hr>
            <ns3:cad>81</ns3:cad>
          </ns3:TrackPointExtension>
        </extensions>
      </trkpt>
      <trkpt lat="48.8186584599316120147705078125" lon="-3.46114506013691425323486328125">
        <ele>26</ele>
        <time>2026-07-29T08:45:51.000Z</time>
        <extensions>
          <ns3:TrackPointExtension>
            <ns3:hr>187</ns3:hr>
            <ns3:cad>80</ns3:cad>
          </ns3:TrackPointExtension>
        </extensions>
      </trkpt>
    </trkseg>
  </trk>
</gpx>
