<?xml version="1.0" encoding="UTF-8"?>
<gpx creator="Garmin Connect" version="1.1"
  xsi:schemaLocation="http://www.topografix.com/GPX/1/1 http://www.topografix.com/GPX/11.xsd"
  xmlns:ns3="http://www.garmin.com/xmlschemas/TrackPointExtension/v1"
  xmlns="http://www.topografix.com/GPX/1/1"
  xmlns:xsi="http://www.w3.org/2001/XMLSchema-instance" xmlns:ns2="http://www.garmin.com/xmlschemas/GpxExtensions/v3">
  <metadata>
    <link href="connect.garmin.com">
      <text>Garmin Connect</text>
    </link>
    <time>2026-07-23T14:00:10.000Z</time>
  </metadata>
  <trk>
    <name>Trégastel Randonnée</name>
    <type>hiking</type>
    <trkseg>
      <trkpt lat="48.8268106989562511444091796875" lon="-3.51049083285033702850341796875">
        <ele>8.3999996185302734375</ele>
        <time>2026-07-23T14:00:16.000Z</time>
        <extensions>
          <ns3:TrackPointExtension>
            <ns3:atemp>32.0</ns3:atemp>
            <ns3:hr>92</ns3:hr>
            <ns3:cad>0</ns3:cad>
          </ns3:TrackPointExtension>
        </extensions>
      </trkpt>
      <trkpt lat="48.8268135488033294677734375" lon="-3.51046669296920299530029296875">
        <ele>8.3999996185302734375</ele>
        <time>2026-07-23T14:00:17.000Z</time>
        <extensions>
          <ns3:TrackPointExtension>
            <ns3:atemp>32.0</ns3:atemp>
            <ns3:hr>92</ns3:hr>
            <ns3:cad>53</ns3:cad>
          </ns3:TrackPointExtension>
        </extensions>
      </trkpt>
      <trkpt lat="48.826848082244396209716796875" lon="-3.51029838435351848602294921875">
        <ele>8.3999996185302734375</ele>
        <time>2026-07-23T14:00:23.000Z</time>
        <extensions>
          <ns3:TrackPointExtension>
            <ns3:atemp>32.0</ns3:atemp>
            <ns3:hr>90</ns3:hr>
            <ns3:cad>50</ns3:cad>
          </ns3:TrackPointExtension>
        </extensions>
      </trkpt>
      <trkpt lat="48.82689912803471088409423828125" lon="-3.51033777929842472076416015625">
        <ele>8.19999980926513671875</ele>
        <time>2026-07-23T14:00:27.000Z</time>
        <extensions>
          <ns3:TrackPointExtension>
            <ns3:atemp>32.0</ns3:atemp>
            <ns3:hr>89</ns3:hr>
            <ns3:cad>51</ns3:cad>
          </ns3:TrackPointExtension>
        </extensions>
      </trkpt>
      <trkpt lat="48.82694908417761325836181640625" lon="-3.51037633605301380157470703125">
        <ele>8.19999980926513671875</ele>
        <time>2026-07-23T14:00:33.000Z</time>
        <extensions>
          <ns3:TrackPointExtension>
            <ns3:atemp>32.0</ns3:atemp>
            <ns3:hr>89</ns3:hr>
            <ns3:cad>49</ns3:cad>
          </ns3:TrackPointExtension>
        </extensions>
      </trkpt>
      <trkpt lat="48.82699987851083278656005859375" lon="-3.5104337520897388458251953125">
        <ele>8.3999996185302734375</ele>
        <time>2026-07-23T14:00:38.000Z</time>
        <extensions>
          <ns3:TrackPointExtension>
            <ns3:atemp>32.0</ns3:atemp>
            <ns3:hr>86</ns3:hr>
            <ns3:cad>0</ns3:cad>
          </ns3:TrackPointExtension>
        </extensions>
      </trkpt>
      <trkpt lat="48.8270256109535694122314453125" lon="-3.51045546121895313262939453125">
        <ele>8.3999996185302734375</ele>
        <time>2026-07-23T14:00:41.000Z</time>
        <extensions>
          <ns3:TrackPointExtension>
            <ns3:atemp>32.0</ns3:atemp>
            <ns3:hr>85</ns3:hr>
            <ns3:cad>44</ns3:cad>
          </ns3:TrackPointExtension>
        </extensions>
      </trkpt>
      <trkpt lat="48.8270936720073223114013671875" lon="-3.51047541014850139617919921875">
        <ele>7.80000019073486328125</ele>
        <time>2026-07-23T14:00:48.000Z</time>
        <extensions>
          <ns3:TrackPointExtension>
            <ns3:atemp>32.0</ns3:atemp>
            <ns3:hr>85</ns3:hr>
            <ns3:cad>0</ns3:cad>
          </ns3:TrackPointExtension>
        </extensions>
      </trkpt>
      <trkpt lat="48.82718662731349468231201171875" lon="-3.51053609512746334075927734375">
        <ele>8.19999980926513671875</ele>
        <time>2026-07-23T14:00:58.000Z</time>
        <extensions>
          <ns3:TrackPointExtension>
            <ns3:atemp>32.0</ns3:atemp>
            <ns3:hr>86</ns3:hr>
            <ns3:cad>49</ns3:cad>
          </ns3:TrackPointExtension>
        </extensions>
      </trkpt>
      <trkpt lat="48.82723105140030384063720703125" lon="-3.5105182416737079620361328125">
        <ele>8.19999980926513671875</ele>
        <time>2026-07-23T14:01:04.000Z</time>
        <extensions>
          <ns3:TrackPointExtension>
            <ns3:atemp>32.0</ns3:atemp>
            <ns3:hr>86</ns3:hr>
            <ns3:cad>47</ns3:cad>
          </ns3:TrackPointExtension>
        </extensions>
      </trkpt>
      <trkpt lat="48.82732861675322055816650390625" lon="-3.5105329938232898712158203125">
        <ele>7.599999904632568359375</ele>
        <time>2026-07-23T14:01:14.000Z</time>
        <extensions>
          <ns3:TrackPointExtension>
            <ns3:atemp>32.0</ns3:atemp>
            <ns3:hr>85</ns3:hr>
            <ns3:cad>0</ns3:cad>
          </ns3:TrackPointExtension>
        </extensions>
      </trkpt>
      <trkpt lat="48.8273417763411998748779296875" lon="-3.510539196431636810302734375">
        <ele>7.599999904632568359375</ele>
        <time>2026-07-23T14:01:19.000Z</time>
        <extensions>
          <ns3:TrackPointExtension>
            <ns3:atemp>32.0</ns3:atemp>
            <ns3:hr>86</ns3:hr>
            <ns3:cad>0</ns3:cad>
          </ns3:TrackPointExtension>
        </extensions>
      </trkpt>
      <trkpt lat="48.827385194599628448486328125" lon="-3.510543219745159149169921875">
        <ele>7.19999980926513671875</ele>
        <time>2026-07-23T14:01:27.000Z</time>
        <extensions>
          <ns3:TrackPointExtension>
            <ns3:atemp>32.0</ns3:atemp>
            <ns3:hr>86</ns3:hr>
            <ns3:cad>45</ns3:cad>
          </ns3:TrackPointExtension>
        </extensions>
      </trkpt>
      <trkpt lat="48.82744613103568553924560546875" lon="-3.51056258194148540496826171875">
        <ele>7.19999980926513671875</ele>
        <time>2026-07-23T14:01:34.000Z</time>
        <extensions>
          <ns3:TrackPointExtension>
            <ns3:atemp>32.0</ns3:atemp>
            <ns3:hr>83</ns3:hr>
            <ns3:cad>0</ns3:cad>
          </ns3:TrackPointExtension>
        </extensions>
      </trkpt>
      <trkpt lat="48.82745585404336452484130859375" lon="-3.5105658508837223052978515625">
        <ele>7.19999980926513671875</ele>
        <time>2026-07-23T14:01:35.000Z</time>
        <extensions>
          <ns3:TrackPointExtension>
            <ns3:atemp>32.0</ns3:atemp>
            <ns3:hr>83</ns3:hr>
            <ns3:cad>47</ns3:cad>
          </ns3:TrackPointExtension>
        </extensions>
      </trkpt>
      <trkpt lat="48.82749491371214389801025390625" lon="-3.51055906154215335845947265625">
        <ele>7</ele>
        <time>2026-07-23T14:01:39.000Z</time>
        <extensions>
          <ns3:TrackPointExtension>
            <ns3:atemp>32.0</ns3:atemp>
            <ns3:hr>83</ns3:hr>
            <ns3:cad>47</ns3:cad>
          </ns3:TrackPointExtension>
        </extensions>
      </trkpt>
      <trkpt lat="48.8275771401822566986083984375" lon="-3.510488569736480712890625">
        <ele>6.80000019073486328125</ele>
        <time>2026-07-23T14:01:50.000Z</time>
        <extensions>
          <ns3:TrackPointExtension>
            <ns3:atemp>32.0</ns3:atemp>
            <ns3:hr>84</ns3:hr>
            <ns3:cad>47</ns3:cad>
          </ns3:TrackPointExtension>
        </extensions>
      </trkpt>
      <trkpt lat="48.82765450514853000640869140625" lon="-3.5104461573064327239990234375">
        <ele>7.19999980926513671875</ele>
        <time>2026-07-23T14:02:00.000Z</time>
        <extensions>
          <ns3:TrackPointExtension>
            <ns3:atemp>32.0</ns3:atemp>
            <ns3:hr>84</ns3:hr>
            <ns3:cad>47</ns3:cad>
          </ns3:TrackPointExtension>
        </extensions>
      </trkpt>
      <trkpt lat="48.8277156092226505279541015625" lon="-3.51047088392078876495361328125">
        <ele>7.599999904632568359375</ele>
        <time>2026-07-23T14:02:09.000Z</time>
        <extensions>
          <ns3:TrackPointExtension>
            <ns3:atemp>32.0</ns3:atemp>
            <ns3:hr>85</ns3:hr>
            <ns3:cad>0</ns3:cad>
          </ns3:TrackPointExtension>
        </extensions>
      </trkpt>
      <trkpt lat="48.82773815654218196868896484375" lon="-3.51048597134649753570556640625">
        <ele>7.80000019073486328125</ele>
        <time>2026-07-23T14:02:12.000Z</time>
        <extensions>
          <ns3:TrackPointExtension>
            <ns3:atemp>32.0</ns3:atemp>
            <ns3:hr>88</ns3:hr>
            <ns3:cad>0</ns3:cad>
          </ns3:TrackPointExtension>
        </extensions>
      </trkpt>
      <trkpt lat="48.8277638889849185943603515625" lon="-3.51051472127437591552734375">
        <ele>7.599999904632568359375</ele>
        <time>2026-07-23T14:02:16.000Z</time>
        <extensions>
          <ns3:TrackPointExtension>
            <ns3:atemp>32.0</ns3:atemp>
            <ns3:hr>88</ns3:hr>
            <ns3:cad>51</ns3:cad>
          </ns3:TrackPointExtension>
        </extensions>
      </trkpt>
      <trkpt lat="48.8277845084667205810546875" lon="-3.51053123362362384796142578125">
        <ele>7.400000095367431640625</ele>
        <time>2026-07-23T14:02:18.000Z</time>
        <extensions>
          <ns3:TrackPointExtension>
            <ns3:atemp>32.0</ns3:atemp>
            <ns3:hr>86</ns3:hr>
            <ns3:cad>50</ns3:cad>
          </ns3:TrackPointExtension>
        </extensions>
      </trkpt>
      <trkpt lat="48.8278376497328281402587890625" lon="-3.5105809383094310760498046875">
        <ele>7.80000019073486328125</ele>
        <time>2026-07-23T14:02:25.000Z</time>
        <extensions>
          <ns3:TrackPointExtension>
            <ns3:atemp>32.0</ns3:atemp>
            <ns3:hr>85</ns3:hr>
            <ns3:cad>49</ns3:cad>
          </ns3:TrackPointExtension>
        </extensions>
      </trkpt>
      <trkpt lat="48.82786589674651622772216796875" lon="-3.51059527136385440826416015625">
        <ele>8.19999980926513671875</ele>
        <time>2026-07-23T14:02:28.000Z</time>
        <extensions>
          <ns3:TrackPointExtension>
            <ns3:atemp>32.0</ns3:atemp>
            <ns3:hr>87</ns3:hr>
            <ns3:cad>0</ns3:cad>
          </ns3:TrackPointExtension>
        </extensions>
      </trkpt>
      <trkpt lat="48.82789556868374347686767578125" lon="-3.51061069406569004058837890625">
        <ele>8.3999996185302734375</ele>
        <time>2026-07-23T14:02:31.000Z</time>
        <extensions>
          <ns3:TrackPointExtension>
            <ns3:atemp>32.0</ns3:atemp>
            <ns3:hr>91</ns3:hr>
            <ns3:cad>51</ns3:cad>
          </ns3:TrackPointExtension>
        </extensions>
      </trkpt>
      <trkpt lat="48.82791317068040370941162109375" lon="-3.51060700602829456329345703125">
        <ele>8.19999980926513671875</ele>
        <time>2026-07-23T14:02:33.000Z</time>
        <extensions>
          <ns3:TrackPointExtension>
            <ns3:atemp>32.0</ns3:atemp>
            <ns3:hr>92</ns3:hr>
            <ns3:cad>50</ns3:cad>
          </ns3:TrackPointExtension>
        </extensions>
      </trkpt>
      <trkpt lat="48.82798844017088413238525390625" lon="-3.51055721752345561981201171875">
        <ele>7.599999904632568359375</ele>
        <time>2026-07-23T14:02:43.000Z</time>
        <extensions>
          <ns3:TrackPointExtension>
            <ns3:atemp>32.0</ns3:atemp>
            <ns3:hr>90</ns3:hr>
            <ns3:cad>0</ns3:cad>
          </ns3:TrackPointExtension>
        </extensions>
      </trkpt>
      <trkpt lat="48.8280589319765567779541015625" lon="-3.5105222649872303009033203125">
        <ele>7.400000095367431640625</ele>
        <time>2026-07-23T14:02:55.000Z</time>
        <extensions>
          <ns3:TrackPointExtension>
            <ns3:atemp>32.0</ns3:atemp>
            <ns3:hr>87</ns3:hr>
            <ns3:cad>0</ns3:cad>
          </ns3:TrackPointExtension>
        </extensions>
      </trkpt>
      <trkpt lat="48.8280606083571910858154296875" lon="-3.510521762073040008544921875">
        <ele>7.400000095367431640625</ele>
        <time>2026-07-23T14:02:56.000Z</time>
        <extensions>
          <ns3:TrackPointExtension>
            <ns3:atemp>32.0</ns3:atemp>
            <ns3:hr>87</ns3:hr>
            <ns3:cad>0</ns3:cad>
          </ns3:TrackPointExtension>
        </extensions>
      </trkpt>
      <trkpt lat="48.82811986841261386871337890625" lon="-3.5105135478079319000244140625">
        <ele>7.599999904632568359375</ele>
        <time>2026-07-23T14:03:05.000Z</time>
        <extensions>
          <ns3:TrackPointExtension>
            <ns3:atemp>33.0</ns3:atemp>
            <ns3:hr>89</ns3:hr>
            <ns3:cad>47</ns3:cad>
          </ns3:TrackPointExtension>
        </extensions>
      </trkpt>
      <trkpt lat="48.82822774350643157958984375" lon="-3.51051296107470989227294921875">
        <ele>7.80000019073486328125</ele>
        <time>2026-07-23T14:03:18.000Z</time>
        <extensions>
          <ns3:TrackPointExtension>
            <ns3:atemp>33.0</ns3:atemp>
            <ns3:hr>89</ns3:hr>
            <ns3:cad>0</ns3:cad>
          </ns3:TrackPointExtension>
        </extensions>
      </trkpt>
      <trkpt lat="48.8283298350870609283447265625" lon="-3.51052922196686267852783203125">
        <ele>7.19999980926513671875</ele>
        <time>2026-07-23T14:03:30.000Z</time>
        <extensions>
          <ns3:TrackPointExtension>
            <ns3:atemp>33.0</ns3:atemp>
            <ns3:hr>86</ns3:hr>
            <ns3:cad>48</ns3:cad>
          </ns3:TrackPointExtension>
        </extensions>
      </trkpt>
      <trkpt lat="48.82834710180759429931640625" lon="-3.51053073070943355560302734375">
        <ele>7.19999980926513671875</ele>
        <time>2026-07-23T14:03:32.000Z</time>
        <extensions>
          <ns3:TrackPointExtension>
            <ns3:atemp>33.0</ns3:atemp>
            <ns3:hr>85</ns3:hr>
            <ns3:cad>47</ns3:cad>
          </ns3:TrackPointExtension>
        </extensions>
      </trkpt>
      <trkpt lat="48.8283543102443218231201171875" lon="-3.510533832013607025146484375">
        <ele>7.19999980926513671875</ele>
        <time>2026-07-23T14:03:33.000Z</time>
        <extensions>
          <ns3:TrackPointExtension>
            <ns3:atemp>33.0</ns3:atemp>
            <ns3:hr>86</ns3:hr>
            <ns3:cad>48</ns3:cad>
          </ns3:TrackPointExtension>
        </extensions>
      </trkpt>
      <trkpt lat="48.82842211984097957611083984375" lon="-3.5105393640697002410888671875">
        <ele>6.80000019073486328125</ele>
        <time>2026-07-23T14:03:41.000Z</time>
        <extensions>
          <ns3:TrackPointExtension>
            <ns3:atemp>33.0</ns3:atemp>
            <ns3:hr>83</ns3:hr>
            <ns3:cad>0</ns3:cad>
          </ns3:TrackPointExtension>
        </extensions>
      </trkpt>
      <trkpt lat="48.82845573127269744873046875" lon="-3.51053886115550994873046875">
        <ele>7</ele>
        <time>2026-07-23T14:03:45.000Z</time>
        <extensions>
          <ns3:TrackPointExtension>
            <ns3:atemp>33.0</ns3:atemp>
            <ns3:hr>84</ns3:hr>
            <ns3:cad>50</ns3:cad>
          </ns3:TrackPointExtension>
        </extensions>
      </trkpt>
      <trkpt lat="48.828510381281375885009765625" lon="-3.51053743623197078704833984375">
        <ele>7.80000019073486328125</ele>
        <time>2026-07-23T14:03:52.000Z</time>
        <extensions>
          <ns3:TrackPointExtension>
            <ns3:atemp>33.0</ns3:atemp>
            <ns3:hr>86</ns3:hr>
            <ns3:cad>0</ns3:cad>
          </ns3:TrackPointExtension>
        </extensions>
      </trkpt>
      <trkpt lat="48.8285611756145954132080078125" lon="-3.5105531103909015655517578125">
        <ele>8</ele>
        <time>2026-07-23T14:03:58.000Z</time>
        <extensions>
          <ns3:TrackPointExtension>
            <ns3:atemp>33.0</ns3:atemp>
            <ns3:hr>86</ns3:hr>
            <ns3:cad>45</ns3:cad>
          </ns3:TrackPointExtension>
        </extensions>
      </trkpt>
      <trkpt lat="48.82870928384363651275634765625" lon="-3.51056191138923168182373046875">
        <ele>7.400000095367431640625</ele>
        <time>2026-07-23T14:04:15.000Z</time>
        <extensions>
          <ns3:TrackPointExtension>
            <ns3:atemp>33.0</ns3:atemp>
            <ns3:hr>86</ns3:hr>
            <ns3:cad>48</ns3:cad>
          </ns3:TrackPointExtension>
        </extensions>
      </trkpt>
      <trkpt lat="48.828763179481029510498046875" lon="-3.51055034436285495758056640625">
        <ele>7.400000095367431640625</ele>
        <time>2026-07-23T14:04:21.000Z</time>
        <extensions>
          <ns3:TrackPointExtension>
            <ns3:atemp>33.0</ns3:atemp>
            <ns3:hr>83</ns3:hr>
            <ns3:cad>48</ns3:cad>
          </ns3:TrackPointExtension>
        </extensions>
      </trkpt>
      <trkpt lat="48.82882445119321346282958984375" lon="-3.5105336643755435943603515625">
        <ele>6.599999904632568359375</ele>
        <time>2026-07-23T14:04:28.000Z</time>
        <extensions>
          <ns3:TrackPointExtension>
            <ns3:atemp>33.0</ns3:atemp>
            <ns3:hr>84</ns3:hr>
            <ns3:cad>47</ns3:cad>
          </ns3:TrackPointExtension>
        </extensions>
      </trkpt>
      <trkpt lat="48.8288873992860317230224609375" lon="-3.51053441874682903289794921875">
        <ele>6.599999904632568359375</ele>
        <time>2026-07-23T14:04:35.000Z</time>
        <extensions>
          <ns3:TrackPointExtension>
            <ns3:atemp>33.0</ns3:atemp>
            <ns3:hr>87</ns3:hr>
            <ns3:cad>48</ns3:cad>
          </ns3:TrackPointExtension>
        </extensions>
      </trkpt>
      <trkpt lat="48.82892285473644733428955078125" lon="-3.51053760387003421783447265625">
        <ele>7</ele>
        <time>2026-07-23T14:04:39.000Z</time>
        <extensions>
          <ns3:TrackPointExtension>
            <ns3:atemp>33.0</ns3:atemp>
            <ns3:hr>87</ns3:hr>
            <ns3:cad>47</ns3:cad>
          </ns3:TrackPointExtension>
        </extensions>
      </trkpt>
      <trkpt lat="48.82896526716649532318115234375" lon="-3.51053793914616107940673828125">
        <ele>7.19999980926513671875</ele>
        <time>2026-07-23T14:04:44.000Z</time>
        <extensions>
          <ns3:TrackPointExtension>
            <ns3:atemp>33.0</ns3:atemp>
            <ns3:hr>90</ns3:hr>
            <ns3:cad>48</ns3:cad>
          </ns3:TrackPointExtension>
        </extensions>
      </trkpt>
      <trkpt lat="48.8290017284452915191650390625" lon="-3.51053710095584392547607421875">
        <ele>6.599999904632568359375</ele>
        <time>2026-07-23T14:04:49.000Z</time>
        <extensions>
          <ns3:TrackPointExtension>
            <ns3:atemp>33.0</ns3:atemp>
            <ns3:hr>93</ns3:hr>
            <ns3:cad>0</ns3:cad>
          </ns3:TrackPointExtension>
        </extensions>
      </trkpt>
      <trkpt lat="48.82903148420155048370361328125" lon="-3.51054263301193714141845703125">
        <ele>6.400000095367431640625</ele>
        <time>2026-07-23T14:04:53.000Z</time>
        <extensions>
          <ns3:TrackPointExtension>
            <ns3:atemp>34.0</ns3:atemp>
            <ns3:hr>93</ns3:hr>
            <ns3:cad>0</ns3:cad>
          </ns3:TrackPointExtension>
        </extensions>
      </trkpt>
      <trkpt lat="48.8290397822856903076171875" lon="-3.5105447284877300262451171875">
        <ele>6.400000095367431640625</ele>
        <time>2026-07-23T14:04:54.000Z</time>
        <extensions>
          <ns3:TrackPointExtension>
            <ns3:atemp>34.0</ns3:atemp>
            <ns3:hr>92</ns3:hr>
            <ns3:cad>0</ns3:cad>
          </ns3:TrackPointExtension>
        </extensions>
      </trkpt>
      <trkpt lat="48.82906434126198291778564453125" lon="-3.5105430521070957183837890625">
        <ele>6.19999980926513671875</ele>
        <time>2026-07-23T14:04:57.000Z</time>
        <extensions>
          <ns3:TrackPointExtension>
            <ns3:atemp>34.0</ns3:atemp>
            <ns3:hr>90</ns3:hr>
            <ns3:cad>0</ns3:cad>
          </ns3:TrackPointExtension>
        </extensions>
      </trkpt>
      <trkpt lat="48.82913290522992610931396484375" lon="-3.51054296828806400299072265625">
        <ele>6</ele>
        <time>2026-07-23T14:05:06.000Z</time>
        <extensions>
          <ns3:TrackPointExtension>
            <ns3:atemp>34.0</ns3:atemp>
            <ns3:hr>89</ns3:hr>
            <ns3:cad>46</ns3:cad>
          </ns3:TrackPointExtension>
        </extensions>
      </trkpt>
      <trkpt lat="48.82919610477983951568603515625" lon="-3.51055470295250415802001953125">
        <ele>5.599999904632568359375</ele>
        <time>2026-07-23T14:05:14.000Z</time>
        <extensions>
          <ns3:TrackPointExtension>
            <ns3:atemp>34.0</ns3:atemp>
            <ns3:hr>86</ns3:hr>
            <ns3:cad>0</ns3:cad>
          </ns3:TrackPointExtension>
        </extensions>
      </trkpt>
      <trkpt lat="48.829279839992523193359375" lon="-3.5105655156075954437255859375">
        <ele>5.599999904632568359375</ele>
        <time>2026-07-23T14:05:24.000Z</time>
        <extensions>
          <ns3:TrackPointExtension>
            <ns3:atemp>34.0</ns3:atemp>
            <ns3:hr>87</ns3:hr>
            <ns3:cad>45</ns3:cad>
          </ns3:TrackPointExtension>
        </extensions>
      </trkpt>
      <trkpt lat="48.82929216139018535614013671875" lon="-3.51056610234081745147705078125">
        <ele>5.599999904632568359375</ele>
        <time>2026-07-23T14:05:26.000Z</time>
        <extensions>
          <ns3:TrackPointExtension>
            <ns3:atemp>34.0</ns3:atemp>
            <ns3:hr>87</ns3:hr>
            <ns3:cad>44</ns3:cad>
          </ns3:TrackPointExtension>
        </extensions>
      </trkpt>
      <trkpt lat="48.82935938425362110137939453125" lon="-3.510578088462352752685546875">
        <ele>5.19999980926513671875</ele>
        <time>2026-07-23T14:05:35.000Z</time>
        <extensions>
          <ns3:TrackPointExtension>
            <ns3:atemp>34.0</ns3:atemp>
            <ns3:hr>88</ns3:hr>
            <ns3:cad>0</ns3:cad>
          </ns3:TrackPointExtension>
        </extensions>
      </trkpt>
      <trkpt lat="48.82937396876513957977294921875" lon="-3.5105809383094310760498046875">
        <ele>4.80000019073486328125</ele>
        <time>2026-07-23T14:05:40.000Z</time>
        <extensions>
          <ns3:TrackPointExtension>
            <ns3:atemp>34.0</ns3:atemp>
            <ns3:hr>90</ns3:hr>
            <ns3:cad>0</ns3:cad>
          </ns3:TrackPointExtension>
        </extensions>
      </trkpt>
      <trkpt lat="48.82937313057482242584228515625" lon="-3.51058001630008220672607421875">
        <ele>4</ele>
        <time>2026-07-23T14:05:43.000Z</time>
        <extensions>
          <ns3:TrackPointExtension>
            <ns3:atemp>34.0</ns3:atemp>
            <ns3:hr>91</ns3:hr>
            <ns3:cad>0</ns3:cad>
          </ns3:TrackPointExtension>
        </extensions>
      </trkpt>
      <trkpt lat="48.82936961017549037933349609375" lon="-3.51058286614716053009033203125">
        <ele>4.19999980926513671875</ele>
        <time>2026-07-23T14:05:46.000Z</time>
        <extensions>
          <ns3:TrackPointExtension>
            <ns3:atemp>34.0</ns3:atemp>
            <ns3:hr>90</ns3:hr>
            <ns3:cad>0</ns3:cad>
          </ns3:TrackPointExtension>
        </extensions>
      </trkpt>
      <trkpt lat="48.8294134475290775299072265625" lon="-3.5105940140783786773681640625">
        <ele>4.80000019073486328125</ele>
        <time>2026-07-23T14:05:52.000Z</time>
        <extensions>
          <ns3:TrackPointExtension>
            <ns3:atemp>34.0</ns3:atemp>
            <ns3:hr>93</ns3:hr>
            <ns3:cad>0</ns3:cad>
          </ns3:TrackPointExtension>
        </extensions>
      </trkpt>
      <trkpt lat="48.82942459546029567718505859375" lon="-3.5105960257351398468017578125">
        <ele>4.80000019073486328125</ele>
        <time>2026-07-23T14:05:53.000Z</time>
        <extensions>
          <ns3:TrackPointExtension>
            <ns3:atemp>34.0</ns3:atemp>
            <ns3:hr>92</ns3:hr>
            <ns3:cad>0</ns3:cad>
          </ns3:TrackPointExtension>
        </extensions>
      </trkpt>
      <trkpt lat="48.8294734619557857513427734375" lon="-3.51059191860258579254150390625">
        <ele>5.19999980926513671875</ele>
        <time>2026-07-23T14:05:58.000Z</time>
        <extensions>
          <ns3:TrackPointExtension>
            <ns3:atemp>34.0</ns3:atemp>
            <ns3:hr>91</ns3:hr>
            <ns3:cad>50</ns3:cad>
          </ns3:TrackPointExtension>
        </extensions>
      </trkpt>
      <trkpt lat="48.82952333427965641021728515625" lon="-3.5105891525745391845703125">
        <ele>6.400000095367431640625</ele>
        <time>2026-07-23T14:06:03.000Z</time>
        <extensions>
          <ns3:TrackPointExtension>
            <ns3:atemp>34.0</ns3:atemp>
            <ns3:hr>92</ns3:hr>
            <ns3:cad>49</ns3:cad>
          </ns3:TrackPointExtension>
        </extensions>
      </trkpt>
      <trkpt lat="48.82953205145895481109619140625" lon="-3.51059158332645893096923828125">
        <ele>6.599999904632568359375</ele>
        <time>2026-07-23T14:06:04.000Z</time>
        <extensions>
          <ns3:TrackPointExtension>
            <ns3:atemp>34.0</ns3:atemp>
            <ns3:hr>92</ns3:hr>
            <ns3:cad>49</ns3:cad>
          </ns3:TrackPointExtension>
        </extensions>
      </trkpt>
      <trkpt lat="48.82957714609801769256591796875" lon="-3.510590828955173492431640625">
        <ele>7.400000095367431640625</ele>
        <time>2026-07-23T14:06:09.000Z</time>
        <extensions>
          <ns3:TrackPointExtension>
            <ns3:atemp>34.0</ns3:atemp>
            <ns3:hr>93</ns3:hr>
            <ns3:cad>0</ns3:cad>
          </ns3:TrackPointExtension>
        </extensions>
      </trkpt>
      <trkpt lat="48.8296139426529407501220703125" lon="-3.5105956904590129852294921875">
        <ele>7.599999904632568359375</ele>
        <time>2026-07-23T14:06:13.000Z</time>
        <extensions>
          <ns3:TrackPointExtension>
            <ns3:atemp>34.0</ns3:atemp>
            <ns3:hr>94</ns3:hr>
            <ns3:cad>0</ns3:cad>
          </ns3:TrackPointExtension>
        </extensions>
      </trkpt>
      <trkpt lat="48.82964738644659519195556640625" lon="-3.5106067545711994171142578125">
        <ele>7.80000019073486328125</ele>
        <time>2026-07-23T14:06:17.000Z</time>
        <extensions>
          <ns3:TrackPointExtension>
            <ns3:atemp>34.0</ns3:atemp>
            <ns3:hr>97</ns3:hr>
            <ns3:cad>48</ns3:cad>
          </ns3:TrackPointExtension>
        </extensions>
      </trkpt>
      <trkpt lat="48.82966884411871433258056640625" lon="-3.51060055196285247802734375">
        <ele>7.80000019073486328125</ele>
        <time>2026-07-23T14:06:20.000Z</time>
        <extensions>
          <ns3:TrackPointExtension>
            <ns3:atemp>34.0</ns3:atemp>
            <ns3:hr>100</ns3:hr>
            <ns3:cad>50</ns3:cad>
          </ns3:TrackPointExtension>
        </extensions>
      </trkpt>
      <trkpt lat="48.82968829013407230377197265625" lon="-3.51059325970709323883056640625">
        <ele>7.599999904632568359375</ele>
        <time>2026-07-23T14:06:22.000Z</time>
        <extensions>
          <ns3:TrackPointExtension>
            <ns3:atemp>34.0</ns3:atemp>
            <ns3:hr>103</ns3:hr>
            <ns3:cad>50</ns3:cad>
          </ns3:TrackPointExtension>
        </extensions>
      </trkpt>
      <trkpt lat="48.82969482801854610443115234375" lon="-3.51059108041226863861083984375">
        <ele>7.599999904632568359375</ele>
        <time>2026-07-23T14:06:23.000Z</time>
        <extensions>
          <ns3:TrackPointExtension>
            <ns3:atemp>34.0</ns3:atemp>
            <ns3:hr>104</ns3:hr>
            <ns3:cad>49</ns3:cad>
          </ns3:TrackPointExtension>
        </extensions>
      </trkpt>
      <trkpt lat="48.82970924489200115203857421875" lon="-3.510585129261016845703125">
        <ele>7.599999904632568359375</ele>
        <time>2026-07-23T14:06:26.000Z</time>
        <extensions>
          <ns3:TrackPointExtension>
            <ns3:atemp>34.0</ns3:atemp>
            <ns3:hr>107</ns3:hr>
            <ns3:cad>0</ns3:cad>
          </ns3:TrackPointExtension>
        </extensions>
      </trkpt>
      <trkpt lat="48.82973606698215007781982421875" lon="-3.51057029329240322113037109375">
        <ele>7.80000019073486328125</ele>
        <time>2026-07-23T14:06:29.000Z</time>
        <extensions>
          <ns3:TrackPointExtension>
            <ns3:atemp>34.0</ns3:atemp>
            <ns3:hr>108</ns3:hr>
            <ns3:cad>0</ns3:cad>
          </ns3:TrackPointExtension>
        </extensions>
      </trkpt>
      <trkpt lat="48.829773031175136566162109375" lon="-3.5105752386152744293212890625">
        <ele>8</ele>
        <time>2026-07-23T14:06:35.000Z</time>
        <extensions>
          <ns3:TrackPointExtension>
            <ns3:atemp>34.0</ns3:atemp>
            <ns3:hr>105</ns3:hr>
            <ns3:cad>0</ns3:cad>
          </ns3:TrackPointExtension>
        </extensions>
      </trkpt>
      <trkpt lat="48.82982625626027584075927734375" lon="-3.51057498715817928314208984375">
        <ele>8.6000003814697265625</ele>
        <time>2026-07-23T14:06:40.000Z</time>
        <extensions>
          <ns3:TrackPointExtension>
            <ns3:atemp>34.0</ns3:atemp>
            <ns3:hr>106</ns3:hr>
            <ns3:cad>0</ns3:cad>
          </ns3:TrackPointExtension>
        </extensions>
      </trkpt>
      <trkpt lat="48.8298540003597736358642578125" lon="-3.510574735701084136962890625">
        <ele>9</ele>
        <time>2026-07-23T14:06:43.000Z</time>
        <extensions>
          <ns3:TrackPointExtension>
            <ns3:atemp>34.0</ns3:atemp>
            <ns3:hr>107</ns3:hr>
            <ns3:cad>49</ns3:cad>
          </ns3:TrackPointExtension>
        </extensions>
      </trkpt>
      <trkpt lat="48.82993890903890132904052734375" lon="-3.5105765797197818756103515625">
        <ele>9.6000003814697265625</ele>
        <time>2026-07-23T14:06:51.000Z</time>
        <extensions>
          <ns3:TrackPointExtension>
            <ns3:atemp>34.0</ns3:atemp>
            <ns3:hr>108</ns3:hr>
            <ns3:cad>50</ns3:cad>
          </ns3:TrackPointExtension>
        </extensions>
      </trkpt>
      <trkpt lat="48.8299596123397350311279296875" lon="-3.510571382939815521240234375">
        <ele>9.6000003814697265625</ele>
        <time>2026-07-23T14:06:53.000Z</time>
        <extensions>
          <ns3:TrackPointExtension>
            <ns3:atemp>34.0</ns3:atemp>
            <ns3:hr>109</ns3:hr>
            <ns3:cad>50</ns3:cad>
          </ns3:TrackPointExtension>
        </extensions>
      </trkpt>
      <trkpt lat="48.82997076027095317840576171875" lon="-3.51057062856853008270263671875">
        <ele>9.6000003814697265625</ele>
        <time>2026-07-23T14:06:54.000Z</time>
        <extensions>
          <ns3:TrackPointExtension>
            <ns3:atemp>34.0</ns3:atemp>
            <ns3:hr>106</ns3:hr>
            <ns3:cad>50</ns3:cad>
          </ns3:TrackPointExtension>
        </extensions>
      </trkpt>
      <trkpt lat="48.83001937530934810638427734375" lon="-3.51057163439691066741943359375">
        <ele>10.19999980926513671875</ele>
        <time>2026-07-23T14:06:59.000Z</time>
        <extensions>
          <ns3:TrackPointExtension>
            <ns3:atemp>34.0</ns3:atemp>
            <ns3:hr>108</ns3:hr>
            <ns3:cad>48</ns3:cad>
          </ns3:TrackPointExtension>
        </extensions>
      </trkpt>
      <trkpt lat="48.8300514779984951019287109375" lon="-3.51057934574782848358154296875">
        <ele>10.6000003814697265625</ele>
        <time>2026-07-23T14:07:02.000Z</time>
        <extensions>
          <ns3:TrackPointExtension>
            <ns3:atemp>34.0</ns3:atemp>
            <ns3:hr>109</ns3:hr>
            <ns3:cad>48</ns3:cad>
          </ns3:TrackPointExtension>
        </extensions>
      </trkpt>
      <trkpt lat="48.83006094954907894134521484375" lon="-3.5105784237384796142578125">
        <ele>10.80000019073486328125</ele>
        <time>2026-07-23T14:07:03.000Z</time>
        <extensions>
          <ns3:TrackPointExtension>
            <ns3:atemp>34.0</ns3:atemp>
            <ns3:hr>109</ns3:hr>
            <ns3:cad>48</ns3:cad>
          </ns3:TrackPointExtension>
        </extensions>
      </trkpt>
      <trkpt lat="48.8300885260105133056640625" lon="-3.51058286614716053009033203125">
        <ele>11</ele>
        <time>2026-07-23T14:07:06.000Z</time>
        <extensions>
          <ns3:TrackPointExtension>
            <ns3:atemp>34.0</ns3:atemp>
            <ns3:hr>109</ns3:hr>
            <ns3:cad>51</ns3:cad>
          </ns3:TrackPointExtension>
        </extensions>
      </trkpt>
      <trkpt lat="48.83012582547962665557861328125" lon="-3.51059208624064922332763671875">
        <ele>11.19999980926513671875</ele>
        <time>2026-07-23T14:07:10.000Z</time>
        <extensions>
          <ns3:TrackPointExtension>
            <ns3:atemp>34.0</ns3:atemp>
            <ns3:hr>108</ns3:hr>
            <ns3:cad>48</ns3:cad>
          </ns3:TrackPointExtension>
        </extensions>
      </trkpt>
      <trkpt lat="48.83019858039915561676025390625" lon="-3.51059527136385440826416015625">
        <ele>11.80000019073486328125</ele>
        <time>2026-07-23T14:07:17.000Z</time>
        <extensions>
          <ns3:TrackPointExtension>
            <ns3:atemp>34.0</ns3:atemp>
            <ns3:hr>108</ns3:hr>
            <ns3:cad>50</ns3:cad>
          </ns3:TrackPointExtension>
        </extensions>
      </trkpt>
      <trkpt lat="48.8302358798682689666748046875" lon="-3.510603569447994232177734375">
        <ele>12</ele>
        <time>2026-07-23T14:07:21.000Z</time>
        <extensions>
          <ns3:TrackPointExtension>
            <ns3:atemp>34.0</ns3:atemp>
            <ns3:hr>105</ns3:hr>
            <ns3:cad>48</ns3:cad>
          </ns3:TrackPointExtension>
        </extensions>
      </trkpt>
      <trkpt lat="48.83024476468563079833984375" lon="-3.51060725748538970947265625">
        <ele>12</ele>
        <time>2026-07-23T14:07:22.000Z</time>
        <extensions>
          <ns3:TrackPointExtension>
            <ns3:atemp>34.0</ns3:atemp>
            <ns3:hr>108</ns3:hr>
            <ns3:cad>49</ns3:cad>
          </ns3:TrackPointExtension>
        </extensions>
      </trkpt>
      <trkpt lat="48.83025255985558032989501953125" lon="-3.5106134600937366485595703125">
        <ele>12</ele>
        <time>2026-07-23T14:07:23.000Z</time>
        <extensions>
          <ns3:TrackPointExtension>
            <ns3:atemp>34.0</ns3:atemp>
            <ns3:hr>109</ns3:hr>
            <ns3:cad>49</ns3:cad>
          </ns3:TrackPointExtension>
        </extensions>
      </trkpt>
      <trkpt lat="48.83033587597310543060302734375" lon="-3.51060583256185054779052734375">
        <ele>12.19999980926513671875</ele>
        <time>2026-07-23T14:07:32.000Z</time>
        <extensions>
          <ns3:TrackPointExtension>
            <ns3:atemp>34.0</ns3:atemp>
            <ns3:hr>108</ns3:hr>
            <ns3:cad>50</ns3:cad>
          </ns3:TrackPointExtension>
        </extensions>
      </trkpt>
      <trkpt lat="48.83036638610064983367919921875" lon="-3.5106127895414829254150390625">
        <ele>12.19999980926513671875</ele>
        <time>2026-07-23T14:07:36.000Z</time>
        <extensions>
          <ns3:TrackPointExtension>
            <ns3:atemp>34.0</ns3:atemp>
            <ns3:hr>112</ns3:hr>
            <ns3:cad>48</ns3:cad>
          </ns3:TrackPointExtension>
        </extensions>
      </trkpt>
      <trkpt lat="48.83037644438445568084716796875" lon="-3.51061262190341949462890625">
        <ele>12.19999980926513671875</ele>
        <time>2026-07-23T14:07:37.000Z</time>
        <extensions>
          <ns3:TrackPointExtension>
            <ns3:atemp>34.0</ns3:atemp>
            <ns3:hr>109</ns3:hr>
            <ns3:cad>51</ns3:cad>
          </ns3:TrackPointExtension>
        </extensions>
      </trkpt>
      <trkpt lat="48.83039630949497222900390625" lon="-3.5106191597878932952880859375">
        <ele>12.19999980926513671875</ele>
        <time>2026-07-23T14:07:41.000Z</time>
        <extensions>
          <ns3:TrackPointExtension>
            <ns3:atemp>34.0</ns3:atemp>
            <ns3:hr>105</ns3:hr>
            <ns3:cad>0</ns3:cad>
          </ns3:TrackPointExtension>
        </extensions>
      </trkpt>
      <trkpt lat="48.83039555512368679046630859375" lon="-3.510618321597576141357421875">
        <ele>12.19999980926513671875</ele>
        <time>2026-07-23T14:07:42.000Z</time>
        <extensions>
          <ns3:TrackPointExtension>
            <ns3:atemp>34.0</ns3:atemp>
            <ns3:hr>108</ns3:hr>
            <ns3:cad>0</ns3:cad>
          </ns3:TrackPointExtension>
        </extensions>
      </trkpt>
      <trkpt lat="48.83039404638111591339111328125" lon="-3.51061689667403697967529296875">
        <ele>10.80000019073486328125</ele>
        <time>2026-07-23T14:07:55.000Z</time>
        <extensions>
          <ns3:TrackPointExtension>
            <ns3:atemp>34.0</ns3:atemp>
            <ns3:hr>109</ns3:hr>
            <ns3:cad>59</ns3:cad>
          </ns3:TrackPointExtension>
        </extensions>
      </trkpt>
      <trkpt lat="48.83039404638111591339111328125" lon="-3.51061689667403697967529296875">
        <ele>10.6000003814697265625</ele>
        <time>2026-07-23T14:07:56.000Z</time>
        <extensions>
          <ns3:TrackPointExtension>
            <ns3:atemp>34.0</ns3:atemp>
            <ns3:hr>109</ns3:hr>
            <ns3:cad>59</ns3:cad>
          </ns3:TrackPointExtension>
        </extensions>
      </trkpt>
      <trkpt lat="48.83039404638111591339111328125" lon="-3.51061689667403697967529296875">
        <ele>9.6000003814697265625</ele>
        <time>2026-07-23T14:08:01.000Z</time>
        <extensions>
          <ns3:TrackPointExtension>
            <ns3:atemp>34.0</ns3:atemp>
            <ns3:hr>110</ns3:hr>
            <ns3:cad>0</ns3:cad>
          </ns3:TrackPointExtension>
        </extensions>
      </trkpt>
      <trkpt lat="48.8303934596478939056396484375" lon="-3.51061664521694183349609375">
        <ele>8.6000003814697265625</ele>
        <time>2026-07-23T14:08:07.000Z</time>
        <extensions>
          <ns3:TrackPointExtension>
            <ns3:atemp>34.0</ns3:atemp>
            <ns3:hr>108</ns3:hr>
            <ns3:cad>0</ns3:cad>
          </ns3:TrackPointExtension>
        </extensions>
      </trkpt>
      <trkpt lat="48.8303921185433864593505859375" lon="-3.51060415618121623992919921875">
        <ele>7.599999904632568359375</ele>
        <time>2026-07-23T14:08:15.000Z</time>
        <extensions>
          <ns3:TrackPointExtension>
            <ns3:atemp>34.0</ns3:atemp>
            <ns3:hr>106</ns3:hr>
            <ns3:cad>0</ns3:cad>
          </ns3:TrackPointExtension>
        </extensions>
      </trkpt>
      <trkpt lat="48.8303921185433864593505859375" lon="-3.51059745065867900848388671875">
        <ele>6.400000095367431640625</ele>
        <time>2026-07-23T14:08:23.000Z</time>
        <extensions>
          <ns3:TrackPointExtension>
            <ns3:atemp>34.0</ns3:atemp>
            <ns3:hr>105</ns3:hr>
            <ns3:cad>0</ns3:cad>
          </ns3:TrackPointExtension>
        </extensions>
      </trkpt>
      <trkpt lat="48.83039765059947967529296875" lon="-3.51059250533580780029296875">
        <ele>5.400000095367431640625</ele>
        <time>2026-07-23T14:08:32.000Z</time>
        <extensions>
          <ns3:TrackPointExtension>
            <ns3:atemp>34.0</ns3:atemp>
            <ns3:hr>105</ns3:hr>
            <ns3:cad>0</ns3:cad>
          </ns3:TrackPointExtension>
        </extensions>
      </trkpt>
      <trkpt lat="48.83039773441851139068603515625" lon="-3.51058169268071651458740234375">
        <ele>4.400000095367431640625</ele>
        <time>2026-07-23T14:08:44.000Z</time>
        <extensions>
          <ns3:TrackPointExtension>
            <ns3:atemp>34.0</ns3:atemp>
            <ns3:hr>106</ns3:hr>
            <ns3:cad>0</ns3:cad>
          </ns3:TrackPointExtension>
        </extensions>
      </trkpt>
      <trkpt lat="48.8303958065807819366455078125" lon="-3.51057238876819610595703125">
        <ele>3.400000095367431640625</ele>
        <time>2026-07-23T14:09:00.000Z</time>
        <extensions>
          <ns3:TrackPointExtension>
            <ns3:atemp>34.0</ns3:atemp>
            <ns3:hr>103</ns3:hr>
            <ns3:cad>0</ns3:cad>
          </ns3:TrackPointExtension>
        </extensions>
      </trkpt>
      <trkpt lat="48.83039572276175022125244140625" lon="-3.51057238876819610595703125">
        <ele>3.2000000476837158203125</ele>
        <time>2026-07-23T14:09:01.000Z</time>
        <extensions>
          <ns3:TrackPointExtension>
            <ns3:atemp>34.0</ns3:atemp>
            <ns3:hr>103</ns3:hr>
            <ns3:cad>0</ns3:cad>
          </ns3:TrackPointExtension>
        </extensions>
      </trkpt>
      <trkpt lat="48.8303942978382110595703125" lon="-3.51056962274014949798583984375">
        <ele>2.400000095367431640625</ele>
        <time>2026-07-23T14:09:16.000Z</time>
        <extensions>
          <ns3:TrackPointExtension>
            <ns3:atemp>34.0</ns3:atemp>
            <ns3:hr>101</ns3:hr>
            <ns3:cad>0</ns3:cad>
          </ns3:TrackPointExtension>
        </extensions>
      </trkpt>
      <trkpt lat="48.83085136301815509796142578125" lon="-3.51065293885767459869384765625">
        <ele>5.80000019073486328125</ele>
        <time>2026-07-23T14:10:16.000Z</time>
        <extensions>
          <ns3:TrackPointExtension>
            <ns3:atemp>34.0</ns3:atemp>
            <ns3:hr>98</ns3:hr>
            <ns3:cad>55</ns3:cad>
          </ns3:TrackPointExtension>
        </extensions>
      </trkpt>
      <trkpt lat="48.8308985531330108642578125" lon="-3.5106508433818817138671875">
        <ele>6.19999980926513671875</ele>
        <time>2026-07-23T14:10:20.000Z</time>
        <extensions>
          <ns3:TrackPointExtension>
            <ns3:atemp>34.0</ns3:atemp>
            <ns3:hr>100</ns3:hr>
            <ns3:cad>55</ns3:cad>
          </ns3:TrackPointExtension>
        </extensions>
      </trkpt>
      <trkpt lat="48.8309334218502044677734375" lon="-3.51064623333513736724853515625">
        <ele>6.19999980926513671875</ele>
        <time>2026-07-23T14:10:23.000Z</time>
        <extensions>
          <ns3:TrackPointExtension>
            <ns3:atemp>34.0</ns3:atemp>
            <ns3:hr>103</ns3:hr>
            <ns3:cad>54</ns3:cad>
          </ns3:TrackPointExtension>
        </extensions>
      </trkpt>
      <trkpt lat="48.83099821396172046661376953125" lon="-3.51065394468605518341064453125">
        <ele>6.599999904632568359375</ele>
        <time>2026-07-23T14:10:28.000Z</time>
        <extensions>
          <ns3:TrackPointExtension>
            <ns3:atemp>34.0</ns3:atemp>
            <ns3:hr>100</ns3:hr>
            <ns3:cad>54</ns3:cad>
          </ns3:TrackPointExtension>
        </extensions>
      </trkpt>
      <trkpt lat="48.83101187646389007568359375" lon="-3.5106481611728668212890625">
        <ele>6.599999904632568359375</ele>
        <time>2026-07-23T14:10:29.000Z</time>
        <extensions>
          <ns3:TrackPointExtension>
            <ns3:atemp>34.0</ns3:atemp>
            <ns3:hr>99</ns3:hr>
            <ns3:cad>54</ns3:cad>
          </ns3:TrackPointExtension>
        </extensions>
      </trkpt>
      <trkpt lat="48.83102260529994964599609375" lon="-3.51064388640224933624267578125">
        <ele>6.80000019073486328125</ele>
        <time>2026-07-23T14:10:30.000Z</time>
        <extensions>
          <ns3:TrackPointExtension>
            <ns3:atemp>34.0</ns3:atemp>
            <ns3:hr>98</ns3:hr>
            <ns3:cad>54</ns3:cad>
          </ns3:TrackPointExtension>
        </extensions>
      </trkpt>
      <trkpt lat="48.83106107823550701141357421875" lon="-3.51064690388739109039306640625">
        <ele>7</ele>
        <time>2026-07-23T14:10:34.000Z</time>
        <extensions>
          <ns3:TrackPointExtension>
            <ns3:atemp>34.0</ns3:atemp>
            <ns3:hr>95</ns3:hr>
            <ns3:cad>55</ns3:cad>
          </ns3:TrackPointExtension>
        </extensions>
      </trkpt>
      <trkpt lat="48.8311104476451873779296875" lon="-3.5106416232883930206298828125">
        <ele>7</ele>
        <time>2026-07-23T14:10:38.000Z</time>
        <extensions>
          <ns3:TrackPointExtension>
            <ns3:atemp>34.0</ns3:atemp>
            <ns3:hr>95</ns3:hr>
            <ns3:cad>55</ns3:cad>
          </ns3:TrackPointExtension>
        </extensions>
      </trkpt>
      <trkpt lat="48.83117792196571826934814453125" lon="-3.510646484792232513427734375">
        <ele>7.599999904632568359375</ele>
        <time>2026-07-23T14:10:44.000Z</time>
        <extensions>
          <ns3:TrackPointExtension>
            <ns3:atemp>34.0</ns3:atemp>
            <ns3:hr>95</ns3:hr>
            <ns3:cad>54</ns3:cad>
          </ns3:TrackPointExtension>
        </extensions>
      </trkpt>
      <trkpt lat="48.8311989605426788330078125" lon="-3.51064346730709075927734375">
        <ele>7.80000019073486328125</ele>
        <time>2026-07-23T14:10:46.000Z</time>
        <extensions>
          <ns3:TrackPointExtension>
            <ns3:atemp>34.0</ns3:atemp>
            <ns3:hr>95</ns3:hr>
            <ns3:cad>55</ns3:cad>
          </ns3:TrackPointExtension>
        </extensions>
      </trkpt>
      <trkpt lat="48.83121212013065814971923828125" lon="-3.51064103655517101287841796875">
        <ele>8</ele>
        <time>2026-07-23T14:10:47.000Z</time>
        <extensions>
          <ns3:TrackPointExtension>
            <ns3:atemp>34.0</ns3:atemp>
            <ns3:hr>95</ns3:hr>
            <ns3:cad>55</ns3:cad>
          </ns3:TrackPointExtension>
        </extensions>
      </trkpt>
      <trkpt lat="48.8313194923102855682373046875" lon="-3.510655201971530914306640625">
        <ele>8.6000003814697265625</ele>
        <time>2026-07-23T14:10:56.000Z</time>
        <extensions>
          <ns3:TrackPointExtension>
            <ns3:atemp>34.0</ns3:atemp>
            <ns3:hr>96</ns3:hr>
            <ns3:cad>53</ns3:cad>
          </ns3:TrackPointExtension>
        </extensions>
      </trkpt>
      <trkpt lat="48.8313572108745574951171875" lon="-3.51067154668271541595458984375">
        <ele>9</ele>
        <time>2026-07-23T14:10:59.000Z</time>
        <extensions>
          <ns3:TrackPointExtension>
            <ns3:atemp>34.0</ns3:atemp>
            <ns3:hr>95</ns3:hr>
            <ns3:cad>53</ns3:cad>
          </ns3:TrackPointExtension>
        </extensions>
      </trkpt>
      <trkpt lat="48.83143407292664051055908203125" lon="-3.510714881122112274169921875">
        <ele>9.19999980926513671875</ele>
        <time>2026-07-23T14:11:06.000Z</time>
        <extensions>
          <ns3:TrackPointExtension>
            <ns3:atemp>34.0</ns3:atemp>
            <ns3:hr>94</ns3:hr>
            <ns3:cad>57</ns3:cad>
          </ns3:TrackPointExtension>
        </extensions>
      </trkpt>
      <trkpt lat="48.83146240375936031341552734375" lon="-3.51074614562094211578369140625">
        <ele>8.80000019073486328125</ele>
        <time>2026-07-23T14:11:09.000Z</time>
        <extensions>
          <ns3:TrackPointExtension>
            <ns3:atemp>34.0</ns3:atemp>
            <ns3:hr>95</ns3:hr>
            <ns3:cad>57</ns3:cad>
          </ns3:TrackPointExtension>
        </extensions>
      </trkpt>
      <trkpt lat="48.83149106986820697784423828125" lon="-3.51077380590140819549560546875">
        <ele>8.6000003814697265625</ele>
        <time>2026-07-23T14:11:12.000Z</time>
        <extensions>
          <ns3:TrackPointExtension>
            <ns3:atemp>34.0</ns3:atemp>
            <ns3:hr>95</ns3:hr>
            <ns3:cad>55</ns3:cad>
          </ns3:TrackPointExtension>
        </extensions>
      </trkpt>
      <trkpt lat="48.8315377570688724517822265625" lon="-3.51081286557018756866455078125">
        <ele>8</ele>
        <time>2026-07-23T14:11:17.000Z</time>
        <extensions>
          <ns3:TrackPointExtension>
            <ns3:atemp>34.0</ns3:atemp>
            <ns3:hr>94</ns3:hr>
            <ns3:cad>53</ns3:cad>
          </ns3:TrackPointExtension>
        </extensions>
      </trkpt>
      <trkpt lat="48.83156315423548221588134765625" lon="-3.51084471680223941802978515625">
        <ele>7.599999904632568359375</ele>
        <time>2026-07-23T14:11:20.000Z</time>
        <extensions>
          <ns3:TrackPointExtension>
            <ns3:atemp>34.0</ns3:atemp>
            <ns3:hr>95</ns3:hr>
            <ns3:cad>55</ns3:cad>
          </ns3:TrackPointExtension>
        </extensions>
      </trkpt>
      <trkpt lat="48.8316165469586849212646484375" lon="-3.51091495715081691741943359375">
        <ele>7.80000019073486328125</ele>
        <time>2026-07-23T14:11:27.000Z</time>
        <extensions>
          <ns3:TrackPointExtension>
            <ns3:atemp>34.0</ns3:atemp>
            <ns3:hr>92</ns3:hr>
            <ns3:cad>53</ns3:cad>
          </ns3:TrackPointExtension>
        </extensions>
      </trkpt>
      <trkpt lat="48.83165619336068630218505859375" lon="-3.51093725301325321197509765625">
        <ele>7.80000019073486328125</ele>
        <time>2026-07-23T14:11:31.000Z</time>
        <extensions>
          <ns3:TrackPointExtension>
            <ns3:atemp>34.0</ns3:atemp>
            <ns3:hr>92</ns3:hr>
            <ns3:cad>54</ns3:cad>
          </ns3:TrackPointExtension>
        </extensions>
      </trkpt>
      <trkpt lat="48.83168569765985012054443359375" lon="-3.510912358760833740234375">
        <ele>8.3999996185302734375</ele>
        <time>2026-07-23T14:11:37.000Z</time>
        <extensions>
          <ns3:TrackPointExtension>
            <ns3:atemp>34.0</ns3:atemp>
            <ns3:hr>89</ns3:hr>
            <ns3:cad>0</ns3:cad>
          </ns3:TrackPointExtension>
        </extensions>
      </trkpt>
      <trkpt lat="48.831711597740650177001953125" lon="-3.510847985744476318359375">
        <ele>8.80000019073486328125</ele>
        <time>2026-07-23T14:11:43.000Z</time>
        <extensions>
          <ns3:TrackPointExtension>
            <ns3:atemp>34.0</ns3:atemp>
            <ns3:hr>90</ns3:hr>
            <ns3:cad>0</ns3:cad>
          </ns3:TrackPointExtension>
        </extensions>
      </trkpt>
      <trkpt lat="48.8317164592444896697998046875" lon="-3.51083549670875072479248046875">
        <ele>8.80000019073486328125</ele>
        <time>2026-07-23T14:11:44.000Z</time>
        <extensions>
          <ns3:TrackPointExtension>
            <ns3:atemp>34.0</ns3:atemp>
            <ns3:hr>90</ns3:hr>
            <ns3:cad>0</ns3:cad>
          </ns3:TrackPointExtension>
        </extensions>
      </trkpt>
      <trkpt lat="48.83172358386218547821044921875" lon="-3.5107750631868839263916015625">
        <ele>9</ele>
        <time>2026-07-23T14:11:48.000Z</time>
        <extensions>
          <ns3:TrackPointExtension>
            <ns3:atemp>34.0</ns3:atemp>
            <ns3:hr>88</ns3:hr>
            <ns3:cad>55</ns3:cad>
          </ns3:TrackPointExtension>
        </extensions>
      </trkpt>
      <trkpt lat="48.83171461522579193115234375" lon="-3.510711193084716796875">
        <ele>9</ele>
        <time>2026-07-23T14:11:52.000Z</time>
        <extensions>
          <ns3:TrackPointExtension>
            <ns3:atemp>34.0</ns3:atemp>
            <ns3:hr>88</ns3:hr>
            <ns3:cad>54</ns3:cad>
          </ns3:TrackPointExtension>
        </extensions>
      </trkpt>
      <trkpt lat="48.83173112757503986358642578125" lon="-3.510583452880382537841796875">
        <ele>8</ele>
        <time>2026-07-23T14:11:59.000Z</time>
        <extensions>
          <ns3:TrackPointExtension>
            <ns3:atemp>34.0</ns3:atemp>
            <ns3:hr>87</ns3:hr>
            <ns3:cad>54</ns3:cad>
          </ns3:TrackPointExtension>
        </extensions>
      </trkpt>
      <trkpt lat="48.8317278586328029632568359375" lon="-3.5105517692863941192626953125">
        <ele>8</ele>
        <time>2026-07-23T14:12:01.000Z</time>
        <extensions>
          <ns3:TrackPointExtension>
            <ns3:atemp>34.0</ns3:atemp>
            <ns3:hr>88</ns3:hr>
            <ns3:cad>53</ns3:cad>
          </ns3:TrackPointExtension>
        </extensions>
      </trkpt>
      <trkpt lat="48.83172425441443920135498046875" lon="-3.51039544679224491119384765625">
        <ele>8.80000019073486328125</ele>
        <time>2026-07-23T14:12:12.000Z</time>
        <extensions>
          <ns3:TrackPointExtension>
            <ns3:atemp>34.0</ns3:atemp>
            <ns3:hr>88</ns3:hr>
            <ns3:cad>53</ns3:cad>
          </ns3:TrackPointExtension>
        </extensions>
      </trkpt>
      <trkpt lat="48.83172878064215183258056640625" lon="-3.5103794373571872711181640625">
        <ele>8.80000019073486328125</ele>
        <time>2026-07-23T14:12:13.000Z</time>
        <extensions>
          <ns3:TrackPointExtension>
            <ns3:atemp>34.0</ns3:atemp>
            <ns3:hr>88</ns3:hr>
            <ns3:cad>53</ns3:cad>
          </ns3:TrackPointExtension>
        </extensions>
      </trkpt>
      <trkpt lat="48.831737749278545379638671875" lon="-3.51033325307071208953857421875">
        <ele>8.80000019073486328125</ele>
        <time>2026-07-23T14:12:16.000Z</time>
        <extensions>
          <ns3:TrackPointExtension>
            <ns3:atemp>34.0</ns3:atemp>
            <ns3:hr>91</ns3:hr>
            <ns3:cad>55</ns3:cad>
          </ns3:TrackPointExtension>
        </extensions>
      </trkpt>
      <trkpt lat="48.83175157941877841949462890625" lon="-3.510269634425640106201171875">
        <ele>8.6000003814697265625</ele>
        <time>2026-07-23T14:12:20.000Z</time>
        <extensions>
          <ns3:TrackPointExtension>
            <ns3:atemp>33.0</ns3:atemp>
            <ns3:hr>94</ns3:hr>
            <ns3:cad>53</ns3:cad>
          </ns3:TrackPointExtension>
        </extensions>
      </trkpt>
      <trkpt lat="48.83175191469490528106689453125" lon="-3.51025295443832874298095703125">
        <ele>8.6000003814697265625</ele>
        <time>2026-07-23T14:12:21.000Z</time>
        <extensions>
          <ns3:TrackPointExtension>
            <ns3:atemp>33.0</ns3:atemp>
            <ns3:hr>93</ns3:hr>
            <ns3:cad>53</ns3:cad>
          </ns3:TrackPointExtension>
        </extensions>
      </trkpt>
      <trkpt lat="48.83177421055734157562255859375" lon="-3.5101259686052799224853515625">
        <ele>8.3999996185302734375</ele>
        <time>2026-07-23T14:12:28.000Z</time>
        <extensions>
          <ns3:TrackPointExtension>
            <ns3:atemp>33.0</ns3:atemp>
            <ns3:hr>93</ns3:hr>
            <ns3:cad>55</ns3:cad>
          </ns3:TrackPointExtension>
        </extensions>
      </trkpt>
      <trkpt lat="48.831780664622783660888671875" lon="-3.510086573660373687744140625">
        <ele>8.6000003814697265625</ele>
        <time>2026-07-23T14:12:31.000Z</time>
        <extensions>
          <ns3:TrackPointExtension>
            <ns3:atemp>33.0</ns3:atemp>
            <ns3:hr>92</ns3:hr>
            <ns3:cad>55</ns3:cad>
          </ns3:TrackPointExtension>
        </extensions>
      </trkpt>
      <trkpt lat="48.83177940733730792999267578125" lon="-3.51006117649376392364501953125">
        <ele>8.6000003814697265625</ele>
        <time>2026-07-23T14:12:33.000Z</time>
        <extensions>
          <ns3:TrackPointExtension>
            <ns3:atemp>33.0</ns3:atemp>
            <ns3:hr>92</ns3:hr>
            <ns3:cad>55</ns3:cad>
          </ns3:TrackPointExtension>
        </extensions>
      </trkpt>
      <trkpt lat="48.8317818380892276763916015625" lon="-3.510049693286418914794921875">
        <ele>8.6000003814697265625</ele>
        <time>2026-07-23T14:12:34.000Z</time>
        <extensions>
          <ns3:TrackPointExtension>
            <ns3:atemp>33.0</ns3:atemp>
            <ns3:hr>92</ns3:hr>
            <ns3:cad>54</ns3:cad>
          </ns3:TrackPointExtension>
        </extensions>
      </trkpt>
      <trkpt lat="48.83178778924047946929931640625" lon="-3.5100354440510272979736328125">
        <ele>8.6000003814697265625</ele>
        <time>2026-07-23T14:12:35.000Z</time>
        <extensions>
          <ns3:TrackPointExtension>
            <ns3:atemp>33.0</ns3:atemp>
            <ns3:hr>89</ns3:hr>
            <ns3:cad>53</ns3:cad>
          </ns3:TrackPointExtension>
        </extensions>
      </trkpt>
      <trkpt lat="48.83179633878171443939208984375" lon="-3.50999445654451847076416015625">
        <ele>8.80000019073486328125</ele>
        <time>2026-07-23T14:12:40.000Z</time>
        <extensions>
          <ns3:TrackPointExtension>
            <ns3:atemp>33.0</ns3:atemp>
            <ns3:hr>91</ns3:hr>
            <ns3:cad>0</ns3:cad>
          </ns3:TrackPointExtension>
        </extensions>
      </trkpt>
      <trkpt lat="48.831796087324619293212890625" lon="-3.509992025792598724365234375">
        <ele>8.80000019073486328125</ele>
        <time>2026-07-23T14:12:42.000Z</time>
        <extensions>
          <ns3:TrackPointExtension>
            <ns3:atemp>33.0</ns3:atemp>
            <ns3:hr>91</ns3:hr>
            <ns3:cad>0</ns3:cad>
          </ns3:TrackPointExtension>
        </extensions>
      </trkpt>
      <trkpt lat="48.83180572651326656341552734375" lon="-3.509951792657375335693359375">
        <ele>8.80000019073486328125</ele>
        <time>2026-07-23T14:12:49.000Z</time>
        <extensions>
          <ns3:TrackPointExtension>
            <ns3:atemp>33.0</ns3:atemp>
            <ns3:hr>91</ns3:hr>
            <ns3:cad>0</ns3:cad>
          </ns3:TrackPointExtension>
        </extensions>
      </trkpt>
      <trkpt lat="48.831848390400409698486328125" lon="-3.5098543949425220489501953125">
        <ele>8.80000019073486328125</ele>
        <time>2026-07-23T14:12:57.000Z</time>
        <extensions>
          <ns3:TrackPointExtension>
            <ns3:atemp>33.0</ns3:atemp>
            <ns3:hr>91</ns3:hr>
            <ns3:cad>54</ns3:cad>
          </ns3:TrackPointExtension>
        </extensions>
      </trkpt>
      <trkpt lat="48.831903040409088134765625" lon="-3.50976504385471343994140625">
        <ele>8.6000003814697265625</ele>
        <time>2026-07-23T14:13:06.000Z</time>
        <extensions>
          <ns3:TrackPointExtension>
            <ns3:atemp>33.0</ns3:atemp>
            <ns3:hr>91</ns3:hr>
            <ns3:cad>52</ns3:cad>
          </ns3:TrackPointExtension>
        </extensions>
      </trkpt>
      <trkpt lat="48.8319464586675167083740234375" lon="-3.509752638638019561767578125">
        <ele>8.19999980926513671875</ele>
        <time>2026-07-23T14:13:10.000Z</time>
        <extensions>
          <ns3:TrackPointExtension>
            <ns3:atemp>33.0</ns3:atemp>
            <ns3:hr>91</ns3:hr>
            <ns3:cad>53</ns3:cad>
          </ns3:TrackPointExtension>
        </extensions>
      </trkpt>
      <trkpt lat="48.832042850553989410400390625" lon="-3.50974132306873798370361328125">
        <ele>8.19999980926513671875</ele>
        <time>2026-07-23T14:13:18.000Z</time>
        <extensions>
          <ns3:TrackPointExtension>
            <ns3:atemp>32.0</ns3:atemp>
            <ns3:hr>89</ns3:hr>
            <ns3:cad>54</ns3:cad>
          </ns3:TrackPointExtension>
        </extensions>
      </trkpt>
      <trkpt lat="48.83213664405047893524169921875" lon="-3.50975490175187587738037109375">
        <ele>8</ele>
        <time>2026-07-23T14:13:27.000Z</time>
        <extensions>
          <ns3:TrackPointExtension>
            <ns3:atemp>32.0</ns3:atemp>
            <ns3:hr>89</ns3:hr>
            <ns3:cad>54</ns3:cad>
          </ns3:TrackPointExtension>
        </extensions>
      </trkpt>
      <trkpt lat="48.83221761323511600494384765625" lon="-3.509835787117481231689453125">
        <ele>8.19999980926513671875</ele>
        <time>2026-07-23T14:13:36.000Z</time>
        <extensions>
          <ns3:TrackPointExtension>
            <ns3:atemp>32.0</ns3:atemp>
            <ns3:hr>89</ns3:hr>
            <ns3:cad>53</ns3:cad>
          </ns3:TrackPointExtension>
        </extensions>
      </trkpt>
      <trkpt lat="48.83226178586483001708984375" lon="-3.5098637826740741729736328125">
        <ele>8</ele>
        <time>2026-07-23T14:13:42.000Z</time>
        <extensions>
          <ns3:TrackPointExtension>
            <ns3:atemp>32.0</ns3:atemp>
            <ns3:hr>89</ns3:hr>
            <ns3:cad>52</ns3:cad>
          </ns3:TrackPointExtension>
        </extensions>
      </trkpt>
      <trkpt lat="48.8322743587195873260498046875" lon="-3.50985967554152011871337890625">
        <ele>7.80000019073486328125</ele>
        <time>2026-07-23T14:13:44.000Z</time>
        <extensions>
          <ns3:TrackPointExtension>
            <ns3:atemp>32.0</ns3:atemp>
            <ns3:hr>89</ns3:hr>
            <ns3:cad>49</ns3:cad>
          </ns3:TrackPointExtension>
        </extensions>
      </trkpt>
      <trkpt lat="48.8322971574962139129638671875" lon="-3.50987174548208713531494140625">
        <ele>7.80000019073486328125</ele>
        <time>2026-07-23T14:13:47.000Z</time>
        <extensions>
          <ns3:TrackPointExtension>
            <ns3:atemp>32.0</ns3:atemp>
            <ns3:hr>89</ns3:hr>
            <ns3:cad>54</ns3:cad>
          </ns3:TrackPointExtension>
        </extensions>
      </trkpt>
      <trkpt lat="48.83234049193561077117919921875" lon="-3.50988448597490787506103515625">
        <ele>7.599999904632568359375</ele>
        <time>2026-07-23T14:13:51.000Z</time>
        <extensions>
          <ns3:TrackPointExtension>
            <ns3:atemp>32.0</ns3:atemp>
            <ns3:hr>89</ns3:hr>
            <ns3:cad>54</ns3:cad>
          </ns3:TrackPointExtension>
        </extensions>
      </trkpt>
      <trkpt lat="48.8323871791362762451171875" lon="-3.50990527309477329254150390625">
        <ele>7</ele>
        <time>2026-07-23T14:13:56.000Z</time>
        <extensions>
          <ns3:TrackPointExtension>
            <ns3:atemp>32.0</ns3:atemp>
            <ns3:hr>90</ns3:hr>
            <ns3:cad>53</ns3:cad>
          </ns3:TrackPointExtension>
        </extensions>
      </trkpt>
      <trkpt lat="48.83239723742008209228515625" lon="-3.5099140740931034088134765625">
        <ele>6.80000019073486328125</ele>
        <time>2026-07-23T14:13:57.000Z</time>
        <extensions>
          <ns3:TrackPointExtension>
            <ns3:atemp>32.0</ns3:atemp>
            <ns3:hr>91</ns3:hr>
            <ns3:cad>53</ns3:cad>
          </ns3:TrackPointExtension>
        </extensions>
      </trkpt>
      <trkpt lat="48.83240939117968082427978515625" lon="-3.50991801358759403228759765625">
        <ele>6.80000019073486328125</ele>
        <time>2026-07-23T14:13:58.000Z</time>
        <extensions>
          <ns3:TrackPointExtension>
            <ns3:atemp>32.0</ns3:atemp>
            <ns3:hr>91</ns3:hr>
            <ns3:cad>53</ns3:cad>
          </ns3:TrackPointExtension>
        </extensions>
      </trkpt>
      <trkpt lat="48.83248784579336643218994140625" lon="-3.50995204411447048187255859375">
        <ele>7</ele>
        <time>2026-07-23T14:14:05.000Z</time>
        <extensions>
          <ns3:TrackPointExtension>
            <ns3:atemp>32.0</ns3:atemp>
            <ns3:hr>91</ns3:hr>
            <ns3:cad>55</ns3:cad>
          </ns3:TrackPointExtension>
        </extensions>
      </trkpt>
      <trkpt lat="48.83256093598902225494384765625" lon="-3.5099824704229831695556640625">
        <ele>7.19999980926513671875</ele>
        <time>2026-07-23T14:14:12.000Z</time>
        <extensions>
          <ns3:TrackPointExtension>
            <ns3:atemp>32.0</ns3:atemp>
            <ns3:hr>94</ns3:hr>
            <ns3:cad>54</ns3:cad>
          </ns3:TrackPointExtension>
        </extensions>
      </trkpt>
      <trkpt lat="48.83259094320237636566162109375" lon="-3.5099988989531993865966796875">
        <ele>7.19999980926513671875</ele>
        <time>2026-07-23T14:14:15.000Z</time>
        <extensions>
          <ns3:TrackPointExtension>
            <ns3:atemp>32.0</ns3:atemp>
            <ns3:hr>94</ns3:hr>
            <ns3:cad>53</ns3:cad>
          </ns3:TrackPointExtension>
        </extensions>
      </trkpt>
      <trkpt lat="48.83273175917565822601318359375" lon="-3.5100921057164669036865234375">
        <ele>6</ele>
        <time>2026-07-23T14:14:30.000Z</time>
        <extensions>
          <ns3:TrackPointExtension>
            <ns3:atemp>32.0</ns3:atemp>
            <ns3:hr>92</ns3:hr>
            <ns3:cad>52</ns3:cad>
          </ns3:TrackPointExtension>
        </extensions>
      </trkpt>
      <trkpt lat="48.832742236554622650146484375" lon="-3.510099984705448150634765625">
        <ele>5.80000019073486328125</ele>
        <time>2026-07-23T14:14:31.000Z</time>
        <extensions>
          <ns3:TrackPointExtension>
            <ns3:atemp>32.0</ns3:atemp>
            <ns3:hr>95</ns3:hr>
            <ns3:cad>52</ns3:cad>
          </ns3:TrackPointExtension>
        </extensions>
      </trkpt>
      <trkpt lat="48.83275330066680908203125" lon="-3.5101055167615413665771484375">
        <ele>5.599999904632568359375</ele>
        <time>2026-07-23T14:14:32.000Z</time>
        <extensions>
          <ns3:TrackPointExtension>
            <ns3:atemp>32.0</ns3:atemp>
            <ns3:hr>92</ns3:hr>
            <ns3:cad>52</ns3:cad>
          </ns3:TrackPointExtension>
        </extensions>
      </trkpt>
      <trkpt lat="48.83286721073091030120849609375" lon="-3.51014591753482818603515625">
        <ele>5.19999980926513671875</ele>
        <time>2026-07-23T14:14:43.000Z</time>
        <extensions>
          <ns3:TrackPointExtension>
            <ns3:atemp>32.0</ns3:atemp>
            <ns3:hr>90</ns3:hr>
            <ns3:cad>53</ns3:cad>
          </ns3:TrackPointExtension>
        </extensions>
      </trkpt>
      <trkpt lat="48.832968212664127349853515625" lon="-3.5102064348757266998291015625">
        <ele>5.19999980926513671875</ele>
        <time>2026-07-23T14:14:53.000Z</time>
        <extensions>
          <ns3:TrackPointExtension>
            <ns3:atemp>32.0</ns3:atemp>
            <ns3:hr>89</ns3:hr>
            <ns3:cad>52</ns3:cad>
          </ns3:TrackPointExtension>
        </extensions>
      </trkpt>
      <trkpt lat="48.83298690430819988250732421875" lon="-3.51022311486303806304931640625">
        <ele>5</ele>
        <time>2026-07-23T14:14:55.000Z</time>
        <extensions>
          <ns3:TrackPointExtension>
            <ns3:atemp>32.0</ns3:atemp>
            <ns3:hr>91</ns3:hr>
            <ns3:cad>53</ns3:cad>
          </ns3:TrackPointExtension>
        </extensions>
      </trkpt>
      <trkpt lat="48.83308044634759426116943359375" lon="-3.51029452867805957794189453125">
        <ele>4</ele>
        <time>2026-07-23T14:15:04.000Z</time>
        <extensions>
          <ns3:TrackPointExtension>
            <ns3:atemp>32.0</ns3:atemp>
            <ns3:hr>92</ns3:hr>
            <ns3:cad>54</ns3:cad>
          </ns3:TrackPointExtension>
        </extensions>
      </trkpt>
      <trkpt lat="48.8331145606935024261474609375" lon="-3.5103182494640350341796875">
        <ele>4</ele>
        <time>2026-07-23T14:15:08.000Z</time>
        <extensions>
          <ns3:TrackPointExtension>
            <ns3:atemp>32.0</ns3:atemp>
            <ns3:hr>92</ns3:hr>
            <ns3:cad>54</ns3:cad>
          </ns3:TrackPointExtension>
        </extensions>
      </trkpt>
      <trkpt lat="48.83321464061737060546875" lon="-3.5103988833725452423095703125">
        <ele>3.2000000476837158203125</ele>
        <time>2026-07-23T14:15:18.000Z</time>
        <extensions>
          <ns3:TrackPointExtension>
            <ns3:atemp>32.0</ns3:atemp>
            <ns3:hr>91</ns3:hr>
            <ns3:cad>53</ns3:cad>
          </ns3:TrackPointExtension>
        </extensions>
      </trkpt>
      <trkpt lat="48.83329049684107303619384765625" lon="-3.51046283729374408721923828125">
        <ele>4</ele>
        <time>2026-07-23T14:15:26.000Z</time>
        <extensions>
          <ns3:TrackPointExtension>
            <ns3:atemp>32.0</ns3:atemp>
            <ns3:hr>94</ns3:hr>
            <ns3:cad>53</ns3:cad>
          </ns3:TrackPointExtension>
        </extensions>
      </trkpt>
      <trkpt lat="48.83336895145475864410400390625" lon="-3.5105011425912380218505859375">
        <ele>4.19999980926513671875</ele>
        <time>2026-07-23T14:15:34.000Z</time>
        <extensions>
          <ns3:TrackPointExtension>
            <ns3:atemp>32.0</ns3:atemp>
            <ns3:hr>97</ns3:hr>
            <ns3:cad>52</ns3:cad>
          </ns3:TrackPointExtension>
        </extensions>
      </trkpt>
      <trkpt lat="48.83349065668880939483642578125" lon="-3.51059426553547382354736328125">
        <ele>4.80000019073486328125</ele>
        <time>2026-07-23T14:15:46.000Z</time>
        <extensions>
          <ns3:TrackPointExtension>
            <ns3:atemp>32.0</ns3:atemp>
            <ns3:hr>97</ns3:hr>
            <ns3:cad>55</ns3:cad>
          </ns3:TrackPointExtension>
        </extensions>
      </trkpt>
      <trkpt lat="48.83350901305675506591796875" lon="-3.5106117837131023406982421875">
        <ele>4.80000019073486328125</ele>
        <time>2026-07-23T14:15:48.000Z</time>
        <extensions>
          <ns3:TrackPointExtension>
            <ns3:atemp>32.0</ns3:atemp>
            <ns3:hr>97</ns3:hr>
            <ns3:cad>55</ns3:cad>
          </ns3:TrackPointExtension>
        </extensions>
      </trkpt>
      <trkpt lat="48.83357606828212738037109375" lon="-3.51064606569707393646240234375">
        <ele>5</ele>
        <time>2026-07-23T14:15:54.000Z</time>
        <extensions>
          <ns3:TrackPointExtension>
            <ns3:atemp>31.0</ns3:atemp>
            <ns3:hr>99</ns3:hr>
            <ns3:cad>52</ns3:cad>
          </ns3:TrackPointExtension>
        </extensions>
      </trkpt>
      <trkpt lat="48.83362879045307636260986328125" lon="-3.51066182367503643035888671875">
        <ele>5</ele>
        <time>2026-07-23T14:15:59.000Z</time>
        <extensions>
          <ns3:TrackPointExtension>
            <ns3:atemp>31.0</ns3:atemp>
            <ns3:hr>99</ns3:hr>
            <ns3:cad>52</ns3:cad>
          </ns3:TrackPointExtension>
        </extensions>
      </trkpt>
      <trkpt lat="48.83375577628612518310546875" lon="-3.510717563331127166748046875">
        <ele>4.599999904632568359375</ele>
        <time>2026-07-23T14:16:10.000Z</time>
        <extensions>
          <ns3:TrackPointExtension>
            <ns3:atemp>31.0</ns3:atemp>
            <ns3:hr>96</ns3:hr>
            <ns3:cad>52</ns3:cad>
          </ns3:TrackPointExtension>
        </extensions>
      </trkpt>
      <trkpt lat="48.833765499293804168701171875" lon="-3.51071898825466632843017578125">
        <ele>4.599999904632568359375</ele>
        <time>2026-07-23T14:16:11.000Z</time>
        <extensions>
          <ns3:TrackPointExtension>
            <ns3:atemp>31.0</ns3:atemp>
            <ns3:hr>96</ns3:hr>
            <ns3:cad>52</ns3:cad>
          </ns3:TrackPointExtension>
        </extensions>
      </trkpt>
      <trkpt lat="48.8338012062013149261474609375" lon="-3.510738350450992584228515625">
        <ele>4.599999904632568359375</ele>
        <time>2026-07-23T14:16:15.000Z</time>
        <extensions>
          <ns3:TrackPointExtension>
            <ns3:atemp>31.0</ns3:atemp>
            <ns3:hr>93</ns3:hr>
            <ns3:cad>52</ns3:cad>
          </ns3:TrackPointExtension>
        </extensions>
      </trkpt>
      <trkpt lat="48.83389449678361415863037109375" lon="-3.51077615283429622650146484375">
        <ele>4.400000095367431640625</ele>
        <time>2026-07-23T14:16:24.000Z</time>
        <extensions>
          <ns3:TrackPointExtension>
            <ns3:atemp>31.0</ns3:atemp>
            <ns3:hr>93</ns3:hr>
            <ns3:cad>53</ns3:cad>
          </ns3:TrackPointExtension>
        </extensions>
      </trkpt>
      <trkpt lat="48.83400882594287395477294921875" lon="-3.51080012507736682891845703125">
        <ele>5</ele>
        <time>2026-07-23T14:16:36.000Z</time>
        <extensions>
          <ns3:TrackPointExtension>
            <ns3:atemp>31.0</ns3:atemp>
            <ns3:hr>92</ns3:hr>
            <ns3:cad>47</ns3:cad>
          </ns3:TrackPointExtension>
        </extensions>
      </trkpt>
      <trkpt lat="48.83410337381064891815185546875" lon="-3.510816134512424468994140625">
        <ele>6</ele>
        <time>2026-07-23T14:16:45.000Z</time>
        <extensions>
          <ns3:TrackPointExtension>
            <ns3:atemp>31.0</ns3:atemp>
            <ns3:hr>94</ns3:hr>
            <ns3:cad>49</ns3:cad>
          </ns3:TrackPointExtension>
        </extensions>
      </trkpt>
      <trkpt lat="48.8341646455228328704833984375" lon="-3.51083013229072093963623046875">
        <ele>6.19999980926513671875</ele>
        <time>2026-07-23T14:16:50.000Z</time>
        <extensions>
          <ns3:TrackPointExtension>
            <ns3:atemp>31.0</ns3:atemp>
            <ns3:hr>97</ns3:hr>
            <ns3:cad>52</ns3:cad>
          </ns3:TrackPointExtension>
        </extensions>
      </trkpt>
      <trkpt lat="48.83417596109211444854736328125" lon="-3.51083398796617984771728515625">
        <ele>6.19999980926513671875</ele>
        <time>2026-07-23T14:16:51.000Z</time>
        <extensions>
          <ns3:TrackPointExtension>
            <ns3:atemp>31.0</ns3:atemp>
            <ns3:hr>98</ns3:hr>
            <ns3:cad>51</ns3:cad>
          </ns3:TrackPointExtension>
        </extensions>
      </trkpt>
      <trkpt lat="48.83424796164035797119140625" lon="-3.51084329187870025634765625">
        <ele>5.80000019073486328125</ele>
        <time>2026-07-23T14:16:58.000Z</time>
        <extensions>
          <ns3:TrackPointExtension>
            <ns3:atemp>31.0</ns3:atemp>
            <ns3:hr>97</ns3:hr>
            <ns3:cad>50</ns3:cad>
          </ns3:TrackPointExtension>
        </extensions>
      </trkpt>
      <trkpt lat="48.834287859499454498291015625" lon="-3.5108488239347934722900390625">
        <ele>6</ele>
        <time>2026-07-23T14:17:03.000Z</time>
        <extensions>
          <ns3:TrackPointExtension>
            <ns3:atemp>31.0</ns3:atemp>
            <ns3:hr>96</ns3:hr>
            <ns3:cad>50</ns3:cad>
          </ns3:TrackPointExtension>
        </extensions>
      </trkpt>
      <trkpt lat="48.8343245722353458404541015625" lon="-3.51086382754147052764892578125">
        <ele>6</ele>
        <time>2026-07-23T14:17:09.000Z</time>
        <extensions>
          <ns3:TrackPointExtension>
            <ns3:atemp>31.0</ns3:atemp>
            <ns3:hr>96</ns3:hr>
            <ns3:cad>0</ns3:cad>
          </ns3:TrackPointExtension>
        </extensions>
      </trkpt>
      <trkpt lat="48.83436053059995174407958984375" lon="-3.51090372540056705474853515625">
        <ele>6.19999980926513671875</ele>
        <time>2026-07-23T14:17:14.000Z</time>
        <extensions>
          <ns3:TrackPointExtension>
            <ns3:atemp>31.0</ns3:atemp>
            <ns3:hr>95</ns3:hr>
            <ns3:cad>51</ns3:cad>
          </ns3:TrackPointExtension>
        </extensions>
      </trkpt>
      <trkpt lat="48.8343701697885990142822265625" lon="-3.51090623997151851654052734375">
        <ele>6.19999980926513671875</ele>
        <time>2026-07-23T14:17:15.000Z</time>
        <extensions>
          <ns3:TrackPointExtension>
            <ns3:atemp>31.0</ns3:atemp>
            <ns3:hr>95</ns3:hr>
            <ns3:cad>51</ns3:cad>
          </ns3:TrackPointExtension>
        </extensions>
      </trkpt>
      <trkpt lat="48.8344100676476955413818359375" lon="-3.51092518307268619537353515625">
        <ele>6.400000095367431640625</ele>
        <time>2026-07-23T14:17:19.000Z</time>
        <extensions>
          <ns3:TrackPointExtension>
            <ns3:atemp>31.0</ns3:atemp>
            <ns3:hr>92</ns3:hr>
            <ns3:cad>50</ns3:cad>
          </ns3:TrackPointExtension>
        </extensions>
      </trkpt>
      <trkpt lat="48.83445918560028076171875" lon="-3.510933481156826019287109375">
        <ele>6.400000095367431640625</ele>
        <time>2026-07-23T14:17:24.000Z</time>
        <extensions>
          <ns3:TrackPointExtension>
            <ns3:atemp>31.0</ns3:atemp>
            <ns3:hr>91</ns3:hr>
            <ns3:cad>51</ns3:cad>
          </ns3:TrackPointExtension>
        </extensions>
      </trkpt>
      <trkpt lat="48.83455934934318065643310546875" lon="-3.5109430365264415740966796875">
        <ele>6.400000095367431640625</ele>
        <time>2026-07-23T14:17:34.000Z</time>
        <extensions>
          <ns3:TrackPointExtension>
            <ns3:atemp>31.0</ns3:atemp>
            <ns3:hr>93</ns3:hr>
            <ns3:cad>51</ns3:cad>
          </ns3:TrackPointExtension>
        </extensions>
      </trkpt>
      <trkpt lat="48.83465490303933620452880859375" lon="-3.510962314903736114501953125">
        <ele>6.599999904632568359375</ele>
        <time>2026-07-23T14:17:44.000Z</time>
        <extensions>
          <ns3:TrackPointExtension>
            <ns3:atemp>31.0</ns3:atemp>
            <ns3:hr>96</ns3:hr>
            <ns3:cad>51</ns3:cad>
          </ns3:TrackPointExtension>
        </extensions>
      </trkpt>
      <trkpt lat="48.834715001285076141357421875" lon="-3.51094446144998073577880859375">
        <ele>6.19999980926513671875</ele>
        <time>2026-07-23T14:17:53.000Z</time>
        <extensions>
          <ns3:TrackPointExtension>
            <ns3:atemp>31.0</ns3:atemp>
            <ns3:hr>99</ns3:hr>
            <ns3:cad>0</ns3:cad>
          </ns3:TrackPointExtension>
        </extensions>
      </trkpt>
      <trkpt lat="48.83473134599626064300537109375" lon="-3.510844297707080841064453125">
        <ele>6</ele>
        <time>2026-07-23T14:18:01.000Z</time>
        <extensions>
          <ns3:TrackPointExtension>
            <ns3:atemp>31.0</ns3:atemp>
            <ns3:hr>96</ns3:hr>
            <ns3:cad>49</ns3:cad>
          </ns3:TrackPointExtension>
        </extensions>
      </trkpt>
      <trkpt lat="48.834757246077060699462890625" lon="-3.51077045314013957977294921875">
        <ele>6</ele>
        <time>2026-07-23T14:18:07.000Z</time>
        <extensions>
          <ns3:TrackPointExtension>
            <ns3:atemp>31.0</ns3:atemp>
            <ns3:hr>95</ns3:hr>
            <ns3:cad>45</ns3:cad>
          </ns3:TrackPointExtension>
        </extensions>
      </trkpt>
      <trkpt lat="48.83477769792079925537109375" lon="-3.51070323027670383453369140625">
        <ele>6</ele>
        <time>2026-07-23T14:18:12.000Z</time>
        <extensions>
          <ns3:TrackPointExtension>
            <ns3:atemp>31.0</ns3:atemp>
            <ns3:hr>96</ns3:hr>
            <ns3:cad>50</ns3:cad>
          </ns3:TrackPointExtension>
        </extensions>
      </trkpt>
      <trkpt lat="48.8348293304443359375" lon="-3.51056660525500774383544921875">
        <ele>6.19999980926513671875</ele>
        <time>2026-07-23T14:18:22.000Z</time>
        <extensions>
          <ns3:TrackPointExtension>
            <ns3:atemp>31.0</ns3:atemp>
            <ns3:hr>98</ns3:hr>
            <ns3:cad>52</ns3:cad>
          </ns3:TrackPointExtension>
        </extensions>
      </trkpt>
      <trkpt lat="48.8348442502319812774658203125" lon="-3.5105167329311370849609375">
        <ele>6.400000095367431640625</ele>
        <time>2026-07-23T14:18:25.000Z</time>
        <extensions>
          <ns3:TrackPointExtension>
            <ns3:atemp>31.0</ns3:atemp>
            <ns3:hr>101</ns3:hr>
            <ns3:cad>54</ns3:cad>
          </ns3:TrackPointExtension>
        </extensions>
      </trkpt>
      <trkpt lat="48.83488138206303119659423828125" lon="-3.5104042477905750274658203125">
        <ele>6.599999904632568359375</ele>
        <time>2026-07-23T14:18:34.000Z</time>
        <extensions>
          <ns3:TrackPointExtension>
            <ns3:atemp>31.0</ns3:atemp>
            <ns3:hr>102</ns3:hr>
            <ns3:cad>49</ns3:cad>
          </ns3:TrackPointExtension>
        </extensions>
      </trkpt>
      <trkpt lat="48.83489898405969142913818359375" lon="-3.510348089039325714111328125">
        <ele>7</ele>
        <time>2026-07-23T14:18:39.000Z</time>
        <extensions>
          <ns3:TrackPointExtension>
            <ns3:atemp>31.0</ns3:atemp>
            <ns3:hr>102</ns3:hr>
            <ns3:cad>48</ns3:cad>
          </ns3:TrackPointExtension>
        </extensions>
      </trkpt>
      <trkpt lat="48.83490602485835552215576171875" lon="-3.51032428443431854248046875">
        <ele>7</ele>
        <time>2026-07-23T14:18:41.000Z</time>
        <extensions>
          <ns3:TrackPointExtension>
            <ns3:atemp>31.0</ns3:atemp>
            <ns3:hr>104</ns3:hr>
            <ns3:cad>46</ns3:cad>
          </ns3:TrackPointExtension>
        </extensions>
      </trkpt>
      <trkpt lat="48.83491608314216136932373046875" lon="-3.5102573968470096588134765625">
        <ele>7.19999980926513671875</ele>
        <time>2026-07-23T14:18:46.000Z</time>
        <extensions>
          <ns3:TrackPointExtension>
            <ns3:atemp>31.0</ns3:atemp>
            <ns3:hr>107</ns3:hr>
            <ns3:cad>0</ns3:cad>
          </ns3:TrackPointExtension>
        </extensions>
      </trkpt>
      <trkpt lat="48.8349257223308086395263671875" lon="-3.51024121977388858795166015625">
        <ele>7.19999980926513671875</ele>
        <time>2026-07-23T14:18:49.000Z</time>
        <extensions>
          <ns3:TrackPointExtension>
            <ns3:atemp>31.0</ns3:atemp>
            <ns3:hr>106</ns3:hr>
            <ns3:cad>0</ns3:cad>
          </ns3:TrackPointExtension>
        </extensions>
      </trkpt>
      <trkpt lat="48.834938295185565948486328125" lon="-3.51021858863532543182373046875">
        <ele>7.400000095367431640625</ele>
        <time>2026-07-23T14:18:55.000Z</time>
        <extensions>
          <ns3:TrackPointExtension>
            <ns3:atemp>31.0</ns3:atemp>
            <ns3:hr>103</ns3:hr>
            <ns3:cad>0</ns3:cad>
          </ns3:TrackPointExtension>
        </extensions>
      </trkpt>
      <trkpt lat="48.8349387980997562408447265625" lon="-3.51021020673215389251708984375">
        <ele>7.400000095367431640625</ele>
        <time>2026-07-23T14:18:56.000Z</time>
        <extensions>
          <ns3:TrackPointExtension>
            <ns3:atemp>31.0</ns3:atemp>
            <ns3:hr>103</ns3:hr>
            <ns3:cad>0</ns3:cad>
          </ns3:TrackPointExtension>
        </extensions>
      </trkpt>
      <trkpt lat="48.83493251167237758636474609375" lon="-3.510196544229984283447265625">
        <ele>7.599999904632568359375</ele>
        <time>2026-07-23T14:19:04.000Z</time>
        <extensions>
          <ns3:TrackPointExtension>
            <ns3:atemp>31.0</ns3:atemp>
            <ns3:hr>102</ns3:hr>
            <ns3:cad>0</ns3:cad>
          </ns3:TrackPointExtension>
        </extensions>
      </trkpt>
      <trkpt lat="48.83493251167237758636474609375" lon="-3.510196544229984283447265625">
        <ele>7.80000019073486328125</ele>
        <time>2026-07-23T14:19:15.000Z</time>
        <extensions>
          <ns3:TrackPointExtension>
            <ns3:atemp>31.0</ns3:atemp>
            <ns3:hr>99</ns3:hr>
            <ns3:cad>0</ns3:cad>
          </ns3:TrackPointExtension>
        </extensions>
      </trkpt>
      <trkpt lat="48.83493251167237758636474609375" lon="-3.51019553840160369873046875">
        <ele>8</ele>
        <time>2026-07-23T14:19:21.000Z</time>
        <extensions>
          <ns3:TrackPointExtension>
            <ns3:atemp>31.0</ns3:atemp>
            <ns3:hr>96</ns3:hr>
            <ns3:cad>0</ns3:cad>
          </ns3:TrackPointExtension>
        </extensions>
      </trkpt>
      <trkpt lat="48.834932930767536163330078125" lon="-3.51019553840160369873046875">
        <ele>8</ele>
        <time>2026-07-23T14:19:22.000Z</time>
        <extensions>
          <ns3:TrackPointExtension>
            <ns3:atemp>31.0</ns3:atemp>
            <ns3:hr>96</ns3:hr>
            <ns3:cad>0</ns3:cad>
          </ns3:TrackPointExtension>
        </extensions>
      </trkpt>
      <trkpt lat="48.834941647946834564208984375" lon="-3.510118424892425537109375">
        <ele>8</ele>
        <time>2026-07-23T14:19:27.000Z</time>
        <extensions>
          <ns3:TrackPointExtension>
            <ns3:atemp>31.0</ns3:atemp>
            <ns3:hr>96</ns3:hr>
            <ns3:cad>50</ns3:cad>
          </ns3:TrackPointExtension>
        </extensions>
      </trkpt>
      <trkpt lat="48.83493552915751934051513671875" lon="-3.51001624949276447296142578125">
        <ele>8</ele>
        <time>2026-07-23T14:19:32.000Z</time>
        <extensions>
          <ns3:TrackPointExtension>
            <ns3:atemp>31.0</ns3:atemp>
            <ns3:hr>93</ns3:hr>
            <ns3:cad>51</ns3:cad>
          </ns3:TrackPointExtension>
        </extensions>
      </trkpt>
      <trkpt lat="48.83492496795952320098876953125" lon="-3.50997735746204853057861328125">
        <ele>8.19999980926513671875</ele>
        <time>2026-07-23T14:19:35.000Z</time>
        <extensions>
          <ns3:TrackPointExtension>
            <ns3:atemp>31.0</ns3:atemp>
            <ns3:hr>91</ns3:hr>
            <ns3:cad>50</ns3:cad>
          </ns3:TrackPointExtension>
        </extensions>
      </trkpt>
      <trkpt lat="48.83492412976920604705810546875" lon="-3.50996553897857666015625">
        <ele>8.19999980926513671875</ele>
        <time>2026-07-23T14:19:36.000Z</time>
        <extensions>
          <ns3:TrackPointExtension>
            <ns3:atemp>31.0</ns3:atemp>
            <ns3:hr>90</ns3:hr>
            <ns3:cad>50</ns3:cad>
          </ns3:TrackPointExtension>
        </extensions>
      </trkpt>
      <trkpt lat="48.83492790162563323974609375" lon="-3.50989521481096744537353515625">
        <ele>8.3999996185302734375</ele>
        <time>2026-07-23T14:19:42.000Z</time>
        <extensions>
          <ns3:TrackPointExtension>
            <ns3:atemp>31.0</ns3:atemp>
            <ns3:hr>90</ns3:hr>
            <ns3:cad>0</ns3:cad>
          </ns3:TrackPointExtension>
        </extensions>
      </trkpt>
      <trkpt lat="48.83495631627738475799560546875" lon="-3.50979966111481189727783203125">
        <ele>7.19999980926513671875</ele>
        <time>2026-07-23T14:19:51.000Z</time>
        <extensions>
          <ns3:TrackPointExtension>
            <ns3:atemp>31.0</ns3:atemp>
            <ns3:hr>92</ns3:hr>
            <ns3:cad>48</ns3:cad>
          </ns3:TrackPointExtension>
        </extensions>
      </trkpt>
      <trkpt lat="48.83497123606503009796142578125" lon="-3.5097709111869335174560546875">
        <ele>7.80000019073486328125</ele>
        <time>2026-07-23T14:19:55.000Z</time>
        <extensions>
          <ns3:TrackPointExtension>
            <ns3:atemp>30.0</ns3:atemp>
            <ns3:hr>92</ns3:hr>
            <ns3:cad>50</ns3:cad>
          </ns3:TrackPointExtension>
        </extensions>
      </trkpt>
      <trkpt lat="48.8349750079214572906494140625" lon="-3.509765379130840301513671875">
        <ele>8.3999996185302734375</ele>
        <time>2026-07-23T14:19:59.000Z</time>
        <extensions>
          <ns3:TrackPointExtension>
            <ns3:atemp>30.0</ns3:atemp>
            <ns3:hr>91</ns3:hr>
            <ns3:cad>0</ns3:cad>
          </ns3:TrackPointExtension>
        </extensions>
      </trkpt>
      <trkpt lat="48.83499152027070522308349609375" lon="-3.509707711637020111083984375">
        <ele>8.19999980926513671875</ele>
        <time>2026-07-23T14:20:06.000Z</time>
        <extensions>
          <ns3:TrackPointExtension>
            <ns3:atemp>30.0</ns3:atemp>
            <ns3:hr>91</ns3:hr>
            <ns3:cad>0</ns3:cad>
          </ns3:TrackPointExtension>
        </extensions>
      </trkpt>
      <trkpt lat="48.8350226171314716339111328125" lon="-3.50959740579128265380859375">
        <ele>7.400000095367431640625</ele>
        <time>2026-07-23T14:20:15.000Z</time>
        <extensions>
          <ns3:TrackPointExtension>
            <ns3:atemp>30.0</ns3:atemp>
            <ns3:hr>91</ns3:hr>
            <ns3:cad>50</ns3:cad>
          </ns3:TrackPointExtension>
        </extensions>
      </trkpt>
      <trkpt lat="48.83504055440425872802734375" lon="-3.509475700557231903076171875">
        <ele>8.19999980926513671875</ele>
        <time>2026-07-23T14:20:23.000Z</time>
        <extensions>
          <ns3:TrackPointExtension>
            <ns3:atemp>30.0</ns3:atemp>
            <ns3:hr>92</ns3:hr>
            <ns3:cad>53</ns3:cad>
          </ns3:TrackPointExtension>
        </extensions>
      </trkpt>
      <trkpt lat="48.83506997488439083099365234375" lon="-3.50933857262134552001953125">
        <ele>8.19999980926513671875</ele>
        <time>2026-07-23T14:20:32.000Z</time>
        <extensions>
          <ns3:TrackPointExtension>
            <ns3:atemp>30.0</ns3:atemp>
            <ns3:hr>92</ns3:hr>
            <ns3:cad>0</ns3:cad>
          </ns3:TrackPointExtension>
        </extensions>
      </trkpt>
      <trkpt lat="48.83507584221661090850830078125" lon="-3.50930026732385158538818359375">
        <ele>8.80000019073486328125</ele>
        <time>2026-07-23T14:20:38.000Z</time>
        <extensions>
          <ns3:TrackPointExtension>
            <ns3:atemp>30.0</ns3:atemp>
            <ns3:hr>92</ns3:hr>
            <ns3:cad>0</ns3:cad>
          </ns3:TrackPointExtension>
        </extensions>
      </trkpt>
      <trkpt lat="48.83508238010108470916748046875" lon="-3.509269170463085174560546875">
        <ele>9.3999996185302734375</ele>
        <time>2026-07-23T14:20:40.000Z</time>
        <extensions>
          <ns3:TrackPointExtension>
            <ns3:atemp>30.0</ns3:atemp>
            <ns3:hr>93</ns3:hr>
            <ns3:cad>0</ns3:cad>
          </ns3:TrackPointExtension>
        </extensions>
      </trkpt>
      <trkpt lat="48.83510065264999866485595703125" lon="-3.50922550074756145477294921875">
        <ele>10</ele>
        <time>2026-07-23T14:20:43.000Z</time>
        <extensions>
          <ns3:TrackPointExtension>
            <ns3:atemp>30.0</ns3:atemp>
            <ns3:hr>93</ns3:hr>
            <ns3:cad>53</ns3:cad>
          </ns3:TrackPointExtension>
        </extensions>
      </trkpt>
      <trkpt lat="48.8351154886186122894287109375" lon="-3.50918392650783061981201171875">
        <ele>9.80000019073486328125</ele>
        <time>2026-07-23T14:20:46.000Z</time>
        <extensions>
          <ns3:TrackPointExtension>
            <ns3:atemp>30.0</ns3:atemp>
            <ns3:hr>93</ns3:hr>
            <ns3:cad>52</ns3:cad>
          </ns3:TrackPointExtension>
        </extensions>
      </trkpt>
      <trkpt lat="48.83516502566635608673095703125" lon="-3.50901804864406585693359375">
        <ele>9.3999996185302734375</ele>
        <time>2026-07-23T14:20:57.000Z</time>
        <extensions>
          <ns3:TrackPointExtension>
            <ns3:atemp>30.0</ns3:atemp>
            <ns3:hr>96</ns3:hr>
            <ns3:cad>52</ns3:cad>
          </ns3:TrackPointExtension>
        </extensions>
      </trkpt>
      <trkpt lat="48.83517156355082988739013671875" lon="-3.5089907236397266387939453125">
        <ele>9.3999996185302734375</ele>
        <time>2026-07-23T14:20:59.000Z</time>
        <extensions>
          <ns3:TrackPointExtension>
            <ns3:atemp>30.0</ns3:atemp>
            <ns3:hr>97</ns3:hr>
            <ns3:cad>0</ns3:cad>
          </ns3:TrackPointExtension>
        </extensions>
      </trkpt>
      <trkpt lat="48.8351838849484920501708984375" lon="-3.50890246219933032989501953125">
        <ele>9.80000019073486328125</ele>
        <time>2026-07-23T14:21:05.000Z</time>
        <extensions>
          <ns3:TrackPointExtension>
            <ns3:atemp>30.0</ns3:atemp>
            <ns3:hr>100</ns3:hr>
            <ns3:cad>52</ns3:cad>
          </ns3:TrackPointExtension>
        </extensions>
      </trkpt>
      <trkpt lat="48.835172317922115325927734375" lon="-3.50885552354156970977783203125">
        <ele>9.6000003814697265625</ele>
        <time>2026-07-23T14:21:08.000Z</time>
        <extensions>
          <ns3:TrackPointExtension>
            <ns3:atemp>30.0</ns3:atemp>
            <ns3:hr>101</ns3:hr>
            <ns3:cad>48</ns3:cad>
          </ns3:TrackPointExtension>
        </extensions>
      </trkpt>
      <trkpt lat="48.83512328378856182098388671875" lon="-3.50870448164641857147216796875">
        <ele>9.19999980926513671875</ele>
        <time>2026-07-23T14:21:18.000Z</time>
        <extensions>
          <ns3:TrackPointExtension>
            <ns3:atemp>30.0</ns3:atemp>
            <ns3:hr>100</ns3:hr>
            <ns3:cad>56</ns3:cad>
          </ns3:TrackPointExtension>
        </extensions>
      </trkpt>
      <trkpt lat="48.83511297404766082763671875" lon="-3.5086901485919952392578125">
        <ele>9.3999996185302734375</ele>
        <time>2026-07-23T14:21:24.000Z</time>
        <extensions>
          <ns3:TrackPointExtension>
            <ns3:atemp>30.0</ns3:atemp>
            <ns3:hr>98</ns3:hr>
            <ns3:cad>0</ns3:cad>
          </ns3:TrackPointExtension>
        </extensions>
      </trkpt>
      <trkpt lat="48.835135437548160552978515625" lon="-3.50870557129383087158203125">
        <ele>9.19999980926513671875</ele>
        <time>2026-07-23T14:21:32.000Z</time>
        <extensions>
          <ns3:TrackPointExtension>
            <ns3:atemp>30.0</ns3:atemp>
            <ns3:hr>98</ns3:hr>
            <ns3:cad>0</ns3:cad>
          </ns3:TrackPointExtension>
        </extensions>
      </trkpt>
      <trkpt lat="48.83515329100191593170166015625" lon="-3.5087077505886554718017578125">
        <ele>9</ele>
        <time>2026-07-23T14:21:36.000Z</time>
        <extensions>
          <ns3:TrackPointExtension>
            <ns3:atemp>30.0</ns3:atemp>
            <ns3:hr>102</ns3:hr>
            <ns3:cad>0</ns3:cad>
          </ns3:TrackPointExtension>
        </extensions>
      </trkpt>
      <trkpt lat="48.83516100235283374786376953125" lon="-3.5087062418460845947265625">
        <ele>9</ele>
        <time>2026-07-23T14:21:37.000Z</time>
        <extensions>
          <ns3:TrackPointExtension>
            <ns3:atemp>29.0</ns3:atemp>
            <ns3:hr>103</ns3:hr>
            <ns3:cad>41</ns3:cad>
          </ns3:TrackPointExtension>
        </extensions>
      </trkpt>
      <trkpt lat="48.83517474867403507232666015625" lon="-3.5086986981332302093505859375">
        <ele>9</ele>
        <time>2026-07-23T14:21:39.000Z</time>
        <extensions>
          <ns3:TrackPointExtension>
            <ns3:atemp>30.0</ns3:atemp>
            <ns3:hr>107</ns3:hr>
            <ns3:cad>40</ns3:cad>
          </ns3:TrackPointExtension>
        </extensions>
      </trkpt>
      <trkpt lat="48.83520375005900859832763671875" lon="-3.50869618356227874755859375">
        <ele>9.19999980926513671875</ele>
        <time>2026-07-23T14:21:42.000Z</time>
        <extensions>
          <ns3:TrackPointExtension>
            <ns3:atemp>30.0</ns3:atemp>
            <ns3:hr>104</ns3:hr>
            <ns3:cad>40</ns3:cad>
          </ns3:TrackPointExtension>
        </extensions>
      </trkpt>
      <trkpt lat="48.83525001816451549530029296875" lon="-3.508672378957271575927734375">
        <ele>9.3999996185302734375</ele>
        <time>2026-07-23T14:21:47.000Z</time>
        <extensions>
          <ns3:TrackPointExtension>
            <ns3:atemp>29.0</ns3:atemp>
            <ns3:hr>105</ns3:hr>
            <ns3:cad>44</ns3:cad>
          </ns3:TrackPointExtension>
        </extensions>
      </trkpt>
      <trkpt lat="48.83528471924364566802978515625" lon="-3.5086514241993427276611328125">
        <ele>9.6000003814697265625</ele>
        <time>2026-07-23T14:21:54.000Z</time>
        <extensions>
          <ns3:TrackPointExtension>
            <ns3:atemp>29.0</ns3:atemp>
            <ns3:hr>106</ns3:hr>
            <ns3:cad>0</ns3:cad>
          </ns3:TrackPointExtension>
        </extensions>
      </trkpt>
      <trkpt lat="48.83532042615115642547607421875" lon="-3.50858763791620731353759765625">
        <ele>9.3999996185302734375</ele>
        <time>2026-07-23T14:22:00.000Z</time>
        <extensions>
          <ns3:TrackPointExtension>
            <ns3:atemp>29.0</ns3:atemp>
            <ns3:hr>107</ns3:hr>
            <ns3:cad>0</ns3:cad>
          </ns3:TrackPointExtension>
        </extensions>
      </trkpt>
      <trkpt lat="48.83534858934581279754638671875" lon="-3.50852745585143566131591796875">
        <ele>8.3999996185302734375</ele>
        <time>2026-07-23T14:22:05.000Z</time>
        <extensions>
          <ns3:TrackPointExtension>
            <ns3:atemp>29.0</ns3:atemp>
            <ns3:hr>107</ns3:hr>
            <ns3:cad>53</ns3:cad>
          </ns3:TrackPointExtension>
        </extensions>
      </trkpt>
      <trkpt lat="48.83536644279956817626953125" lon="-3.5085022263228893280029296875">
        <ele>8</ele>
        <time>2026-07-23T14:22:07.000Z</time>
        <extensions>
          <ns3:TrackPointExtension>
            <ns3:atemp>29.0</ns3:atemp>
            <ns3:hr>104</ns3:hr>
            <ns3:cad>53</ns3:cad>
          </ns3:TrackPointExtension>
        </extensions>
      </trkpt>
      <trkpt lat="48.8353912532329559326171875" lon="-3.50846375338733196258544921875">
        <ele>7.599999904632568359375</ele>
        <time>2026-07-23T14:22:10.000Z</time>
        <extensions>
          <ns3:TrackPointExtension>
            <ns3:atemp>29.0</ns3:atemp>
            <ns3:hr>102</ns3:hr>
            <ns3:cad>53</ns3:cad>
          </ns3:TrackPointExtension>
        </extensions>
      </trkpt>
      <trkpt lat="48.83542838506400585174560546875" lon="-3.50837297737598419189453125">
        <ele>8.19999980926513671875</ele>
        <time>2026-07-23T14:22:17.000Z</time>
        <extensions>
          <ns3:TrackPointExtension>
            <ns3:atemp>29.0</ns3:atemp>
            <ns3:hr>99</ns3:hr>
            <ns3:cad>53</ns3:cad>
          </ns3:TrackPointExtension>
        </extensions>
      </trkpt>
      <trkpt lat="48.835459984838962554931640625" lon="-3.50829879753291606903076171875">
        <ele>8.3999996185302734375</ele>
        <time>2026-07-23T14:22:23.000Z</time>
        <extensions>
          <ns3:TrackPointExtension>
            <ns3:atemp>29.0</ns3:atemp>
            <ns3:hr>97</ns3:hr>
            <ns3:cad>52</ns3:cad>
          </ns3:TrackPointExtension>
        </extensions>
      </trkpt>
      <trkpt lat="48.8355205021798610687255859375" lon="-3.50818430073559284210205078125">
        <ele>8.3999996185302734375</ele>
        <time>2026-07-23T14:22:32.000Z</time>
        <extensions>
          <ns3:TrackPointExtension>
            <ns3:atemp>29.0</ns3:atemp>
            <ns3:hr>96</ns3:hr>
            <ns3:cad>53</ns3:cad>
          </ns3:TrackPointExtension>
        </extensions>
      </trkpt>
      <trkpt lat="48.8355389423668384552001953125" lon="-3.50815580226480960845947265625">
        <ele>8.3999996185302734375</ele>
        <time>2026-07-23T14:22:34.000Z</time>
        <extensions>
          <ns3:TrackPointExtension>
            <ns3:atemp>29.0</ns3:atemp>
            <ns3:hr>95</ns3:hr>
            <ns3:cad>53</ns3:cad>
          </ns3:TrackPointExtension>
        </extensions>
      </trkpt>
      <trkpt lat="48.83559300564229488372802734375" lon="-3.50803392939269542694091796875">
        <ele>8</ele>
        <time>2026-07-23T14:22:43.000Z</time>
        <extensions>
          <ns3:TrackPointExtension>
            <ns3:atemp>29.0</ns3:atemp>
            <ns3:hr>96</ns3:hr>
            <ns3:cad>54</ns3:cad>
          </ns3:TrackPointExtension>
        </extensions>
      </trkpt>
      <trkpt lat="48.8356603123247623443603515625" lon="-3.50792706012725830078125">
        <ele>7.599999904632568359375</ele>
        <time>2026-07-23T14:22:52.000Z</time>
        <extensions>
          <ns3:TrackPointExtension>
            <ns3:atemp>29.0</ns3:atemp>
            <ns3:hr>93</ns3:hr>
            <ns3:cad>54</ns3:cad>
          </ns3:TrackPointExtension>
        </extensions>
      </trkpt>
      <trkpt lat="48.835685290396213531494140625" lon="-3.50789747200906276702880859375">
        <ele>7.400000095367431640625</ele>
        <time>2026-07-23T14:22:55.000Z</time>
        <extensions>
          <ns3:TrackPointExtension>
            <ns3:atemp>29.0</ns3:atemp>
            <ns3:hr>93</ns3:hr>
            <ns3:cad>53</ns3:cad>
          </ns3:TrackPointExtension>
        </extensions>
      </trkpt>
      <trkpt lat="48.83569425903260707855224609375" lon="-3.507883138954639434814453125">
        <ele>7.19999980926513671875</ele>
        <time>2026-07-23T14:22:56.000Z</time>
        <extensions>
          <ns3:TrackPointExtension>
            <ns3:atemp>29.0</ns3:atemp>
            <ns3:hr>93</ns3:hr>
            <ns3:cad>53</ns3:cad>
          </ns3:TrackPointExtension>
        </extensions>
      </trkpt>
      <trkpt lat="48.8357930816709995269775390625" lon="-3.5077260620892047882080078125">
        <ele>7.19999980926513671875</ele>
        <time>2026-07-23T14:23:09.000Z</time>
        <extensions>
          <ns3:TrackPointExtension>
            <ns3:atemp>29.0</ns3:atemp>
            <ns3:hr>91</ns3:hr>
            <ns3:cad>54</ns3:cad>
          </ns3:TrackPointExtension>
        </extensions>
      </trkpt>
      <trkpt lat="48.8358665071427822113037109375" lon="-3.50760796107351779937744140625">
        <ele>6.80000019073486328125</ele>
        <time>2026-07-23T14:23:19.000Z</time>
        <extensions>
          <ns3:TrackPointExtension>
            <ns3:atemp>29.0</ns3:atemp>
            <ns3:hr>91</ns3:hr>
            <ns3:cad>54</ns3:cad>
          </ns3:TrackPointExtension>
        </extensions>
      </trkpt>
      <trkpt lat="48.8359357416629791259765625" lon="-3.50752531550824642181396484375">
        <ele>7.19999980926513671875</ele>
        <time>2026-07-23T14:23:27.000Z</time>
        <extensions>
          <ns3:TrackPointExtension>
            <ns3:atemp>29.0</ns3:atemp>
            <ns3:hr>91</ns3:hr>
            <ns3:cad>51</ns3:cad>
          </ns3:TrackPointExtension>
        </extensions>
      </trkpt>
      <trkpt lat="48.83602249436080455780029296875" lon="-3.5074129141867160797119140625">
        <ele>6.80000019073486328125</ele>
        <time>2026-07-23T14:23:37.000Z</time>
        <extensions>
          <ns3:TrackPointExtension>
            <ns3:atemp>29.0</ns3:atemp>
            <ns3:hr>91</ns3:hr>
            <ns3:cad>53</ns3:cad>
          </ns3:TrackPointExtension>
        </extensions>
      </trkpt>
      <trkpt lat="48.8360613025724887847900390625" lon="-3.507349379360675811767578125">
        <ele>7</ele>
        <time>2026-07-23T14:23:42.000Z</time>
        <extensions>
          <ns3:TrackPointExtension>
            <ns3:atemp>29.0</ns3:atemp>
            <ns3:hr>92</ns3:hr>
            <ns3:cad>54</ns3:cad>
          </ns3:TrackPointExtension>
        </extensions>
      </trkpt>
      <trkpt lat="48.8361099176108837127685546875" lon="-3.5072798095643520355224609375">
        <ele>6.599999904632568359375</ele>
        <time>2026-07-23T14:23:48.000Z</time>
        <extensions>
          <ns3:TrackPointExtension>
            <ns3:atemp>29.0</ns3:atemp>
            <ns3:hr>93</ns3:hr>
            <ns3:cad>53</ns3:cad>
          </ns3:TrackPointExtension>
        </extensions>
      </trkpt>
      <trkpt lat="48.836178481578826904296875" lon="-3.5071983374655246734619140625">
        <ele>6.599999904632568359375</ele>
        <time>2026-07-23T14:23:55.000Z</time>
        <extensions>
          <ns3:TrackPointExtension>
            <ns3:atemp>29.0</ns3:atemp>
            <ns3:hr>96</ns3:hr>
            <ns3:cad>53</ns3:cad>
          </ns3:TrackPointExtension>
        </extensions>
      </trkpt>
      <trkpt lat="48.83621578104794025421142578125" lon="-3.50716221146285533905029296875">
        <ele>6.400000095367431640625</ele>
        <time>2026-07-23T14:23:59.000Z</time>
        <extensions>
          <ns3:TrackPointExtension>
            <ns3:atemp>29.0</ns3:atemp>
            <ns3:hr>100</ns3:hr>
            <ns3:cad>54</ns3:cad>
          </ns3:TrackPointExtension>
        </extensions>
      </trkpt>
      <trkpt lat="48.83624914102256298065185546875" lon="-3.50712172687053680419921875">
        <ele>6.400000095367431640625</ele>
        <time>2026-07-23T14:24:04.000Z</time>
        <extensions>
          <ns3:TrackPointExtension>
            <ns3:atemp>29.0</ns3:atemp>
            <ns3:hr>101</ns3:hr>
            <ns3:cad>52</ns3:cad>
          </ns3:TrackPointExtension>
        </extensions>
      </trkpt>
      <trkpt lat="48.8362879492342472076416015625" lon="-3.5070700943470001220703125">
        <ele>6.19999980926513671875</ele>
        <time>2026-07-23T14:24:09.000Z</time>
        <extensions>
          <ns3:TrackPointExtension>
            <ns3:atemp>29.0</ns3:atemp>
            <ns3:hr>102</ns3:hr>
            <ns3:cad>52</ns3:cad>
          </ns3:TrackPointExtension>
        </extensions>
      </trkpt>
      <trkpt lat="48.83634670637547969818115234375" lon="-3.50698434747755527496337890625">
        <ele>6</ele>
        <time>2026-07-23T14:24:17.000Z</time>
        <extensions>
          <ns3:TrackPointExtension>
            <ns3:atemp>29.0</ns3:atemp>
            <ns3:hr>106</ns3:hr>
            <ns3:cad>54</ns3:cad>
          </ns3:TrackPointExtension>
        </extensions>
      </trkpt>
      <trkpt lat="48.83636958897113800048828125" lon="-3.506952412426471710205078125">
        <ele>5.599999904632568359375</ele>
        <time>2026-07-23T14:24:20.000Z</time>
        <extensions>
          <ns3:TrackPointExtension>
            <ns3:atemp>29.0</ns3:atemp>
            <ns3:hr>108</ns3:hr>
            <ns3:cad>53</ns3:cad>
          </ns3:TrackPointExtension>
        </extensions>
      </trkpt>
      <trkpt lat="48.836451731622219085693359375" lon="-3.50686498917639255523681640625">
        <ele>6</ele>
        <time>2026-07-23T14:24:30.000Z</time>
        <extensions>
          <ns3:TrackPointExtension>
            <ns3:atemp>29.0</ns3:atemp>
            <ns3:hr>108</ns3:hr>
            <ns3:cad>52</ns3:cad>
          </ns3:TrackPointExtension>
        </extensions>
      </trkpt>
      <trkpt lat="48.8365043699741363525390625" lon="-3.5067933239042758941650390625">
        <ele>6</ele>
        <time>2026-07-23T14:24:39.000Z</time>
        <extensions>
          <ns3:TrackPointExtension>
            <ns3:atemp>29.0</ns3:atemp>
            <ns3:hr>107</ns3:hr>
            <ns3:cad>53</ns3:cad>
          </ns3:TrackPointExtension>
        </extensions>
      </trkpt>
      <trkpt lat="48.83653848432004451751708984375" lon="-3.50674881599843502044677734375">
        <ele>5.599999904632568359375</ele>
        <time>2026-07-23T14:24:45.000Z</time>
        <extensions>
          <ns3:TrackPointExtension>
            <ns3:atemp>29.0</ns3:atemp>
            <ns3:hr>104</ns3:hr>
            <ns3:cad>49</ns3:cad>
          </ns3:TrackPointExtension>
        </extensions>
      </trkpt>
      <trkpt lat="48.83655793033540248870849609375" lon="-3.5067165456712245941162109375">
        <ele>5.599999904632568359375</ele>
        <time>2026-07-23T14:24:48.000Z</time>
        <extensions>
          <ns3:TrackPointExtension>
            <ns3:atemp>29.0</ns3:atemp>
            <ns3:hr>103</ns3:hr>
            <ns3:cad>48</ns3:cad>
          </ns3:TrackPointExtension>
        </extensions>
      </trkpt>
      <trkpt lat="48.83658207021653652191162109375" lon="-3.50668997503817081451416015625">
        <ele>5.400000095367431640625</ele>
        <time>2026-07-23T14:24:51.000Z</time>
        <extensions>
          <ns3:TrackPointExtension>
            <ns3:atemp>29.0</ns3:atemp>
            <ns3:hr>99</ns3:hr>
            <ns3:cad>48</ns3:cad>
          </ns3:TrackPointExtension>
        </extensions>
      </trkpt>
      <trkpt lat="48.83660302497446537017822265625" lon="-3.506666086614131927490234375">
        <ele>5.400000095367431640625</ele>
        <time>2026-07-23T14:24:54.000Z</time>
        <extensions>
          <ns3:TrackPointExtension>
            <ns3:atemp>29.0</ns3:atemp>
            <ns3:hr>96</ns3:hr>
            <ns3:cad>48</ns3:cad>
          </ns3:TrackPointExtension>
        </extensions>
      </trkpt>
      <trkpt lat="48.83662481792271137237548828125" lon="-3.50661076605319976806640625">
        <ele>5.400000095367431640625</ele>
        <time>2026-07-23T14:24:59.000Z</time>
        <extensions>
          <ns3:TrackPointExtension>
            <ns3:atemp>29.0</ns3:atemp>
            <ns3:hr>95</ns3:hr>
            <ns3:cad>48</ns3:cad>
          </ns3:TrackPointExtension>
        </extensions>
      </trkpt>
      <trkpt lat="48.83666999638080596923828125" lon="-3.506527952849864959716796875">
        <ele>5</ele>
        <time>2026-07-23T14:25:07.000Z</time>
        <extensions>
          <ns3:TrackPointExtension>
            <ns3:atemp>29.0</ns3:atemp>
            <ns3:hr>93</ns3:hr>
            <ns3:cad>46</ns3:cad>
          </ns3:TrackPointExtension>
        </extensions>
      </trkpt>
      <trkpt lat="48.836672343313694000244140625" lon="-3.50650272332131862640380859375">
        <ele>4.599999904632568359375</ele>
        <time>2026-07-23T14:25:09.000Z</time>
        <extensions>
          <ns3:TrackPointExtension>
            <ns3:atemp>29.0</ns3:atemp>
            <ns3:hr>93</ns3:hr>
            <ns3:cad>0</ns3:cad>
          </ns3:TrackPointExtension>
        </extensions>
      </trkpt>
      <trkpt lat="48.83668449707329273223876953125" lon="-3.5064664296805858612060546875">
        <ele>4.599999904632568359375</ele>
        <time>2026-07-23T14:25:12.000Z</time>
        <extensions>
          <ns3:TrackPointExtension>
            <ns3:atemp>29.0</ns3:atemp>
            <ns3:hr>89</ns3:hr>
            <ns3:cad>48</ns3:cad>
          </ns3:TrackPointExtension>
        </extensions>
      </trkpt>
      <trkpt lat="48.83670218288898468017578125" lon="-3.506409265100955963134765625">
        <ele>4.400000095367431640625</ele>
        <time>2026-07-23T14:25:17.000Z</time>
        <extensions>
          <ns3:TrackPointExtension>
            <ns3:atemp>29.0</ns3:atemp>
            <ns3:hr>86</ns3:hr>
            <ns3:cad>49</ns3:cad>
          </ns3:TrackPointExtension>
        </extensions>
      </trkpt>
      <trkpt lat="48.83671366609632968902587890625" lon="-3.50638453848659992218017578125">
        <ele>4.400000095367431640625</ele>
        <time>2026-07-23T14:25:19.000Z</time>
        <extensions>
          <ns3:TrackPointExtension>
            <ns3:atemp>29.0</ns3:atemp>
            <ns3:hr>86</ns3:hr>
            <ns3:cad>50</ns3:cad>
          </ns3:TrackPointExtension>
        </extensions>
      </trkpt>
      <trkpt lat="48.83678927086293697357177734375" lon="-3.50633508525788784027099609375">
        <ele>4.599999904632568359375</ele>
        <time>2026-07-23T14:25:28.000Z</time>
        <extensions>
          <ns3:TrackPointExtension>
            <ns3:atemp>29.0</ns3:atemp>
            <ns3:hr>86</ns3:hr>
            <ns3:cad>48</ns3:cad>
          </ns3:TrackPointExtension>
        </extensions>
      </trkpt>
      <trkpt lat="48.836858086287975311279296875" lon="-3.5062357597053050994873046875">
        <ele>4.80000019073486328125</ele>
        <time>2026-07-23T14:25:38.000Z</time>
        <extensions>
          <ns3:TrackPointExtension>
            <ns3:atemp>29.0</ns3:atemp>
            <ns3:hr>89</ns3:hr>
            <ns3:cad>49</ns3:cad>
          </ns3:TrackPointExtension>
        </extensions>
      </trkpt>
      <trkpt lat="48.83687996305525302886962890625" lon="-3.5061978735029697418212890625">
        <ele>4.599999904632568359375</ele>
        <time>2026-07-23T14:25:41.000Z</time>
        <extensions>
          <ns3:TrackPointExtension>
            <ns3:atemp>29.0</ns3:atemp>
            <ns3:hr>92</ns3:hr>
            <ns3:cad>50</ns3:cad>
          </ns3:TrackPointExtension>
        </extensions>
      </trkpt>
      <trkpt lat="48.83688515983521938323974609375" lon="-3.50618454627692699432373046875">
        <ele>4.80000019073486328125</ele>
        <time>2026-07-23T14:25:42.000Z</time>
        <extensions>
          <ns3:TrackPointExtension>
            <ns3:atemp>29.0</ns3:atemp>
            <ns3:hr>92</ns3:hr>
            <ns3:cad>48</ns3:cad>
          </ns3:TrackPointExtension>
        </extensions>
      </trkpt>
      <trkpt lat="48.83695305325090885162353515625" lon="-3.50603551603853702545166015625">
        <ele>4.80000019073486328125</ele>
        <time>2026-07-23T14:25:54.000Z</time>
        <extensions>
          <ns3:TrackPointExtension>
            <ns3:atemp>29.0</ns3:atemp>
            <ns3:hr>93</ns3:hr>
            <ns3:cad>51</ns3:cad>
          </ns3:TrackPointExtension>
        </extensions>
      </trkpt>
      <trkpt lat="48.8370215333998203277587890625" lon="-3.50587693043053150177001953125">
        <ele>4.80000019073486328125</ele>
        <time>2026-07-23T14:26:06.000Z</time>
        <extensions>
          <ns3:TrackPointExtension>
            <ns3:atemp>29.0</ns3:atemp>
            <ns3:hr>96</ns3:hr>
            <ns3:cad>51</ns3:cad>
          </ns3:TrackPointExtension>
        </extensions>
      </trkpt>
      <trkpt lat="48.83703368715941905975341796875" lon="-3.50584901869297027587890625">
        <ele>4.599999904632568359375</ele>
        <time>2026-07-23T14:26:08.000Z</time>
        <extensions>
          <ns3:TrackPointExtension>
            <ns3:atemp>29.0</ns3:atemp>
            <ns3:hr>94</ns3:hr>
            <ns3:cad>52</ns3:cad>
          </ns3:TrackPointExtension>
        </extensions>
      </trkpt>
      <trkpt lat="48.837112225592136383056640625" lon="-3.50565363653004169464111328125">
        <ele>5</ele>
        <time>2026-07-23T14:26:23.000Z</time>
        <extensions>
          <ns3:TrackPointExtension>
            <ns3:atemp>29.0</ns3:atemp>
            <ns3:hr>95</ns3:hr>
            <ns3:cad>51</ns3:cad>
          </ns3:TrackPointExtension>
        </extensions>
      </trkpt>
      <trkpt lat="48.83718405850231647491455078125" lon="-3.5054984875023365020751953125">
        <ele>5</ele>
        <time>2026-07-23T14:26:35.000Z</time>
        <extensions>
          <ns3:TrackPointExtension>
            <ns3:atemp>29.0</ns3:atemp>
            <ns3:hr>96</ns3:hr>
            <ns3:cad>52</ns3:cad>
          </ns3:TrackPointExtension>
        </extensions>
      </trkpt>
      <trkpt lat="48.8372488506138324737548828125" lon="-3.5053549893200397491455078125">
        <ele>5.400000095367431640625</ele>
        <time>2026-07-23T14:26:47.000Z</time>
        <extensions>
          <ns3:TrackPointExtension>
            <ns3:atemp>29.0</ns3:atemp>
            <ns3:hr>97</ns3:hr>
            <ns3:cad>48</ns3:cad>
          </ns3:TrackPointExtension>
        </extensions>
      </trkpt>
      <trkpt lat="48.83726955391466617584228515625" lon="-3.505305536091327667236328125">
        <ele>6.19999980926513671875</ele>
        <time>2026-07-23T14:26:51.000Z</time>
        <extensions>
          <ns3:TrackPointExtension>
            <ns3:atemp>29.0</ns3:atemp>
            <ns3:hr>97</ns3:hr>
            <ns3:cad>47</ns3:cad>
          </ns3:TrackPointExtension>
        </extensions>
      </trkpt>
      <trkpt lat="48.8372951187193393707275390625" lon="-3.505255244672298431396484375">
        <ele>6.19999980926513671875</ele>
        <time>2026-07-23T14:26:56.000Z</time>
        <extensions>
          <ns3:TrackPointExtension>
            <ns3:atemp>29.0</ns3:atemp>
            <ns3:hr>99</ns3:hr>
            <ns3:cad>47</ns3:cad>
          </ns3:TrackPointExtension>
        </extensions>
      </trkpt>
      <trkpt lat="48.83736728690564632415771484375" lon="-3.50510428659617900848388671875">
        <ele>5</ele>
        <time>2026-07-23T14:27:09.000Z</time>
        <extensions>
          <ns3:TrackPointExtension>
            <ns3:atemp>29.0</ns3:atemp>
            <ns3:hr>96</ns3:hr>
            <ns3:cad>50</ns3:cad>
          </ns3:TrackPointExtension>
        </extensions>
      </trkpt>
      <trkpt lat="48.8374369405210018157958984375" lon="-3.5049660690128803253173828125">
        <ele>5</ele>
        <time>2026-07-23T14:27:21.000Z</time>
        <extensions>
          <ns3:TrackPointExtension>
            <ns3:atemp>29.0</ns3:atemp>
            <ns3:hr>97</ns3:hr>
            <ns3:cad>50</ns3:cad>
          </ns3:TrackPointExtension>
        </extensions>
      </trkpt>
      <trkpt lat="48.8374845497310161590576171875" lon="-3.50488887168467044830322265625">
        <ele>4.400000095367431640625</ele>
        <time>2026-07-23T14:27:29.000Z</time>
        <extensions>
          <ns3:TrackPointExtension>
            <ns3:atemp>29.0</ns3:atemp>
            <ns3:hr>94</ns3:hr>
            <ns3:cad>53</ns3:cad>
          </ns3:TrackPointExtension>
        </extensions>
      </trkpt>
      <trkpt lat="48.83750684559345245361328125" lon="-3.50484696216881275177001953125">
        <ele>4</ele>
        <time>2026-07-23T14:27:33.000Z</time>
        <extensions>
          <ns3:TrackPointExtension>
            <ns3:atemp>29.0</ns3:atemp>
            <ns3:hr>94</ns3:hr>
            <ns3:cad>48</ns3:cad>
          </ns3:TrackPointExtension>
        </extensions>
      </trkpt>
      <trkpt lat="48.8375153951346874237060546875" lon="-3.50483941845595836639404296875">
        <ele>4</ele>
        <time>2026-07-23T14:27:34.000Z</time>
        <extensions>
          <ns3:TrackPointExtension>
            <ns3:atemp>29.0</ns3:atemp>
            <ns3:hr>94</ns3:hr>
            <ns3:cad>49</ns3:cad>
          </ns3:TrackPointExtension>
        </extensions>
      </trkpt>
      <trkpt lat="48.8376079313457012176513671875" lon="-3.50473313592374324798583984375">
        <ele>3.599999904632568359375</ele>
        <time>2026-07-23T14:27:45.000Z</time>
        <extensions>
          <ns3:TrackPointExtension>
            <ns3:atemp>29.0</ns3:atemp>
            <ns3:hr>94</ns3:hr>
            <ns3:cad>55</ns3:cad>
          </ns3:TrackPointExtension>
        </extensions>
      </trkpt>
      <trkpt lat="48.83766752667725086212158203125" lon="-3.5046405158936977386474609375">
        <ele>3.400000095367431640625</ele>
        <time>2026-07-23T14:27:54.000Z</time>
        <extensions>
          <ns3:TrackPointExtension>
            <ns3:atemp>29.0</ns3:atemp>
            <ns3:hr>92</ns3:hr>
            <ns3:cad>51</ns3:cad>
          </ns3:TrackPointExtension>
        </extensions>
      </trkpt>
      <trkpt lat="48.837740533053874969482421875" lon="-3.504560552537441253662109375">
        <ele>3.400000095367431640625</ele>
        <time>2026-07-23T14:28:02.000Z</time>
        <extensions>
          <ns3:TrackPointExtension>
            <ns3:atemp>29.0</ns3:atemp>
            <ns3:hr>91</ns3:hr>
            <ns3:cad>51</ns3:cad>
          </ns3:TrackPointExtension>
        </extensions>
      </trkpt>
      <trkpt lat="48.83779585361480712890625" lon="-3.50450598634779453277587890625">
        <ele>3</ele>
        <time>2026-07-23T14:28:08.000Z</time>
        <extensions>
          <ns3:TrackPointExtension>
            <ns3:atemp>29.0</ns3:atemp>
            <ns3:hr>92</ns3:hr>
            <ns3:cad>53</ns3:cad>
          </ns3:TrackPointExtension>
        </extensions>
      </trkpt>
      <trkpt lat="48.83784891106188297271728515625" lon="-3.504445888102054595947265625">
        <ele>3.2000000476837158203125</ele>
        <time>2026-07-23T14:28:15.000Z</time>
        <extensions>
          <ns3:TrackPointExtension>
            <ns3:atemp>29.0</ns3:atemp>
            <ns3:hr>92</ns3:hr>
            <ns3:cad>51</ns3:cad>
          </ns3:TrackPointExtension>
        </extensions>
      </trkpt>
      <trkpt lat="48.83796240203082561492919921875" lon="-3.504336588084697723388671875">
        <ele>2.599999904632568359375</ele>
        <time>2026-07-23T14:28:29.000Z</time>
        <extensions>
          <ns3:TrackPointExtension>
            <ns3:atemp>29.0</ns3:atemp>
            <ns3:hr>90</ns3:hr>
            <ns3:cad>49</ns3:cad>
          </ns3:TrackPointExtension>
        </extensions>
      </trkpt>
      <trkpt lat="48.8380417786538600921630859375" lon="-3.50427917204797267913818359375">
        <ele>3</ele>
        <time>2026-07-23T14:28:38.000Z</time>
        <extensions>
          <ns3:TrackPointExtension>
            <ns3:atemp>29.0</ns3:atemp>
            <ns3:hr>91</ns3:hr>
            <ns3:cad>52</ns3:cad>
          </ns3:TrackPointExtension>
        </extensions>
      </trkpt>
      <trkpt lat="48.838154263794422149658203125" lon="-3.50421010516583919525146484375">
        <ele>2.7999999523162841796875</ele>
        <time>2026-07-23T14:28:50.000Z</time>
        <extensions>
          <ns3:TrackPointExtension>
            <ns3:atemp>29.0</ns3:atemp>
            <ns3:hr>92</ns3:hr>
            <ns3:cad>51</ns3:cad>
          </ns3:TrackPointExtension>
        </extensions>
      </trkpt>
      <trkpt lat="48.8382245041429996490478515625" lon="-3.50416132248938083648681640625">
        <ele>3.400000095367431640625</ele>
        <time>2026-07-23T14:28:57.000Z</time>
        <extensions>
          <ns3:TrackPointExtension>
            <ns3:atemp>29.0</ns3:atemp>
            <ns3:hr>95</ns3:hr>
            <ns3:cad>54</ns3:cad>
          </ns3:TrackPointExtension>
        </extensions>
      </trkpt>
      <trkpt lat="48.83826029486954212188720703125" lon="-3.50412511266767978668212890625">
        <ele>2.400000095367431640625</ele>
        <time>2026-07-23T14:29:01.000Z</time>
        <extensions>
          <ns3:TrackPointExtension>
            <ns3:atemp>29.0</ns3:atemp>
            <ns3:hr>95</ns3:hr>
            <ns3:cad>54</ns3:cad>
          </ns3:TrackPointExtension>
        </extensions>
      </trkpt>
      <trkpt lat="48.83831963874399662017822265625" lon="-3.50398496724665164947509765625">
        <ele>2.400000095367431640625</ele>
        <time>2026-07-23T14:29:11.000Z</time>
        <extensions>
          <ns3:TrackPointExtension>
            <ns3:atemp>29.0</ns3:atemp>
            <ns3:hr>98</ns3:hr>
            <ns3:cad>55</ns3:cad>
          </ns3:TrackPointExtension>
        </extensions>
      </trkpt>
      <trkpt lat="48.83832148276269435882568359375" lon="-3.50396904163062572479248046875">
        <ele>2.599999904632568359375</ele>
        <time>2026-07-23T14:29:12.000Z</time>
        <extensions>
          <ns3:TrackPointExtension>
            <ns3:atemp>29.0</ns3:atemp>
            <ns3:hr>98</ns3:hr>
            <ns3:cad>55</ns3:cad>
          </ns3:TrackPointExtension>
        </extensions>
      </trkpt>
      <trkpt lat="48.838349394500255584716796875" lon="-3.503843061625957489013671875">
        <ele>2.599999904632568359375</ele>
        <time>2026-07-23T14:29:21.000Z</time>
        <extensions>
          <ns3:TrackPointExtension>
            <ns3:atemp>29.0</ns3:atemp>
            <ns3:hr>98</ns3:hr>
            <ns3:cad>53</ns3:cad>
          </ns3:TrackPointExtension>
        </extensions>
      </trkpt>
      <trkpt lat="48.83838753215968608856201171875" lon="-3.5037406347692012786865234375">
        <ele>2.599999904632568359375</ele>
        <time>2026-07-23T14:29:29.000Z</time>
        <extensions>
          <ns3:TrackPointExtension>
            <ns3:atemp>30.0</ns3:atemp>
            <ns3:hr>95</ns3:hr>
            <ns3:cad>51</ns3:cad>
          </ns3:TrackPointExtension>
        </extensions>
      </trkpt>
      <trkpt lat="48.83839457295835018157958984375" lon="-3.50370987318456172943115234375">
        <ele>2.400000095367431640625</ele>
        <time>2026-07-23T14:29:31.000Z</time>
        <extensions>
          <ns3:TrackPointExtension>
            <ns3:atemp>29.0</ns3:atemp>
            <ns3:hr>94</ns3:hr>
            <ns3:cad>51</ns3:cad>
          </ns3:TrackPointExtension>
        </extensions>
      </trkpt>
      <trkpt lat="48.8383726961910724639892578125" lon="-3.50359202362596988677978515625">
        <ele>2.599999904632568359375</ele>
        <time>2026-07-23T14:29:39.000Z</time>
        <extensions>
          <ns3:TrackPointExtension>
            <ns3:atemp>30.0</ns3:atemp>
            <ns3:hr>93</ns3:hr>
            <ns3:cad>52</ns3:cad>
          </ns3:TrackPointExtension>
        </extensions>
      </trkpt>
      <trkpt lat="48.8383495621383190155029296875" lon="-3.50348959676921367645263671875">
        <ele>2.7999999523162841796875</ele>
        <time>2026-07-23T14:29:46.000Z</time>
        <extensions>
          <ns3:TrackPointExtension>
            <ns3:atemp>30.0</ns3:atemp>
            <ns3:hr>91</ns3:hr>
            <ns3:cad>53</ns3:cad>
          </ns3:TrackPointExtension>
        </extensions>
      </trkpt>
      <trkpt lat="48.83830547332763671875" lon="-3.50338314659893512725830078125">
        <ele>2.7999999523162841796875</ele>
        <time>2026-07-23T14:29:54.000Z</time>
        <extensions>
          <ns3:TrackPointExtension>
            <ns3:atemp>29.0</ns3:atemp>
            <ns3:hr>93</ns3:hr>
            <ns3:cad>52</ns3:cad>
          </ns3:TrackPointExtension>
        </extensions>
      </trkpt>
      <trkpt lat="48.838234059512615203857421875" lon="-3.50322355516254901885986328125">
        <ele>2.7999999523162841796875</ele>
        <time>2026-07-23T14:30:06.000Z</time>
        <extensions>
          <ns3:TrackPointExtension>
            <ns3:atemp>29.0</ns3:atemp>
            <ns3:hr>92</ns3:hr>
            <ns3:cad>54</ns3:cad>
          </ns3:TrackPointExtension>
        </extensions>
      </trkpt>
      <trkpt lat="48.838187791407108306884765625" lon="-3.50310101173818111419677734375">
        <ele>2.7999999523162841796875</ele>
        <time>2026-07-23T14:30:15.000Z</time>
        <extensions>
          <ns3:TrackPointExtension>
            <ns3:atemp>29.0</ns3:atemp>
            <ns3:hr>91</ns3:hr>
            <ns3:cad>53</ns3:cad>
          </ns3:TrackPointExtension>
        </extensions>
      </trkpt>
      <trkpt lat="48.83816306479275226593017578125" lon="-3.50293882191181182861328125">
        <ele>2.599999904632568359375</ele>
        <time>2026-07-23T14:30:26.000Z</time>
        <extensions>
          <ns3:TrackPointExtension>
            <ns3:atemp>29.0</ns3:atemp>
            <ns3:hr>90</ns3:hr>
            <ns3:cad>53</ns3:cad>
          </ns3:TrackPointExtension>
        </extensions>
      </trkpt>
      <trkpt lat="48.8381406851112842559814453125" lon="-3.50272432900965213775634765625">
        <ele>2.2000000476837158203125</ele>
        <time>2026-07-23T14:30:39.000Z</time>
        <extensions>
          <ns3:TrackPointExtension>
            <ns3:atemp>29.0</ns3:atemp>
            <ns3:hr>92</ns3:hr>
            <ns3:cad>51</ns3:cad>
          </ns3:TrackPointExtension>
        </extensions>
      </trkpt>
      <trkpt lat="48.83813439868390560150146484375" lon="-3.50260882638394832611083984375">
        <ele>2.400000095367431640625</ele>
        <time>2026-07-23T14:30:48.000Z</time>
        <extensions>
          <ns3:TrackPointExtension>
            <ns3:atemp>29.0</ns3:atemp>
            <ns3:hr>92</ns3:hr>
            <ns3:cad>0</ns3:cad>
          </ns3:TrackPointExtension>
        </extensions>
      </trkpt>
      <trkpt lat="48.83812853135168552398681640625" lon="-3.502518720924854278564453125">
        <ele>2.400000095367431640625</ele>
        <time>2026-07-23T14:30:55.000Z</time>
        <extensions>
          <ns3:TrackPointExtension>
            <ns3:atemp>29.0</ns3:atemp>
            <ns3:hr>91</ns3:hr>
            <ns3:cad>0</ns3:cad>
          </ns3:TrackPointExtension>
        </extensions>
      </trkpt>
      <trkpt lat="48.838109672069549560546875" lon="-3.50232317112386226654052734375">
        <ele>2</ele>
        <time>2026-07-23T14:31:07.000Z</time>
        <extensions>
          <ns3:TrackPointExtension>
            <ns3:atemp>29.0</ns3:atemp>
            <ns3:hr>92</ns3:hr>
            <ns3:cad>53</ns3:cad>
          </ns3:TrackPointExtension>
        </extensions>
      </trkpt>
      <trkpt lat="48.8381064869463443756103515625" lon="-3.50225293077528476715087890625">
        <ele>2</ele>
        <time>2026-07-23T14:31:11.000Z</time>
        <extensions>
          <ns3:TrackPointExtension>
            <ns3:atemp>29.0</ns3:atemp>
            <ns3:hr>90</ns3:hr>
            <ns3:cad>53</ns3:cad>
          </ns3:TrackPointExtension>
        </extensions>
      </trkpt>
      <trkpt lat="48.8381078280508518218994140625" lon="-3.5021594725549221038818359375">
        <ele>2.2000000476837158203125</ele>
        <time>2026-07-23T14:31:17.000Z</time>
        <extensions>
          <ns3:TrackPointExtension>
            <ns3:atemp>29.0</ns3:atemp>
            <ns3:hr>91</ns3:hr>
            <ns3:cad>53</ns3:cad>
          </ns3:TrackPointExtension>
        </extensions>
      </trkpt>
      <trkpt lat="48.83810288272798061370849609375" lon="-3.50200633518397808074951171875">
        <ele>2.599999904632568359375</ele>
        <time>2026-07-23T14:31:27.000Z</time>
        <extensions>
          <ns3:TrackPointExtension>
            <ns3:atemp>29.0</ns3:atemp>
            <ns3:hr>91</ns3:hr>
            <ns3:cad>53</ns3:cad>
          </ns3:TrackPointExtension>
        </extensions>
      </trkpt>
      <trkpt lat="48.8381014578044414520263671875" lon="-3.5019899904727935791015625">
        <ele>2.599999904632568359375</ele>
        <time>2026-07-23T14:31:28.000Z</time>
        <extensions>
          <ns3:TrackPointExtension>
            <ns3:atemp>29.0</ns3:atemp>
            <ns3:hr>91</ns3:hr>
            <ns3:cad>53</ns3:cad>
          </ns3:TrackPointExtension>
        </extensions>
      </trkpt>
      <trkpt lat="48.83805694989860057830810546875" lon="-3.5017849691212177276611328125">
        <ele>2.599999904632568359375</ele>
        <time>2026-07-23T14:31:42.000Z</time>
        <extensions>
          <ns3:TrackPointExtension>
            <ns3:atemp>29.0</ns3:atemp>
            <ns3:hr>92</ns3:hr>
            <ns3:cad>51</ns3:cad>
          </ns3:TrackPointExtension>
        </extensions>
      </trkpt>
      <trkpt lat="48.83802828378975391387939453125" lon="-3.50170492194592952728271484375">
        <ele>3</ele>
        <time>2026-07-23T14:31:48.000Z</time>
        <extensions>
          <ns3:TrackPointExtension>
            <ns3:atemp>29.0</ns3:atemp>
            <ns3:hr>92</ns3:hr>
            <ns3:cad>53</ns3:cad>
          </ns3:TrackPointExtension>
        </extensions>
      </trkpt>
      <trkpt lat="48.83799995295703411102294921875" lon="-3.501626551151275634765625">
        <ele>3</ele>
        <time>2026-07-23T14:31:54.000Z</time>
        <extensions>
          <ns3:TrackPointExtension>
            <ns3:atemp>29.0</ns3:atemp>
            <ns3:hr>92</ns3:hr>
            <ns3:cad>51</ns3:cad>
          </ns3:TrackPointExtension>
        </extensions>
      </trkpt>
      <trkpt lat="48.83794496767222881317138671875" lon="-3.50144089199602603912353515625">
        <ele>3</ele>
        <time>2026-07-23T14:32:07.000Z</time>
        <extensions>
          <ns3:TrackPointExtension>
            <ns3:atemp>29.0</ns3:atemp>
            <ns3:hr>92</ns3:hr>
            <ns3:cad>51</ns3:cad>
          </ns3:TrackPointExtension>
        </extensions>
      </trkpt>
      <trkpt lat="48.8379375077784061431884765625" lon="-3.50128901191055774688720703125">
        <ele>2.7999999523162841796875</ele>
        <time>2026-07-23T14:32:16.000Z</time>
        <extensions>
          <ns3:TrackPointExtension>
            <ns3:atemp>29.0</ns3:atemp>
            <ns3:hr>91</ns3:hr>
            <ns3:cad>54</ns3:cad>
          </ns3:TrackPointExtension>
        </extensions>
      </trkpt>
      <trkpt lat="48.83795636706054210662841796875" lon="-3.5011606849730014801025390625">
        <ele>2.2000000476837158203125</ele>
        <time>2026-07-23T14:32:24.000Z</time>
        <extensions>
          <ns3:TrackPointExtension>
            <ns3:atemp>29.0</ns3:atemp>
            <ns3:hr>92</ns3:hr>
            <ns3:cad>51</ns3:cad>
          </ns3:TrackPointExtension>
        </extensions>
      </trkpt>
      <trkpt lat="48.8380156271159648895263671875" lon="-3.50111802108585834503173828125">
        <ele>3</ele>
        <time>2026-07-23T14:32:31.000Z</time>
        <extensions>
          <ns3:TrackPointExtension>
            <ns3:atemp>29.0</ns3:atemp>
            <ns3:hr>93</ns3:hr>
            <ns3:cad>53</ns3:cad>
          </ns3:TrackPointExtension>
        </extensions>
      </trkpt>
      <trkpt lat="48.8381185568869113922119140625" lon="-3.5011519677937030792236328125">
        <ele>3.400000095367431640625</ele>
        <time>2026-07-23T14:32:41.000Z</time>
        <extensions>
          <ns3:TrackPointExtension>
            <ns3:atemp>29.0</ns3:atemp>
            <ns3:hr>94</ns3:hr>
            <ns3:cad>50</ns3:cad>
          </ns3:TrackPointExtension>
        </extensions>
      </trkpt>
      <trkpt lat="48.83817077614367008209228515625" lon="-3.50113444961607456207275390625">
        <ele>3.7999999523162841796875</ele>
        <time>2026-07-23T14:32:49.000Z</time>
        <extensions>
          <ns3:TrackPointExtension>
            <ns3:atemp>29.0</ns3:atemp>
            <ns3:hr>95</ns3:hr>
            <ns3:cad>0</ns3:cad>
          </ns3:TrackPointExtension>
        </extensions>
      </trkpt>
      <trkpt lat="48.838171027600765228271484375" lon="-3.50113512016832828521728515625">
        <ele>4</ele>
        <time>2026-07-23T14:32:50.000Z</time>
        <extensions>
          <ns3:TrackPointExtension>
            <ns3:atemp>29.0</ns3:atemp>
            <ns3:hr>96</ns3:hr>
            <ns3:cad>0</ns3:cad>
          </ns3:TrackPointExtension>
        </extensions>
      </trkpt>
      <trkpt lat="48.83817094378173351287841796875" lon="-3.5011348687112331390380859375">
        <ele>4.19999980926513671875</ele>
        <time>2026-07-23T14:32:52.000Z</time>
        <extensions>
          <ns3:TrackPointExtension>
            <ns3:atemp>28.0</ns3:atemp>
            <ns3:hr>97</ns3:hr>
            <ns3:cad>0</ns3:cad>
          </ns3:TrackPointExtension>
        </extensions>
      </trkpt>
      <trkpt lat="48.83816893212497234344482421875" lon="-3.50113444961607456207275390625">
        <ele>3.599999904632568359375</ele>
        <time>2026-07-23T14:33:09.000Z</time>
        <extensions>
          <ns3:TrackPointExtension>
            <ns3:atemp>29.0</ns3:atemp>
            <ns3:hr>97</ns3:hr>
            <ns3:cad>0</ns3:cad>
          </ns3:TrackPointExtension>
        </extensions>
      </trkpt>
      <trkpt lat="48.83816893212497234344482421875" lon="-3.50113444961607456207275390625">
        <ele>3.599999904632568359375</ele>
        <time>2026-07-23T14:33:11.000Z</time>
        <extensions>
          <ns3:TrackPointExtension>
            <ns3:atemp>29.0</ns3:atemp>
            <ns3:hr>94</ns3:hr>
            <ns3:cad>0</ns3:cad>
          </ns3:TrackPointExtension>
        </extensions>
      </trkpt>
      <trkpt lat="48.83816893212497234344482421875" lon="-3.50113461725413799285888671875">
        <ele>3.599999904632568359375</ele>
        <time>2026-07-23T14:33:13.000Z</time>
        <extensions>
          <ns3:TrackPointExtension>
            <ns3:atemp>29.0</ns3:atemp>
            <ns3:hr>90</ns3:hr>
            <ns3:cad>0</ns3:cad>
          </ns3:TrackPointExtension>
        </extensions>
      </trkpt>
      <trkpt lat="48.83816893212497234344482421875" lon="-3.5011348687112331390380859375">
        <ele>3.400000095367431640625</ele>
        <time>2026-07-23T14:33:15.000Z</time>
        <extensions>
          <ns3:TrackPointExtension>
            <ns3:atemp>29.0</ns3:atemp>
            <ns3:hr>87</ns3:hr>
            <ns3:cad>0</ns3:cad>
          </ns3:TrackPointExtension>
        </extensions>
      </trkpt>
      <trkpt lat="48.8381675072014331817626953125" lon="-3.50113931111991405487060546875">
        <ele>3.400000095367431640625</ele>
        <time>2026-07-23T14:33:27.000Z</time>
        <extensions>
          <ns3:TrackPointExtension>
            <ns3:atemp>29.0</ns3:atemp>
            <ns3:hr>84</ns3:hr>
            <ns3:cad>0</ns3:cad>
          </ns3:TrackPointExtension>
        </extensions>
      </trkpt>
      <trkpt lat="48.8381675072014331817626953125" lon="-3.5011422447860240936279296875">
        <ele>3</ele>
        <time>2026-07-23T14:33:35.000Z</time>
        <extensions>
          <ns3:TrackPointExtension>
            <ns3:atemp>29.0</ns3:atemp>
            <ns3:hr>83</ns3:hr>
            <ns3:cad>0</ns3:cad>
          </ns3:TrackPointExtension>
        </extensions>
      </trkpt>
      <trkpt lat="48.8381675072014331817626953125" lon="-3.50114450789988040924072265625">
        <ele>2.7999999523162841796875</ele>
        <time>2026-07-23T14:33:38.000Z</time>
        <extensions>
          <ns3:TrackPointExtension>
            <ns3:atemp>29.0</ns3:atemp>
            <ns3:hr>84</ns3:hr>
            <ns3:cad>0</ns3:cad>
          </ns3:TrackPointExtension>
        </extensions>
      </trkpt>
      <trkpt lat="48.8381765596568584442138671875" lon="-3.501144759356975555419921875">
        <ele>2.2000000476837158203125</ele>
        <time>2026-07-23T14:33:52.000Z</time>
        <extensions>
          <ns3:TrackPointExtension>
            <ns3:atemp>29.0</ns3:atemp>
            <ns3:hr>81</ns3:hr>
            <ns3:cad>0</ns3:cad>
          </ns3:TrackPointExtension>
        </extensions>
      </trkpt>
      <trkpt lat="48.83817949332296848297119140625" lon="-3.50114467553794384002685546875">
        <ele>2.2000000476837158203125</ele>
        <time>2026-07-23T14:33:55.000Z</time>
        <extensions>
          <ns3:TrackPointExtension>
            <ns3:atemp>29.0</ns3:atemp>
            <ns3:hr>78</ns3:hr>
            <ns3:cad>0</ns3:cad>
          </ns3:TrackPointExtension>
        </extensions>
      </trkpt>
      <trkpt lat="48.83817999623715877532958984375" lon="-3.5011435858905315399169921875">
        <ele>2</ele>
        <time>2026-07-23T14:34:05.000Z</time>
        <extensions>
          <ns3:TrackPointExtension>
            <ns3:atemp>29.0</ns3:atemp>
            <ns3:hr>81</ns3:hr>
            <ns3:cad>0</ns3:cad>
          </ns3:TrackPointExtension>
        </extensions>
      </trkpt>
      <trkpt lat="48.83817999623715877532958984375" lon="-3.5011435858905315399169921875">
        <ele>2</ele>
        <time>2026-07-23T14:34:07.000Z</time>
        <extensions>
          <ns3:TrackPointExtension>
            <ns3:atemp>29.0</ns3:atemp>
            <ns3:hr>81</ns3:hr>
            <ns3:cad>0</ns3:cad>
          </ns3:TrackPointExtension>
        </extensions>
      </trkpt>
      <trkpt lat="48.8381789065897464752197265625" lon="-3.50114283151924610137939453125">
        <ele>1.7999999523162841796875</ele>
        <time>2026-07-23T14:34:15.000Z</time>
        <extensions>
          <ns3:TrackPointExtension>
            <ns3:atemp>29.0</ns3:atemp>
            <ns3:hr>84</ns3:hr>
            <ns3:cad>0</ns3:cad>
          </ns3:TrackPointExtension>
        </extensions>
      </trkpt>
      <trkpt lat="48.838178403675556182861328125" lon="-3.50114283151924610137939453125">
        <ele>1.60000002384185791015625</ele>
        <time>2026-07-23T14:34:17.000Z</time>
        <extensions>
          <ns3:TrackPointExtension>
            <ns3:atemp>30.0</ns3:atemp>
            <ns3:hr>84</ns3:hr>
            <ns3:cad>0</ns3:cad>
          </ns3:TrackPointExtension>
        </extensions>
      </trkpt>
      <trkpt lat="48.8381782360374927520751953125" lon="-3.5011445917189121246337890625">
        <ele>1.39999997615814208984375</ele>
        <time>2026-07-23T14:34:27.000Z</time>
        <extensions>
          <ns3:TrackPointExtension>
            <ns3:atemp>29.0</ns3:atemp>
            <ns3:hr>87</ns3:hr>
            <ns3:cad>0</ns3:cad>
          </ns3:TrackPointExtension>
        </extensions>
      </trkpt>
      <trkpt lat="48.83817664347589015960693359375" lon="-3.5011462680995464324951171875">
        <ele>1.7999999523162841796875</ele>
        <time>2026-07-23T14:34:31.000Z</time>
        <extensions>
          <ns3:TrackPointExtension>
            <ns3:atemp>30.0</ns3:atemp>
            <ns3:hr>90</ns3:hr>
            <ns3:cad>0</ns3:cad>
          </ns3:TrackPointExtension>
        </extensions>
      </trkpt>
      <trkpt lat="48.838176392018795013427734375" lon="-3.50114819593727588653564453125">
        <ele>2</ele>
        <time>2026-07-23T14:34:39.000Z</time>
        <extensions>
          <ns3:TrackPointExtension>
            <ns3:atemp>30.0</ns3:atemp>
            <ns3:hr>87</ns3:hr>
            <ns3:cad>0</ns3:cad>
          </ns3:TrackPointExtension>
        </extensions>
      </trkpt>
      <trkpt lat="48.8381718657910823822021484375" lon="-3.5011697374284267425537109375">
        <ele>2.2000000476837158203125</ele>
        <time>2026-07-23T14:34:52.000Z</time>
        <extensions>
          <ns3:TrackPointExtension>
            <ns3:atemp>30.0</ns3:atemp>
            <ns3:hr>84</ns3:hr>
            <ns3:cad>0</ns3:cad>
          </ns3:TrackPointExtension>
        </extensions>
      </trkpt>
      <trkpt lat="48.838168345391750335693359375" lon="-3.50117602385580539703369140625">
        <ele>2.2000000476837158203125</ele>
        <time>2026-07-23T14:34:56.000Z</time>
        <extensions>
          <ns3:TrackPointExtension>
            <ns3:atemp>30.0</ns3:atemp>
            <ns3:hr>81</ns3:hr>
            <ns3:cad>0</ns3:cad>
          </ns3:TrackPointExtension>
        </extensions>
      </trkpt>
      <trkpt lat="48.83816524408757686614990234375" lon="-3.501181639730930328369140625">
        <ele>2.2000000476837158203125</ele>
        <time>2026-07-23T14:35:18.000Z</time>
        <extensions>
          <ns3:TrackPointExtension>
            <ns3:atemp>30.0</ns3:atemp>
            <ns3:hr>84</ns3:hr>
            <ns3:cad>0</ns3:cad>
          </ns3:TrackPointExtension>
        </extensions>
      </trkpt>
      <trkpt lat="48.838164322078227996826171875" lon="-3.501180298626422882080078125">
        <ele>1.7999999523162841796875</ele>
        <time>2026-07-23T14:35:30.000Z</time>
        <extensions>
          <ns3:TrackPointExtension>
            <ns3:atemp>30.0</ns3:atemp>
            <ns3:hr>81</ns3:hr>
            <ns3:cad>0</ns3:cad>
          </ns3:TrackPointExtension>
        </extensions>
      </trkpt>
      <trkpt lat="48.8381638191640377044677734375" lon="-3.50117082707583904266357421875">
        <ele>2</ele>
        <time>2026-07-23T14:35:56.000Z</time>
        <extensions>
          <ns3:TrackPointExtension>
            <ns3:atemp>30.0</ns3:atemp>
            <ns3:hr>84</ns3:hr>
            <ns3:cad>0</ns3:cad>
          </ns3:TrackPointExtension>
        </extensions>
      </trkpt>
      <trkpt lat="48.838162310421466827392578125" lon="-3.5011704079806804656982421875">
        <ele>2.400000095367431640625</ele>
        <time>2026-07-23T14:36:02.000Z</time>
        <extensions>
          <ns3:TrackPointExtension>
            <ns3:atemp>30.0</ns3:atemp>
            <ns3:hr>81</ns3:hr>
            <ns3:cad>0</ns3:cad>
          </ns3:TrackPointExtension>
        </extensions>
      </trkpt>
      <trkpt lat="48.8381611369550228118896484375" lon="-3.50117032416164875030517578125">
        <ele>2.7999999523162841796875</ele>
        <time>2026-07-23T14:36:15.000Z</time>
        <extensions>
          <ns3:TrackPointExtension>
            <ns3:atemp>30.0</ns3:atemp>
            <ns3:hr>84</ns3:hr>
            <ns3:cad>0</ns3:cad>
          </ns3:TrackPointExtension>
        </extensions>
      </trkpt>
      <trkpt lat="48.83816122077405452728271484375" lon="-3.501170240342617034912109375">
        <ele>2.599999904632568359375</ele>
        <time>2026-07-23T14:36:28.000Z</time>
        <extensions>
          <ns3:TrackPointExtension>
            <ns3:atemp>30.0</ns3:atemp>
            <ns3:hr>81</ns3:hr>
            <ns3:cad>0</ns3:cad>
          </ns3:TrackPointExtension>
        </extensions>
      </trkpt>
      <trkpt lat="48.8381289504468441009521484375" lon="-3.5011341981589794158935546875">
        <ele>2.7999999523162841796875</ele>
        <time>2026-07-23T14:36:39.000Z</time>
        <extensions>
          <ns3:TrackPointExtension>
            <ns3:atemp>29.0</ns3:atemp>
            <ns3:hr>84</ns3:hr>
            <ns3:cad>46</ns3:cad>
          </ns3:TrackPointExtension>
        </extensions>
      </trkpt>
      <trkpt lat="48.838095925748348236083984375" lon="-3.501074351370334625244140625">
        <ele>2.7999999523162841796875</ele>
        <time>2026-07-23T14:36:42.000Z</time>
        <extensions>
          <ns3:TrackPointExtension>
            <ns3:atemp>29.0</ns3:atemp>
            <ns3:hr>84</ns3:hr>
            <ns3:cad>47</ns3:cad>
          </ns3:TrackPointExtension>
        </extensions>
      </trkpt>
      <trkpt lat="48.83805829100310802459716796875" lon="-3.50098357535898685455322265625">
        <ele>2.7999999523162841796875</ele>
        <time>2026-07-23T14:36:47.000Z</time>
        <extensions>
          <ns3:TrackPointExtension>
            <ns3:atemp>29.0</ns3:atemp>
            <ns3:hr>85</ns3:hr>
            <ns3:cad>50</ns3:cad>
          </ns3:TrackPointExtension>
        </extensions>
      </trkpt>
      <trkpt lat="48.8380515016615390777587890625" lon="-3.5009548254311084747314453125">
        <ele>3</ele>
        <time>2026-07-23T14:36:49.000Z</time>
        <extensions>
          <ns3:TrackPointExtension>
            <ns3:atemp>29.0</ns3:atemp>
            <ns3:hr>85</ns3:hr>
            <ns3:cad>48</ns3:cad>
          </ns3:TrackPointExtension>
        </extensions>
      </trkpt>
      <trkpt lat="48.8380340673029422760009765625" lon="-3.50086052902042865753173828125">
        <ele>2.7999999523162841796875</ele>
        <time>2026-07-23T14:36:55.000Z</time>
        <extensions>
          <ns3:TrackPointExtension>
            <ns3:atemp>29.0</ns3:atemp>
            <ns3:hr>88</ns3:hr>
            <ns3:cad>50</ns3:cad>
          </ns3:TrackPointExtension>
        </extensions>
      </trkpt>
      <trkpt lat="48.83803029544651508331298828125" lon="-3.50084627978503704071044921875">
        <ele>2.7999999523162841796875</ele>
        <time>2026-07-23T14:36:56.000Z</time>
        <extensions>
          <ns3:TrackPointExtension>
            <ns3:atemp>29.0</ns3:atemp>
            <ns3:hr>89</ns3:hr>
            <ns3:cad>50</ns3:cad>
          </ns3:TrackPointExtension>
        </extensions>
      </trkpt>
      <trkpt lat="48.83802576921880245208740234375" lon="-3.5008237324655055999755859375">
        <ele>3</ele>
        <time>2026-07-23T14:36:58.000Z</time>
        <extensions>
          <ns3:TrackPointExtension>
            <ns3:atemp>29.0</ns3:atemp>
            <ns3:hr>92</ns3:hr>
            <ns3:cad>50</ns3:cad>
          </ns3:TrackPointExtension>
        </extensions>
      </trkpt>
      <trkpt lat="48.8379844464361667633056640625" lon="-3.5007479600608348846435546875">
        <ele>3.400000095367431640625</ele>
        <time>2026-07-23T14:37:04.000Z</time>
        <extensions>
          <ns3:TrackPointExtension>
            <ns3:atemp>29.0</ns3:atemp>
            <ns3:hr>93</ns3:hr>
            <ns3:cad>51</ns3:cad>
          </ns3:TrackPointExtension>
        </extensions>
      </trkpt>
      <trkpt lat="48.837927281856536865234375" lon="-3.5006292723119258880615234375">
        <ele>3.599999904632568359375</ele>
        <time>2026-07-23T14:37:13.000Z</time>
        <extensions>
          <ns3:TrackPointExtension>
            <ns3:atemp>29.0</ns3:atemp>
            <ns3:hr>95</ns3:hr>
            <ns3:cad>53</ns3:cad>
          </ns3:TrackPointExtension>
        </extensions>
      </trkpt>
      <trkpt lat="48.83793574757874011993408203125" lon="-3.500465489923954010009765625">
        <ele>4</ele>
        <time>2026-07-23T14:37:24.000Z</time>
        <extensions>
          <ns3:TrackPointExtension>
            <ns3:atemp>29.0</ns3:atemp>
            <ns3:hr>97</ns3:hr>
            <ns3:cad>50</ns3:cad>
          </ns3:TrackPointExtension>
        </extensions>
      </trkpt>
      <trkpt lat="48.83794379420578479766845703125" lon="-3.5004364885389804840087890625">
        <ele>4</ele>
        <time>2026-07-23T14:37:26.000Z</time>
        <extensions>
          <ns3:TrackPointExtension>
            <ns3:atemp>29.0</ns3:atemp>
            <ns3:hr>100</ns3:hr>
            <ns3:cad>50</ns3:cad>
          </ns3:TrackPointExtension>
        </extensions>
      </trkpt>
      <trkpt lat="48.837945722043514251708984375" lon="-3.50042366422712802886962890625">
        <ele>4</ele>
        <time>2026-07-23T14:37:27.000Z</time>
        <extensions>
          <ns3:TrackPointExtension>
            <ns3:atemp>29.0</ns3:atemp>
            <ns3:hr>100</ns3:hr>
            <ns3:cad>50</ns3:cad>
          </ns3:TrackPointExtension>
        </extensions>
      </trkpt>
      <trkpt lat="48.8379733823239803314208984375" lon="-3.5003654100000858306884765625">
        <ele>4.19999980926513671875</ele>
        <time>2026-07-23T14:37:32.000Z</time>
        <extensions>
          <ns3:TrackPointExtension>
            <ns3:atemp>29.0</ns3:atemp>
            <ns3:hr>102</ns3:hr>
            <ns3:cad>51</ns3:cad>
          </ns3:TrackPointExtension>
        </extensions>
      </trkpt>
      <trkpt lat="48.8379820995032787322998046875" lon="-3.50025066174566745758056640625">
        <ele>4.599999904632568359375</ele>
        <time>2026-07-23T14:37:41.000Z</time>
        <extensions>
          <ns3:TrackPointExtension>
            <ns3:atemp>29.0</ns3:atemp>
            <ns3:hr>102</ns3:hr>
            <ns3:cad>43</ns3:cad>
          </ns3:TrackPointExtension>
        </extensions>
      </trkpt>
      <trkpt lat="48.8379753939807415008544921875" lon="-3.5002170503139495849609375">
        <ele>4.599999904632568359375</ele>
        <time>2026-07-23T14:37:43.000Z</time>
        <extensions>
          <ns3:TrackPointExtension>
            <ns3:atemp>29.0</ns3:atemp>
            <ns3:hr>102</ns3:hr>
            <ns3:cad>44</ns3:cad>
          </ns3:TrackPointExtension>
        </extensions>
      </trkpt>
      <trkpt lat="48.83797011338174343109130859375" lon="-3.50011806003749370574951171875">
        <ele>4.80000019073486328125</ele>
        <time>2026-07-23T14:37:50.000Z</time>
        <extensions>
          <ns3:TrackPointExtension>
            <ns3:atemp>29.0</ns3:atemp>
            <ns3:hr>101</ns3:hr>
            <ns3:cad>50</ns3:cad>
          </ns3:TrackPointExtension>
        </extensions>
      </trkpt>
      <trkpt lat="48.83795678615570068359375" lon="-3.50005502812564373016357421875">
        <ele>4.80000019073486328125</ele>
        <time>2026-07-23T14:37:54.000Z</time>
        <extensions>
          <ns3:TrackPointExtension>
            <ns3:atemp>29.0</ns3:atemp>
            <ns3:hr>104</ns3:hr>
            <ns3:cad>50</ns3:cad>
          </ns3:TrackPointExtension>
        </extensions>
      </trkpt>
      <trkpt lat="48.83795133791863918304443359375" lon="-3.49996886216104030609130859375">
        <ele>4.80000019073486328125</ele>
        <time>2026-07-23T14:38:01.000Z</time>
        <extensions>
          <ns3:TrackPointExtension>
            <ns3:atemp>29.0</ns3:atemp>
            <ns3:hr>103</ns3:hr>
            <ns3:cad>48</ns3:cad>
          </ns3:TrackPointExtension>
        </extensions>
      </trkpt>
      <trkpt lat="48.8379398547112941741943359375" lon="-3.49984866566956043243408203125">
        <ele>4.599999904632568359375</ele>
        <time>2026-07-23T14:38:10.000Z</time>
        <extensions>
          <ns3:TrackPointExtension>
            <ns3:atemp>29.0</ns3:atemp>
            <ns3:hr>102</ns3:hr>
            <ns3:cad>50</ns3:cad>
          </ns3:TrackPointExtension>
        </extensions>
      </trkpt>
      <trkpt lat="48.83793943561613559722900390625" lon="-3.4998370148241519927978515625">
        <ele>4.599999904632568359375</ele>
        <time>2026-07-23T14:38:11.000Z</time>
        <extensions>
          <ns3:TrackPointExtension>
            <ns3:atemp>29.0</ns3:atemp>
            <ns3:hr>102</ns3:hr>
            <ns3:cad>50</ns3:cad>
          </ns3:TrackPointExtension>
        </extensions>
      </trkpt>
      <trkpt lat="48.83792384527623653411865234375" lon="-3.499758727848529815673828125">
        <ele>4</ele>
        <time>2026-07-23T14:38:17.000Z</time>
        <extensions>
          <ns3:TrackPointExtension>
            <ns3:atemp>29.0</ns3:atemp>
            <ns3:hr>102</ns3:hr>
            <ns3:cad>51</ns3:cad>
          </ns3:TrackPointExtension>
        </extensions>
      </trkpt>
      <trkpt lat="48.837914206087589263916015625" lon="-3.49964465014636516571044921875">
        <ele>3.400000095367431640625</ele>
        <time>2026-07-23T14:38:27.000Z</time>
        <extensions>
          <ns3:TrackPointExtension>
            <ns3:atemp>29.0</ns3:atemp>
            <ns3:hr>103</ns3:hr>
            <ns3:cad>53</ns3:cad>
          </ns3:TrackPointExtension>
        </extensions>
      </trkpt>
      <trkpt lat="48.83791479282081127166748046875" lon="-3.49962185136973857879638671875">
        <ele>3.400000095367431640625</ele>
        <time>2026-07-23T14:38:29.000Z</time>
        <extensions>
          <ns3:TrackPointExtension>
            <ns3:atemp>28.0</ns3:atemp>
            <ns3:hr>105</ns3:hr>
            <ns3:cad>52</ns3:cad>
          </ns3:TrackPointExtension>
        </extensions>
      </trkpt>
      <trkpt lat="48.8378982804715633392333984375" lon="-3.49950517527759075164794921875">
        <ele>3.2000000476837158203125</ele>
        <time>2026-07-23T14:38:36.000Z</time>
        <extensions>
          <ns3:TrackPointExtension>
            <ns3:atemp>28.0</ns3:atemp>
            <ns3:hr>106</ns3:hr>
            <ns3:cad>52</ns3:cad>
          </ns3:TrackPointExtension>
        </extensions>
      </trkpt>
      <trkpt lat="48.8378855399787425994873046875" lon="-3.49934357218444347381591796875">
        <ele>3.2000000476837158203125</ele>
        <time>2026-07-23T14:38:46.000Z</time>
        <extensions>
          <ns3:TrackPointExtension>
            <ns3:atemp>28.0</ns3:atemp>
            <ns3:hr>105</ns3:hr>
            <ns3:cad>51</ns3:cad>
          </ns3:TrackPointExtension>
        </extensions>
      </trkpt>
      <trkpt lat="48.83787305094301700592041015625" lon="-3.499296717345714569091796875">
        <ele>3.2000000476837158203125</ele>
        <time>2026-07-23T14:38:50.000Z</time>
        <extensions>
          <ns3:TrackPointExtension>
            <ns3:atemp>28.0</ns3:atemp>
            <ns3:hr>106</ns3:hr>
            <ns3:cad>0</ns3:cad>
          </ns3:TrackPointExtension>
        </extensions>
      </trkpt>
      <trkpt lat="48.83786349557340145111083984375" lon="-3.49927626550197601318359375">
        <ele>3.2000000476837158203125</ele>
        <time>2026-07-23T14:38:51.000Z</time>
        <extensions>
          <ns3:TrackPointExtension>
            <ns3:atemp>28.0</ns3:atemp>
            <ns3:hr>105</ns3:hr>
            <ns3:cad>50</ns3:cad>
          </ns3:TrackPointExtension>
        </extensions>
      </trkpt>
      <trkpt lat="48.83782778866589069366455078125" lon="-3.49915598519146442413330078125">
        <ele>3.2000000476837158203125</ele>
        <time>2026-07-23T14:38:59.000Z</time>
        <extensions>
          <ns3:TrackPointExtension>
            <ns3:atemp>28.0</ns3:atemp>
            <ns3:hr>104</ns3:hr>
            <ns3:cad>53</ns3:cad>
          </ns3:TrackPointExtension>
        </extensions>
      </trkpt>
      <trkpt lat="48.83779576979577541351318359375" lon="-3.49906495772302150726318359375">
        <ele>3.2000000476837158203125</ele>
        <time>2026-07-23T14:39:05.000Z</time>
        <extensions>
          <ns3:TrackPointExtension>
            <ns3:atemp>28.0</ns3:atemp>
            <ns3:hr>101</ns3:hr>
            <ns3:cad>52</ns3:cad>
          </ns3:TrackPointExtension>
        </extensions>
      </trkpt>
      <trkpt lat="48.8377598114311695098876953125" lon="-3.498991616070270538330078125">
        <ele>3.2000000476837158203125</ele>
        <time>2026-07-23T14:39:10.000Z</time>
        <extensions>
          <ns3:TrackPointExtension>
            <ns3:atemp>28.0</ns3:atemp>
            <ns3:hr>99</ns3:hr>
            <ns3:cad>53</ns3:cad>
          </ns3:TrackPointExtension>
        </extensions>
      </trkpt>
      <trkpt lat="48.83775117807090282440185546875" lon="-3.49895976483821868896484375">
        <ele>3</ele>
        <time>2026-07-23T14:39:12.000Z</time>
        <extensions>
          <ns3:TrackPointExtension>
            <ns3:atemp>28.0</ns3:atemp>
            <ns3:hr>96</ns3:hr>
            <ns3:cad>53</ns3:cad>
          </ns3:TrackPointExtension>
        </extensions>
      </trkpt>
      <trkpt lat="48.83774581365287303924560546875" lon="-3.49893034435808658599853515625">
        <ele>3</ele>
        <time>2026-07-23T14:39:14.000Z</time>
        <extensions>
          <ns3:TrackPointExtension>
            <ns3:atemp>28.0</ns3:atemp>
            <ns3:hr>93</ns3:hr>
            <ns3:cad>53</ns3:cad>
          </ns3:TrackPointExtension>
        </extensions>
      </trkpt>
      <trkpt lat="48.837728463113307952880859375" lon="-3.49887150339782238006591796875">
        <ele>2.7999999523162841796875</ele>
        <time>2026-07-23T14:39:18.000Z</time>
        <extensions>
          <ns3:TrackPointExtension>
            <ns3:atemp>28.0</ns3:atemp>
            <ns3:hr>90</ns3:hr>
            <ns3:cad>53</ns3:cad>
          </ns3:TrackPointExtension>
        </extensions>
      </trkpt>
      <trkpt lat="48.83771882392466068267822265625" lon="-3.49880863912403583526611328125">
        <ele>2.7999999523162841796875</ele>
        <time>2026-07-23T14:39:22.000Z</time>
        <extensions>
          <ns3:TrackPointExtension>
            <ns3:atemp>28.0</ns3:atemp>
            <ns3:hr>89</ns3:hr>
            <ns3:cad>53</ns3:cad>
          </ns3:TrackPointExtension>
        </extensions>
      </trkpt>
      <trkpt lat="48.837684206664562225341796875" lon="-3.49865776486694812774658203125">
        <ele>3</ele>
        <time>2026-07-23T14:39:31.000Z</time>
        <extensions>
          <ns3:TrackPointExtension>
            <ns3:atemp>28.0</ns3:atemp>
            <ns3:hr>88</ns3:hr>
            <ns3:cad>53</ns3:cad>
          </ns3:TrackPointExtension>
        </extensions>
      </trkpt>
      <trkpt lat="48.83764992468059062957763671875" lon="-3.4985978342592716217041015625">
        <ele>3</ele>
        <time>2026-07-23T14:39:37.000Z</time>
        <extensions>
          <ns3:TrackPointExtension>
            <ns3:atemp>28.0</ns3:atemp>
            <ns3:hr>91</ns3:hr>
            <ns3:cad>52</ns3:cad>
          </ns3:TrackPointExtension>
        </extensions>
      </trkpt>
      <trkpt lat="48.837632238864898681640625" lon="-3.498575203120708465576171875">
        <ele>3</ele>
        <time>2026-07-23T14:39:40.000Z</time>
        <extensions>
          <ns3:TrackPointExtension>
            <ns3:atemp>28.0</ns3:atemp>
            <ns3:hr>90</ns3:hr>
            <ns3:cad>0</ns3:cad>
          </ns3:TrackPointExtension>
        </extensions>
      </trkpt>
      <trkpt lat="48.83761757053434848785400390625" lon="-3.498549051582813262939453125">
        <ele>3</ele>
        <time>2026-07-23T14:39:43.000Z</time>
        <extensions>
          <ns3:TrackPointExtension>
            <ns3:atemp>28.0</ns3:atemp>
            <ns3:hr>92</ns3:hr>
            <ns3:cad>0</ns3:cad>
          </ns3:TrackPointExtension>
        </extensions>
      </trkpt>
      <trkpt lat="48.8375906646251678466796875" lon="-3.49847319535911083221435546875">
        <ele>2.7999999523162841796875</ele>
        <time>2026-07-23T14:39:50.000Z</time>
        <extensions>
          <ns3:TrackPointExtension>
            <ns3:atemp>28.0</ns3:atemp>
            <ns3:hr>93</ns3:hr>
            <ns3:cad>0</ns3:cad>
          </ns3:TrackPointExtension>
        </extensions>
      </trkpt>
      <trkpt lat="48.837564177811145782470703125" lon="-3.498443774878978729248046875">
        <ele>2.599999904632568359375</ele>
        <time>2026-07-23T14:39:57.000Z</time>
        <extensions>
          <ns3:TrackPointExtension>
            <ns3:atemp>28.0</ns3:atemp>
            <ns3:hr>92</ns3:hr>
            <ns3:cad>0</ns3:cad>
          </ns3:TrackPointExtension>
        </extensions>
      </trkpt>
      <trkpt lat="48.8375707156956195831298828125" lon="-3.49844369105994701385498046875">
        <ele>2.400000095367431640625</ele>
        <time>2026-07-23T14:40:05.000Z</time>
        <extensions>
          <ns3:TrackPointExtension>
            <ns3:atemp>28.0</ns3:atemp>
            <ns3:hr>89</ns3:hr>
            <ns3:cad>0</ns3:cad>
          </ns3:TrackPointExtension>
        </extensions>
      </trkpt>
      <trkpt lat="48.8375707156956195831298828125" lon="-3.49844369105994701385498046875">
        <ele>2.2000000476837158203125</ele>
        <time>2026-07-23T14:40:14.000Z</time>
        <extensions>
          <ns3:TrackPointExtension>
            <ns3:atemp>28.0</ns3:atemp>
            <ns3:hr>91</ns3:hr>
            <ns3:cad>0</ns3:cad>
          </ns3:TrackPointExtension>
        </extensions>
      </trkpt>
      <trkpt lat="48.83756585419178009033203125" lon="-3.49845416843891143798828125">
        <ele>1.7999999523162841796875</ele>
        <time>2026-07-23T14:40:40.000Z</time>
        <extensions>
          <ns3:TrackPointExtension>
            <ns3:atemp>28.0</ns3:atemp>
            <ns3:hr>89</ns3:hr>
            <ns3:cad>0</ns3:cad>
          </ns3:TrackPointExtension>
        </extensions>
      </trkpt>
      <trkpt lat="48.8375656865537166595458984375" lon="-3.4984543360769748687744140625">
        <ele>1.7999999523162841796875</ele>
        <time>2026-07-23T14:40:41.000Z</time>
        <extensions>
          <ns3:TrackPointExtension>
            <ns3:atemp>28.0</ns3:atemp>
            <ns3:hr>92</ns3:hr>
            <ns3:cad>0</ns3:cad>
          </ns3:TrackPointExtension>
        </extensions>
      </trkpt>
      <trkpt lat="48.8375656865537166595458984375" lon="-3.498454503715038299560546875">
        <ele>1.60000002384185791015625</ele>
        <time>2026-07-23T14:40:42.000Z</time>
        <extensions>
          <ns3:TrackPointExtension>
            <ns3:atemp>28.0</ns3:atemp>
            <ns3:hr>89</ns3:hr>
            <ns3:cad>0</ns3:cad>
          </ns3:TrackPointExtension>
        </extensions>
      </trkpt>
      <trkpt lat="48.83756660856306552886962890625" lon="-3.4984586946666240692138671875">
        <ele>2.2000000476837158203125</ele>
        <time>2026-07-23T14:40:58.000Z</time>
        <extensions>
          <ns3:TrackPointExtension>
            <ns3:atemp>28.0</ns3:atemp>
            <ns3:hr>86</ns3:hr>
            <ns3:cad>0</ns3:cad>
          </ns3:TrackPointExtension>
        </extensions>
      </trkpt>
      <trkpt lat="48.83758555166423320770263671875" lon="-3.4985421784222126007080078125">
        <ele>2.2000000476837158203125</ele>
        <time>2026-07-23T14:41:09.000Z</time>
        <extensions>
          <ns3:TrackPointExtension>
            <ns3:atemp>28.0</ns3:atemp>
            <ns3:hr>85</ns3:hr>
            <ns3:cad>50</ns3:cad>
          </ns3:TrackPointExtension>
        </extensions>
      </trkpt>
      <trkpt lat="48.83758337236940860748291015625" lon="-3.49874074570834636688232421875">
        <ele>1.39999997615814208984375</ele>
        <time>2026-07-23T14:41:21.000Z</time>
        <extensions>
          <ns3:TrackPointExtension>
            <ns3:atemp>28.0</ns3:atemp>
            <ns3:hr>87</ns3:hr>
            <ns3:cad>53</ns3:cad>
          </ns3:TrackPointExtension>
        </extensions>
      </trkpt>
      <trkpt lat="48.837570212781429290771484375" lon="-3.498886339366436004638671875">
        <ele>1</ele>
        <time>2026-07-23T14:41:31.000Z</time>
        <extensions>
          <ns3:TrackPointExtension>
            <ns3:atemp>28.0</ns3:atemp>
            <ns3:hr>88</ns3:hr>
            <ns3:cad>51</ns3:cad>
          </ns3:TrackPointExtension>
        </extensions>
      </trkpt>
      <trkpt lat="48.83755286224186420440673828125" lon="-3.4989663027226924896240234375">
        <ele>0.800000011920928955078125</ele>
        <time>2026-07-23T14:41:37.000Z</time>
        <extensions>
          <ns3:TrackPointExtension>
            <ns3:atemp>28.0</ns3:atemp>
            <ns3:hr>88</ns3:hr>
            <ns3:cad>52</ns3:cad>
          </ns3:TrackPointExtension>
        </extensions>
      </trkpt>
      <trkpt lat="48.8375335000455379486083984375" lon="-3.49901097826659679412841796875">
        <ele>0.800000011920928955078125</ele>
        <time>2026-07-23T14:41:41.000Z</time>
        <extensions>
          <ns3:TrackPointExtension>
            <ns3:atemp>28.0</ns3:atemp>
            <ns3:hr>88</ns3:hr>
            <ns3:cad>53</ns3:cad>
          </ns3:TrackPointExtension>
        </extensions>
      </trkpt>
      <trkpt lat="48.8375267945230007171630859375" lon="-3.49902019836008548736572265625">
        <ele>0.800000011920928955078125</ele>
        <time>2026-07-23T14:41:42.000Z</time>
        <extensions>
          <ns3:TrackPointExtension>
            <ns3:atemp>28.0</ns3:atemp>
            <ns3:hr>88</ns3:hr>
            <ns3:cad>53</ns3:cad>
          </ns3:TrackPointExtension>
        </extensions>
      </trkpt>
      <trkpt lat="48.83745814673602581024169921875" lon="-3.4991423226892948150634765625">
        <ele>0.60000002384185791015625</ele>
        <time>2026-07-23T14:41:53.000Z</time>
        <extensions>
          <ns3:TrackPointExtension>
            <ns3:atemp>29.0</ns3:atemp>
            <ns3:hr>91</ns3:hr>
            <ns3:cad>51</ns3:cad>
          </ns3:TrackPointExtension>
        </extensions>
      </trkpt>
      <trkpt lat="48.8374242000281810760498046875" lon="-3.49919538013637065887451171875">
        <ele>0.800000011920928955078125</ele>
        <time>2026-07-23T14:41:59.000Z</time>
        <extensions>
          <ns3:TrackPointExtension>
            <ns3:atemp>29.0</ns3:atemp>
            <ns3:hr>92</ns3:hr>
            <ns3:cad>47</ns3:cad>
          </ns3:TrackPointExtension>
        </extensions>
      </trkpt>
      <trkpt lat="48.83741162717342376708984375" lon="-3.4991986490786075592041015625">
        <ele>0.60000002384185791015625</ele>
        <time>2026-07-23T14:42:01.000Z</time>
        <extensions>
          <ns3:TrackPointExtension>
            <ns3:atemp>29.0</ns3:atemp>
            <ns3:hr>93</ns3:hr>
            <ns3:cad>0</ns3:cad>
          </ns3:TrackPointExtension>
        </extensions>
      </trkpt>
      <trkpt lat="48.83736066520214080810546875" lon="-3.49922521971166133880615234375">
        <ele>-0.20000000298023223876953125</ele>
        <time>2026-07-23T14:42:07.000Z</time>
        <extensions>
          <ns3:TrackPointExtension>
            <ns3:atemp>29.0</ns3:atemp>
            <ns3:hr>96</ns3:hr>
            <ns3:cad>52</ns3:cad>
          </ns3:TrackPointExtension>
        </extensions>
      </trkpt>
      <trkpt lat="48.83734029717743396759033203125" lon="-3.499255143105983734130859375">
        <ele>-0.4000000059604644775390625</ele>
        <time>2026-07-23T14:42:10.000Z</time>
        <extensions>
          <ns3:TrackPointExtension>
            <ns3:atemp>29.0</ns3:atemp>
            <ns3:hr>97</ns3:hr>
            <ns3:cad>0</ns3:cad>
          </ns3:TrackPointExtension>
        </extensions>
      </trkpt>
      <trkpt lat="48.83731297217309474945068359375" lon="-3.49928741343319416046142578125">
        <ele>-0.60000002384185791015625</ele>
        <time>2026-07-23T14:42:15.000Z</time>
        <extensions>
          <ns3:TrackPointExtension>
            <ns3:atemp>29.0</ns3:atemp>
            <ns3:hr>97</ns3:hr>
            <ns3:cad>46</ns3:cad>
          </ns3:TrackPointExtension>
        </extensions>
      </trkpt>
      <trkpt lat="48.8372843898832798004150390625" lon="-3.4993669576942920684814453125">
        <ele>-0.800000011920928955078125</ele>
        <time>2026-07-23T14:42:22.000Z</time>
        <extensions>
          <ns3:TrackPointExtension>
            <ns3:atemp>29.0</ns3:atemp>
            <ns3:hr>94</ns3:hr>
            <ns3:cad>48</ns3:cad>
          </ns3:TrackPointExtension>
        </extensions>
      </trkpt>
      <trkpt lat="48.83727977983653545379638671875" lon="-3.499379195272922515869140625">
        <ele>-0.800000011920928955078125</ele>
        <time>2026-07-23T14:42:23.000Z</time>
        <extensions>
          <ns3:TrackPointExtension>
            <ns3:atemp>29.0</ns3:atemp>
            <ns3:hr>94</ns3:hr>
            <ns3:cad>48</ns3:cad>
          </ns3:TrackPointExtension>
        </extensions>
      </trkpt>
      <trkpt lat="48.83726905100047588348388671875" lon="-3.499391935765743255615234375">
        <ele>-1</ele>
        <time>2026-07-23T14:42:24.000Z</time>
        <extensions>
          <ns3:TrackPointExtension>
            <ns3:atemp>30.0</ns3:atemp>
            <ns3:hr>93</ns3:hr>
            <ns3:cad>48</ns3:cad>
          </ns3:TrackPointExtension>
        </extensions>
      </trkpt>
      <trkpt lat="48.83725329302251338958740234375" lon="-3.49944524466991424560546875">
        <ele>-1</ele>
        <time>2026-07-23T14:42:29.000Z</time>
        <extensions>
          <ns3:TrackPointExtension>
            <ns3:atemp>30.0</ns3:atemp>
            <ns3:hr>91</ns3:hr>
            <ns3:cad>0</ns3:cad>
          </ns3:TrackPointExtension>
        </extensions>
      </trkpt>
      <trkpt lat="48.8372307457029819488525390625" lon="-3.4994722343981266021728515625">
        <ele>-1.2000000476837158203125</ele>
        <time>2026-07-23T14:42:37.000Z</time>
        <extensions>
          <ns3:TrackPointExtension>
            <ns3:atemp>30.0</ns3:atemp>
            <ns3:hr>91</ns3:hr>
            <ns3:cad>0</ns3:cad>
          </ns3:TrackPointExtension>
        </extensions>
      </trkpt>
      <trkpt lat="48.8372124731540679931640625" lon="-3.49948279559612274169921875">
        <ele>-1.39999997615814208984375</ele>
        <time>2026-07-23T14:42:40.000Z</time>
        <extensions>
          <ns3:TrackPointExtension>
            <ns3:atemp>30.0</ns3:atemp>
            <ns3:hr>92</ns3:hr>
            <ns3:cad>0</ns3:cad>
          </ns3:TrackPointExtension>
        </extensions>
      </trkpt>
      <trkpt lat="48.8371794484555721282958984375" lon="-3.499491848051548004150390625">
        <ele>-1.7999999523162841796875</ele>
        <time>2026-07-23T14:42:44.000Z</time>
        <extensions>
          <ns3:TrackPointExtension>
            <ns3:atemp>30.0</ns3:atemp>
            <ns3:hr>92</ns3:hr>
            <ns3:cad>49</ns3:cad>
          </ns3:TrackPointExtension>
        </extensions>
      </trkpt>
      <trkpt lat="48.83713410235941410064697265625" lon="-3.49949964322149753570556640625">
        <ele>-2.400000095367431640625</ele>
        <time>2026-07-23T14:42:51.000Z</time>
        <extensions>
          <ns3:TrackPointExtension>
            <ns3:atemp>30.0</ns3:atemp>
            <ns3:hr>91</ns3:hr>
            <ns3:cad>48</ns3:cad>
          </ns3:TrackPointExtension>
        </extensions>
      </trkpt>
      <trkpt lat="48.83712655864655971527099609375" lon="-3.4995047561824321746826171875">
        <ele>-2.400000095367431640625</ele>
        <time>2026-07-23T14:42:52.000Z</time>
        <extensions>
          <ns3:TrackPointExtension>
            <ns3:atemp>30.0</ns3:atemp>
            <ns3:hr>90</ns3:hr>
            <ns3:cad>47</ns3:cad>
          </ns3:TrackPointExtension>
        </extensions>
      </trkpt>
      <trkpt lat="48.83710107766091823577880859375" lon="-3.49952763877809047698974609375">
        <ele>-2.599999904632568359375</ele>
        <time>2026-07-23T14:42:57.000Z</time>
        <extensions>
          <ns3:TrackPointExtension>
            <ns3:atemp>30.0</ns3:atemp>
            <ns3:hr>89</ns3:hr>
            <ns3:cad>0</ns3:cad>
          </ns3:TrackPointExtension>
        </extensions>
      </trkpt>
      <trkpt lat="48.83708582259714603424072265625" lon="-3.4995641000568866729736328125">
        <ele>-2.7999999523162841796875</ele>
        <time>2026-07-23T14:43:00.000Z</time>
        <extensions>
          <ns3:TrackPointExtension>
            <ns3:atemp>30.0</ns3:atemp>
            <ns3:hr>86</ns3:hr>
            <ns3:cad>0</ns3:cad>
          </ns3:TrackPointExtension>
        </extensions>
      </trkpt>
      <trkpt lat="48.83709068410098552703857421875" lon="-3.499570973217487335205078125">
        <ele>-2.7999999523162841796875</ele>
        <time>2026-07-23T14:43:01.000Z</time>
        <extensions>
          <ns3:TrackPointExtension>
            <ns3:atemp>30.0</ns3:atemp>
            <ns3:hr>89</ns3:hr>
            <ns3:cad>0</ns3:cad>
          </ns3:TrackPointExtension>
        </extensions>
      </trkpt>
      <trkpt lat="48.8370828889310359954833984375" lon="-3.49956862628459930419921875">
        <ele>-2.7999999523162841796875</ele>
        <time>2026-07-23T14:43:03.000Z</time>
        <extensions>
          <ns3:TrackPointExtension>
            <ns3:atemp>30.0</ns3:atemp>
            <ns3:hr>89</ns3:hr>
            <ns3:cad>0</ns3:cad>
          </ns3:TrackPointExtension>
        </extensions>
      </trkpt>
      <trkpt lat="48.83708582259714603424072265625" lon="-3.49957323633134365081787109375">
        <ele>-3</ele>
        <time>2026-07-23T14:43:07.000Z</time>
        <extensions>
          <ns3:TrackPointExtension>
            <ns3:atemp>30.0</ns3:atemp>
            <ns3:hr>89</ns3:hr>
            <ns3:cad>0</ns3:cad>
          </ns3:TrackPointExtension>
        </extensions>
      </trkpt>
      <trkpt lat="48.83707442320883274078369140625" lon="-3.4995624236762523651123046875">
        <ele>-3</ele>
        <time>2026-07-23T14:43:12.000Z</time>
        <extensions>
          <ns3:TrackPointExtension>
            <ns3:atemp>30.0</ns3:atemp>
            <ns3:hr>87</ns3:hr>
            <ns3:cad>0</ns3:cad>
          </ns3:TrackPointExtension>
        </extensions>
      </trkpt>
      <trkpt lat="48.8370795361697673797607421875" lon="-3.4995402954518795013427734375">
        <ele>-3.2000000476837158203125</ele>
        <time>2026-07-23T14:43:16.000Z</time>
        <extensions>
          <ns3:TrackPointExtension>
            <ns3:atemp>30.0</ns3:atemp>
            <ns3:hr>84</ns3:hr>
            <ns3:cad>0</ns3:cad>
          </ns3:TrackPointExtension>
        </extensions>
      </trkpt>
      <trkpt lat="48.83707492612302303314208984375" lon="-3.4995335899293422698974609375">
        <ele>-3.2000000476837158203125</ele>
        <time>2026-07-23T14:43:17.000Z</time>
        <extensions>
          <ns3:TrackPointExtension>
            <ns3:atemp>30.0</ns3:atemp>
            <ns3:hr>83</ns3:hr>
            <ns3:cad>0</ns3:cad>
          </ns3:TrackPointExtension>
        </extensions>
      </trkpt>
      <trkpt lat="48.83707291446626186370849609375" lon="-3.49953669123351573944091796875">
        <ele>-3.400000095367431640625</ele>
        <time>2026-07-23T14:43:22.000Z</time>
        <extensions>
          <ns3:TrackPointExtension>
            <ns3:atemp>30.0</ns3:atemp>
            <ns3:hr>80</ns3:hr>
            <ns3:cad>0</ns3:cad>
          </ns3:TrackPointExtension>
        </extensions>
      </trkpt>
      <trkpt lat="48.83706939406692981719970703125" lon="-3.49953501485288143157958984375">
        <ele>-3.400000095367431640625</ele>
        <time>2026-07-23T14:43:25.000Z</time>
        <extensions>
          <ns3:TrackPointExtension>
            <ns3:atemp>30.0</ns3:atemp>
            <ns3:hr>80</ns3:hr>
            <ns3:cad>0</ns3:cad>
          </ns3:TrackPointExtension>
        </extensions>
      </trkpt>
      <trkpt lat="48.837073333561420440673828125" lon="-3.49953719414770603179931640625">
        <ele>-3.599999904632568359375</ele>
        <time>2026-07-23T14:43:27.000Z</time>
        <extensions>
          <ns3:TrackPointExtension>
            <ns3:atemp>30.0</ns3:atemp>
            <ns3:hr>80</ns3:hr>
            <ns3:cad>0</ns3:cad>
          </ns3:TrackPointExtension>
        </extensions>
      </trkpt>
      <trkpt lat="48.83707224391400814056396484375" lon="-3.4995384514331817626953125">
        <ele>-3.599999904632568359375</ele>
        <time>2026-07-23T14:43:37.000Z</time>
        <extensions>
          <ns3:TrackPointExtension>
            <ns3:atemp>31.0</ns3:atemp>
            <ns3:hr>81</ns3:hr>
            <ns3:cad>0</ns3:cad>
          </ns3:TrackPointExtension>
        </extensions>
      </trkpt>
      <trkpt lat="48.83708062581717967987060546875" lon="-3.4995577298104763031005859375">
        <ele>-3.7999999523162841796875</ele>
        <time>2026-07-23T14:43:41.000Z</time>
        <extensions>
          <ns3:TrackPointExtension>
            <ns3:atemp>30.0</ns3:atemp>
            <ns3:hr>81</ns3:hr>
            <ns3:cad>0</ns3:cad>
          </ns3:TrackPointExtension>
        </extensions>
      </trkpt>
      <trkpt lat="48.83711381815373897552490234375" lon="-3.4996323287487030029296875">
        <ele>-3.7999999523162841796875</ele>
        <time>2026-07-23T14:43:44.000Z</time>
        <extensions>
          <ns3:TrackPointExtension>
            <ns3:atemp>31.0</ns3:atemp>
            <ns3:hr>81</ns3:hr>
            <ns3:cad>0</ns3:cad>
          </ns3:TrackPointExtension>
        </extensions>
      </trkpt>
      <trkpt lat="48.83714633993804454803466796875" lon="-3.4996801055967807769775390625">
        <ele>-3.7999999523162841796875</ele>
        <time>2026-07-23T14:43:47.000Z</time>
        <extensions>
          <ns3:TrackPointExtension>
            <ns3:atemp>31.0</ns3:atemp>
            <ns3:hr>81</ns3:hr>
            <ns3:cad>0</ns3:cad>
          </ns3:TrackPointExtension>
        </extensions>
      </trkpt>
      <trkpt lat="48.8371539674699306488037109375" lon="-3.4996915049850940704345703125">
        <ele>-3.7999999523162841796875</ele>
        <time>2026-07-23T14:43:49.000Z</time>
        <extensions>
          <ns3:TrackPointExtension>
            <ns3:atemp>31.0</ns3:atemp>
            <ns3:hr>79</ns3:hr>
            <ns3:cad>0</ns3:cad>
          </ns3:TrackPointExtension>
        </extensions>
      </trkpt>
      <trkpt lat="48.837163187563419342041015625" lon="-3.49968530237674713134765625">
        <ele>-3.7999999523162841796875</ele>
        <time>2026-07-23T14:43:52.000Z</time>
        <extensions>
          <ns3:TrackPointExtension>
            <ns3:atemp>31.0</ns3:atemp>
            <ns3:hr>77</ns3:hr>
            <ns3:cad>0</ns3:cad>
          </ns3:TrackPointExtension>
        </extensions>
      </trkpt>
      <trkpt lat="48.8371824659407138824462890625" lon="-3.49969980306923389434814453125">
        <ele>-4</ele>
        <time>2026-07-23T14:43:56.000Z</time>
        <extensions>
          <ns3:TrackPointExtension>
            <ns3:atemp>31.0</ns3:atemp>
            <ns3:hr>78</ns3:hr>
            <ns3:cad>0</ns3:cad>
          </ns3:TrackPointExtension>
        </extensions>
      </trkpt>
      <trkpt lat="48.83718003518879413604736328125" lon="-3.4996757470071315765380859375">
        <ele>-4</ele>
        <time>2026-07-23T14:44:01.000Z</time>
        <extensions>
          <ns3:TrackPointExtension>
            <ns3:atemp>31.0</ns3:atemp>
            <ns3:hr>77</ns3:hr>
            <ns3:cad>0</ns3:cad>
          </ns3:TrackPointExtension>
        </extensions>
      </trkpt>
      <trkpt lat="48.8371883332729339599609375" lon="-3.49967432208359241485595703125">
        <ele>-4</ele>
        <time>2026-07-23T14:44:04.000Z</time>
        <extensions>
          <ns3:TrackPointExtension>
            <ns3:atemp>31.0</ns3:atemp>
            <ns3:hr>76</ns3:hr>
            <ns3:cad>0</ns3:cad>
          </ns3:TrackPointExtension>
        </extensions>
      </trkpt>
      <trkpt lat="48.83721649646759033203125" lon="-3.49964448250830173492431640625">
        <ele>-3.400000095367431640625</ele>
        <time>2026-07-23T14:44:09.000Z</time>
        <extensions>
          <ns3:TrackPointExtension>
            <ns3:atemp>31.0</ns3:atemp>
            <ns3:hr>77</ns3:hr>
            <ns3:cad>49</ns3:cad>
          </ns3:TrackPointExtension>
        </extensions>
      </trkpt>
      <trkpt lat="48.83722923696041107177734375" lon="-3.49963928572833538055419921875">
        <ele>-2.7999999523162841796875</ele>
        <time>2026-07-23T14:44:15.000Z</time>
        <extensions>
          <ns3:TrackPointExtension>
            <ns3:atemp>31.0</ns3:atemp>
            <ns3:hr>78</ns3:hr>
            <ns3:cad>44</ns3:cad>
          </ns3:TrackPointExtension>
        </extensions>
      </trkpt>
      <trkpt lat="48.8372419774532318115234375" lon="-3.49964984692633152008056640625">
        <ele>-2.2000000476837158203125</ele>
        <time>2026-07-23T14:44:18.000Z</time>
        <extensions>
          <ns3:TrackPointExtension>
            <ns3:atemp>31.0</ns3:atemp>
            <ns3:hr>78</ns3:hr>
            <ns3:cad>44</ns3:cad>
          </ns3:TrackPointExtension>
        </extensions>
      </trkpt>
      <trkpt lat="48.83725396357476711273193359375" lon="-3.499660827219486236572265625">
        <ele>-1.7999999523162841796875</ele>
        <time>2026-07-23T14:44:20.000Z</time>
        <extensions>
          <ns3:TrackPointExtension>
            <ns3:atemp>31.0</ns3:atemp>
            <ns3:hr>79</ns3:hr>
            <ns3:cad>45</ns3:cad>
          </ns3:TrackPointExtension>
        </extensions>
      </trkpt>
      <trkpt lat="48.8372612558305263519287109375" lon="-3.4997047483921051025390625">
        <ele>-1.39999997615814208984375</ele>
        <time>2026-07-23T14:44:26.000Z</time>
        <extensions>
          <ns3:TrackPointExtension>
            <ns3:atemp>31.0</ns3:atemp>
            <ns3:hr>82</ns3:hr>
            <ns3:cad>45</ns3:cad>
          </ns3:TrackPointExtension>
        </extensions>
      </trkpt>
      <trkpt lat="48.83726502768695354461669921875" lon="-3.49971346557140350341796875">
        <ele>-1.39999997615814208984375</ele>
        <time>2026-07-23T14:44:27.000Z</time>
        <extensions>
          <ns3:TrackPointExtension>
            <ns3:atemp>31.0</ns3:atemp>
            <ns3:hr>82</ns3:hr>
            <ns3:cad>44</ns3:cad>
          </ns3:TrackPointExtension>
        </extensions>
      </trkpt>
      <trkpt lat="48.8372661173343658447265625" lon="-3.49972729571163654327392578125">
        <ele>-1.2000000476837158203125</ele>
        <time>2026-07-23T14:44:28.000Z</time>
        <extensions>
          <ns3:TrackPointExtension>
            <ns3:atemp>31.0</ns3:atemp>
            <ns3:hr>83</ns3:hr>
            <ns3:cad>44</ns3:cad>
          </ns3:TrackPointExtension>
        </extensions>
      </trkpt>
      <trkpt lat="48.83728330023586750030517578125" lon="-3.4997780062258243560791015625">
        <ele>0.20000000298023223876953125</ele>
        <time>2026-07-23T14:44:34.000Z</time>
        <extensions>
          <ns3:TrackPointExtension>
            <ns3:atemp>31.0</ns3:atemp>
            <ns3:hr>84</ns3:hr>
            <ns3:cad>75</ns3:cad>
          </ns3:TrackPointExtension>
        </extensions>
      </trkpt>
      <trkpt lat="48.8372786901891231536865234375" lon="-3.4998024813830852508544921875">
        <ele>0.800000011920928955078125</ele>
        <time>2026-07-23T14:44:40.000Z</time>
        <extensions>
          <ns3:TrackPointExtension>
            <ns3:atemp>31.0</ns3:atemp>
            <ns3:hr>83</ns3:hr>
            <ns3:cad>40</ns3:cad>
          </ns3:TrackPointExtension>
        </extensions>
      </trkpt>
      <trkpt lat="48.8372766785323619842529296875" lon="-3.49981916137039661407470703125">
        <ele>0.800000011920928955078125</ele>
        <time>2026-07-23T14:44:43.000Z</time>
        <extensions>
          <ns3:TrackPointExtension>
            <ns3:atemp>31.0</ns3:atemp>
            <ns3:hr>87</ns3:hr>
            <ns3:cad>0</ns3:cad>
          </ns3:TrackPointExtension>
        </extensions>
      </trkpt>
      <trkpt lat="48.83726586587727069854736328125" lon="-3.499833829700946807861328125">
        <ele>1.2000000476837158203125</ele>
        <time>2026-07-23T14:44:46.000Z</time>
        <extensions>
          <ns3:TrackPointExtension>
            <ns3:atemp>31.0</ns3:atemp>
            <ns3:hr>89</ns3:hr>
            <ns3:cad>0</ns3:cad>
          </ns3:TrackPointExtension>
        </extensions>
      </trkpt>
      <trkpt lat="48.83725605905055999755859375" lon="-3.4998366795480251312255859375">
        <ele>1.60000002384185791015625</ele>
        <time>2026-07-23T14:44:49.000Z</time>
        <extensions>
          <ns3:TrackPointExtension>
            <ns3:atemp>31.0</ns3:atemp>
            <ns3:hr>90</ns3:hr>
            <ns3:cad>0</ns3:cad>
          </ns3:TrackPointExtension>
        </extensions>
      </trkpt>
      <trkpt lat="48.83724533021450042724609375" lon="-3.49984128959476947784423828125">
        <ele>2</ele>
        <time>2026-07-23T14:44:53.000Z</time>
        <extensions>
          <ns3:TrackPointExtension>
            <ns3:atemp>31.0</ns3:atemp>
            <ns3:hr>93</ns3:hr>
            <ns3:cad>0</ns3:cad>
          </ns3:TrackPointExtension>
        </extensions>
      </trkpt>
      <trkpt lat="48.8372424803674221038818359375" lon="-3.49984346888959407806396484375">
        <ele>2</ele>
        <time>2026-07-23T14:44:56.000Z</time>
        <extensions>
          <ns3:TrackPointExtension>
            <ns3:atemp>31.0</ns3:atemp>
            <ns3:hr>95</ns3:hr>
            <ns3:cad>0</ns3:cad>
          </ns3:TrackPointExtension>
        </extensions>
      </trkpt>
      <trkpt lat="48.83724256418645381927490234375" lon="-3.49984346888959407806396484375">
        <ele>2.2000000476837158203125</ele>
        <time>2026-07-23T14:44:59.000Z</time>
        <extensions>
          <ns3:TrackPointExtension>
            <ns3:atemp>31.0</ns3:atemp>
            <ns3:hr>98</ns3:hr>
            <ns3:cad>0</ns3:cad>
          </ns3:TrackPointExtension>
        </extensions>
      </trkpt>
      <trkpt lat="48.83724273182451725006103515625" lon="-3.49984380416572093963623046875">
        <ele>2.2000000476837158203125</ele>
        <time>2026-07-23T14:45:00.000Z</time>
        <extensions>
          <ns3:TrackPointExtension>
            <ns3:atemp>31.0</ns3:atemp>
            <ns3:hr>98</ns3:hr>
            <ns3:cad>0</ns3:cad>
          </ns3:TrackPointExtension>
        </extensions>
      </trkpt>
      <trkpt lat="48.83724273182451725006103515625" lon="-3.49984380416572093963623046875">
        <ele>2.2000000476837158203125</ele>
        <time>2026-07-23T14:45:04.000Z</time>
        <extensions>
          <ns3:TrackPointExtension>
            <ns3:atemp>31.0</ns3:atemp>
            <ns3:hr>101</ns3:hr>
            <ns3:cad>0</ns3:cad>
          </ns3:TrackPointExtension>
        </extensions>
      </trkpt>
      <trkpt lat="48.83724491111934185028076171875" lon="-3.49984380416572093963623046875">
        <ele>2.2000000476837158203125</ele>
        <time>2026-07-23T14:45:19.000Z</time>
        <extensions>
          <ns3:TrackPointExtension>
            <ns3:atemp>31.0</ns3:atemp>
            <ns3:hr>98</ns3:hr>
            <ns3:cad>0</ns3:cad>
          </ns3:TrackPointExtension>
        </extensions>
      </trkpt>
      <trkpt lat="48.837244994938373565673828125" lon="-3.49984355270862579345703125">
        <ele>2</ele>
        <time>2026-07-23T14:45:22.000Z</time>
        <extensions>
          <ns3:TrackPointExtension>
            <ns3:atemp>31.0</ns3:atemp>
            <ns3:hr>95</ns3:hr>
            <ns3:cad>0</ns3:cad>
          </ns3:TrackPointExtension>
        </extensions>
      </trkpt>
      <trkpt lat="48.83724491111934185028076171875" lon="-3.49984355270862579345703125">
        <ele>1.7999999523162841796875</ele>
        <time>2026-07-23T14:45:23.000Z</time>
        <extensions>
          <ns3:TrackPointExtension>
            <ns3:atemp>31.0</ns3:atemp>
            <ns3:hr>95</ns3:hr>
            <ns3:cad>0</ns3:cad>
          </ns3:TrackPointExtension>
        </extensions>
      </trkpt>
      <trkpt lat="48.8372411392629146575927734375" lon="-3.4997920878231525421142578125">
        <ele>1.2000000476837158203125</ele>
        <time>2026-07-23T14:45:29.000Z</time>
        <extensions>
          <ns3:TrackPointExtension>
            <ns3:atemp>31.0</ns3:atemp>
            <ns3:hr>94</ns3:hr>
            <ns3:cad>0</ns3:cad>
          </ns3:TrackPointExtension>
        </extensions>
      </trkpt>
      <trkpt lat="48.8372374512255191802978515625" lon="-3.4997672773897647857666015625">
        <ele>1.2000000476837158203125</ele>
        <time>2026-07-23T14:45:33.000Z</time>
        <extensions>
          <ns3:TrackPointExtension>
            <ns3:atemp>31.0</ns3:atemp>
            <ns3:hr>97</ns3:hr>
            <ns3:cad>0</ns3:cad>
          </ns3:TrackPointExtension>
        </extensions>
      </trkpt>
      <trkpt lat="48.83723937906324863433837890625" lon="-3.499768115580081939697265625">
        <ele>1.2000000476837158203125</ele>
        <time>2026-07-23T14:45:34.000Z</time>
        <extensions>
          <ns3:TrackPointExtension>
            <ns3:atemp>31.0</ns3:atemp>
            <ns3:hr>97</ns3:hr>
            <ns3:cad>0</ns3:cad>
          </ns3:TrackPointExtension>
        </extensions>
      </trkpt>
      <trkpt lat="48.83724055252969264984130859375" lon="-3.49976845085620880126953125">
        <ele>1.2000000476837158203125</ele>
        <time>2026-07-23T14:45:35.000Z</time>
        <extensions>
          <ns3:TrackPointExtension>
            <ns3:atemp>31.0</ns3:atemp>
            <ns3:hr>97</ns3:hr>
            <ns3:cad>0</ns3:cad>
          </ns3:TrackPointExtension>
        </extensions>
      </trkpt>
      <trkpt lat="48.83724306710064411163330078125" lon="-3.49973550997674465179443359375">
        <ele>0.60000002384185791015625</ele>
        <time>2026-07-23T14:45:48.000Z</time>
        <extensions>
          <ns3:TrackPointExtension>
            <ns3:atemp>31.0</ns3:atemp>
            <ns3:hr>100</ns3:hr>
            <ns3:cad>42</ns3:cad>
          </ns3:TrackPointExtension>
        </extensions>
      </trkpt>
      <trkpt lat="48.8372508622705936431884765625" lon="-3.499699719250202178955078125">
        <ele>0.60000002384185791015625</ele>
        <time>2026-07-23T14:45:50.000Z</time>
        <extensions>
          <ns3:TrackPointExtension>
            <ns3:atemp>31.0</ns3:atemp>
            <ns3:hr>101</ns3:hr>
            <ns3:cad>49</ns3:cad>
          </ns3:TrackPointExtension>
        </extensions>
      </trkpt>
      <trkpt lat="48.83727072738111019134521484375" lon="-3.4995798580348491668701171875">
        <ele>0.20000000298023223876953125</ele>
        <time>2026-07-23T14:45:56.000Z</time>
        <extensions>
          <ns3:TrackPointExtension>
            <ns3:atemp>31.0</ns3:atemp>
            <ns3:hr>101</ns3:hr>
            <ns3:cad>0</ns3:cad>
          </ns3:TrackPointExtension>
        </extensions>
      </trkpt>
      <trkpt lat="48.83726469241082668304443359375" lon="-3.49950433708727359771728515625">
        <ele>0.4000000059604644775390625</ele>
        <time>2026-07-23T14:46:04.000Z</time>
        <extensions>
          <ns3:TrackPointExtension>
            <ns3:atemp>31.0</ns3:atemp>
            <ns3:hr>101</ns3:hr>
            <ns3:cad>0</ns3:cad>
          </ns3:TrackPointExtension>
        </extensions>
      </trkpt>
      <trkpt lat="48.83728061802685260772705078125" lon="-3.49944658577442169189453125">
        <ele>0.4000000059604644775390625</ele>
        <time>2026-07-23T14:46:10.000Z</time>
        <extensions>
          <ns3:TrackPointExtension>
            <ns3:atemp>31.0</ns3:atemp>
            <ns3:hr>99</ns3:hr>
            <ns3:cad>41</ns3:cad>
          </ns3:TrackPointExtension>
        </extensions>
      </trkpt>
      <trkpt lat="48.83729972876608371734619140625" lon="-3.49937240593135356903076171875">
        <ele>0.4000000059604644775390625</ele>
        <time>2026-07-23T14:46:16.000Z</time>
        <extensions>
          <ns3:TrackPointExtension>
            <ns3:atemp>31.0</ns3:atemp>
            <ns3:hr>96</ns3:hr>
            <ns3:cad>53</ns3:cad>
          </ns3:TrackPointExtension>
        </extensions>
      </trkpt>
      <trkpt lat="48.83730433881282806396484375" lon="-3.499362766742706298828125">
        <ele>0.4000000059604644775390625</ele>
        <time>2026-07-23T14:46:17.000Z</time>
        <extensions>
          <ns3:TrackPointExtension>
            <ns3:atemp>31.0</ns3:atemp>
            <ns3:hr>95</ns3:hr>
            <ns3:cad>53</ns3:cad>
          </ns3:TrackPointExtension>
        </extensions>
      </trkpt>
      <trkpt lat="48.8373222760856151580810546875" lon="-3.49934759549796581268310546875">
        <ele>-1.60000002384185791015625</ele>
        <time>2026-07-23T14:46:19.000Z</time>
        <extensions>
          <ns3:TrackPointExtension>
            <ns3:atemp>31.0</ns3:atemp>
            <ns3:hr>93</ns3:hr>
            <ns3:cad>53</ns3:cad>
          </ns3:TrackPointExtension>
        </extensions>
      </trkpt>
      <trkpt lat="48.8373439013957977294921875" lon="-3.49931742064654827117919921875">
        <ele>-1.60000002384185791015625</ele>
        <time>2026-07-23T14:46:23.000Z</time>
        <extensions>
          <ns3:TrackPointExtension>
            <ns3:atemp>31.0</ns3:atemp>
            <ns3:hr>90</ns3:hr>
            <ns3:cad>52</ns3:cad>
          </ns3:TrackPointExtension>
        </extensions>
      </trkpt>
      <trkpt lat="48.837353289127349853515625" lon="-3.49928707815706729888916015625">
        <ele>-1.60000002384185791015625</ele>
        <time>2026-07-23T14:46:25.000Z</time>
        <extensions>
          <ns3:TrackPointExtension>
            <ns3:atemp>31.0</ns3:atemp>
            <ns3:hr>89</ns3:hr>
            <ns3:cad>52</ns3:cad>
          </ns3:TrackPointExtension>
        </extensions>
      </trkpt>
      <trkpt lat="48.8373829610645771026611328125" lon="-3.49924542009830474853515625">
        <ele>-1.39999997615814208984375</ele>
        <time>2026-07-23T14:46:29.000Z</time>
        <extensions>
          <ns3:TrackPointExtension>
            <ns3:atemp>31.0</ns3:atemp>
            <ns3:hr>88</ns3:hr>
            <ns3:cad>50</ns3:cad>
          </ns3:TrackPointExtension>
        </extensions>
      </trkpt>
      <trkpt lat="48.837412633001804351806640625" lon="-3.49920610897243022918701171875">
        <ele>-1</ele>
        <time>2026-07-23T14:46:34.000Z</time>
        <extensions>
          <ns3:TrackPointExtension>
            <ns3:atemp>31.0</ns3:atemp>
            <ns3:hr>89</ns3:hr>
            <ns3:cad>52</ns3:cad>
          </ns3:TrackPointExtension>
        </extensions>
      </trkpt>
      <trkpt lat="48.8374242000281810760498046875" lon="-3.4991983138024806976318359375">
        <ele>-0.800000011920928955078125</ele>
        <time>2026-07-23T14:46:35.000Z</time>
        <extensions>
          <ns3:TrackPointExtension>
            <ns3:atemp>31.0</ns3:atemp>
            <ns3:hr>87</ns3:hr>
            <ns3:cad>50</ns3:cad>
          </ns3:TrackPointExtension>
        </extensions>
      </trkpt>
      <trkpt lat="48.8374506868422031402587890625" lon="-3.499195463955402374267578125">
        <ele>-0.4000000059604644775390625</ele>
        <time>2026-07-23T14:46:38.000Z</time>
        <extensions>
          <ns3:TrackPointExtension>
            <ns3:atemp>31.0</ns3:atemp>
            <ns3:hr>89</ns3:hr>
            <ns3:cad>49</ns3:cad>
          </ns3:TrackPointExtension>
        </extensions>
      </trkpt>
      <trkpt lat="48.8374597392976284027099609375" lon="-3.4992258064448833465576171875">
        <ele>-0.4000000059604644775390625</ele>
        <time>2026-07-23T14:46:41.000Z</time>
        <extensions>
          <ns3:TrackPointExtension>
            <ns3:atemp>31.0</ns3:atemp>
            <ns3:hr>89</ns3:hr>
            <ns3:cad>50</ns3:cad>
          </ns3:TrackPointExtension>
        </extensions>
      </trkpt>
      <trkpt lat="48.837485723197460174560546875" lon="-3.49927132017910480499267578125">
        <ele>-0.20000000298023223876953125</ele>
        <time>2026-07-23T14:46:45.000Z</time>
        <extensions>
          <ns3:TrackPointExtension>
            <ns3:atemp>31.0</ns3:atemp>
            <ns3:hr>89</ns3:hr>
            <ns3:cad>48</ns3:cad>
          </ns3:TrackPointExtension>
        </extensions>
      </trkpt>
      <trkpt lat="48.8374738208949565887451171875" lon="-3.49930065684020519256591796875">
        <ele>0</ele>
        <time>2026-07-23T14:46:47.000Z</time>
        <extensions>
          <ns3:TrackPointExtension>
            <ns3:atemp>31.0</ns3:atemp>
            <ns3:hr>89</ns3:hr>
            <ns3:cad>48</ns3:cad>
          </ns3:TrackPointExtension>
        </extensions>
      </trkpt>
      <trkpt lat="48.837458901107311248779296875" lon="-3.499382548034191131591796875">
        <ele>0.4000000059604644775390625</ele>
        <time>2026-07-23T14:46:53.000Z</time>
        <extensions>
          <ns3:TrackPointExtension>
            <ns3:atemp>31.0</ns3:atemp>
            <ns3:hr>92</ns3:hr>
            <ns3:cad>46</ns3:cad>
          </ns3:TrackPointExtension>
        </extensions>
      </trkpt>
      <trkpt lat="48.83745512925088405609130859375" lon="-3.499424457550048828125">
        <ele>0.4000000059604644775390625</ele>
        <time>2026-07-23T14:46:56.000Z</time>
        <extensions>
          <ns3:TrackPointExtension>
            <ns3:atemp>31.0</ns3:atemp>
            <ns3:hr>93</ns3:hr>
            <ns3:cad>44</ns3:cad>
          </ns3:TrackPointExtension>
        </extensions>
      </trkpt>
      <trkpt lat="48.83741154335439205169677734375" lon="-3.4994769282639026641845703125">
        <ele>0.4000000059604644775390625</ele>
        <time>2026-07-23T14:47:04.000Z</time>
        <extensions>
          <ns3:TrackPointExtension>
            <ns3:atemp>31.0</ns3:atemp>
            <ns3:hr>92</ns3:hr>
            <ns3:cad>0</ns3:cad>
          </ns3:TrackPointExtension>
        </extensions>
      </trkpt>
      <trkpt lat="48.83738807402551174163818359375" lon="-3.49948086775839328765869140625">
        <ele>0.4000000059604644775390625</ele>
        <time>2026-07-23T14:47:06.000Z</time>
        <extensions>
          <ns3:TrackPointExtension>
            <ns3:atemp>31.0</ns3:atemp>
            <ns3:hr>91</ns3:hr>
            <ns3:cad>0</ns3:cad>
          </ns3:TrackPointExtension>
        </extensions>
      </trkpt>
      <trkpt lat="48.83736996911466121673583984375" lon="-3.4994821250438690185546875">
        <ele>0.4000000059604644775390625</ele>
        <time>2026-07-23T14:47:10.000Z</time>
        <extensions>
          <ns3:TrackPointExtension>
            <ns3:atemp>31.0</ns3:atemp>
            <ns3:hr>92</ns3:hr>
            <ns3:cad>0</ns3:cad>
          </ns3:TrackPointExtension>
        </extensions>
      </trkpt>
      <trkpt lat="48.83736477233469486236572265625" lon="-3.4994879923760890960693359375">
        <ele>0.4000000059604644775390625</ele>
        <time>2026-07-23T14:47:11.000Z</time>
        <extensions>
          <ns3:TrackPointExtension>
            <ns3:atemp>31.0</ns3:atemp>
            <ns3:hr>93</ns3:hr>
            <ns3:cad>49</ns3:cad>
          </ns3:TrackPointExtension>
        </extensions>
      </trkpt>
      <trkpt lat="48.83730391971766948699951171875" lon="-3.49954054690897464752197265625">
        <ele>0</ele>
        <time>2026-07-23T14:47:18.000Z</time>
        <extensions>
          <ns3:TrackPointExtension>
            <ns3:atemp>31.0</ns3:atemp>
            <ns3:hr>92</ns3:hr>
            <ns3:cad>49</ns3:cad>
          </ns3:TrackPointExtension>
        </extensions>
      </trkpt>
      <trkpt lat="48.8372686319053173065185546875" lon="-3.4995466656982898712158203125">
        <ele>-0.20000000298023223876953125</ele>
        <time>2026-07-23T14:47:22.000Z</time>
        <extensions>
          <ns3:TrackPointExtension>
            <ns3:atemp>31.0</ns3:atemp>
            <ns3:hr>95</ns3:hr>
            <ns3:cad>53</ns3:cad>
          </ns3:TrackPointExtension>
        </extensions>
      </trkpt>
      <trkpt lat="48.837256729602813720703125" lon="-3.49954716861248016357421875">
        <ele>-0.4000000059604644775390625</ele>
        <time>2026-07-23T14:47:23.000Z</time>
        <extensions>
          <ns3:TrackPointExtension>
            <ns3:atemp>31.0</ns3:atemp>
            <ns3:hr>91</ns3:hr>
            <ns3:cad>53</ns3:cad>
          </ns3:TrackPointExtension>
        </extensions>
      </trkpt>
      <trkpt lat="48.83725010789930820465087890625" lon="-3.49955747835338115692138671875">
        <ele>-0.4000000059604644775390625</ele>
        <time>2026-07-23T14:47:24.000Z</time>
        <extensions>
          <ns3:TrackPointExtension>
            <ns3:atemp>31.0</ns3:atemp>
            <ns3:hr>94</ns3:hr>
            <ns3:cad>53</ns3:cad>
          </ns3:TrackPointExtension>
        </extensions>
      </trkpt>
      <trkpt lat="48.83724139072000980377197265625" lon="-3.49956854246556758880615234375">
        <ele>-0.4000000059604644775390625</ele>
        <time>2026-07-23T14:47:25.000Z</time>
        <extensions>
          <ns3:TrackPointExtension>
            <ns3:atemp>31.0</ns3:atemp>
            <ns3:hr>91</ns3:hr>
            <ns3:cad>53</ns3:cad>
          </ns3:TrackPointExtension>
        </extensions>
      </trkpt>
      <trkpt lat="48.837229572236537933349609375" lon="-3.49959435872733592987060546875">
        <ele>-0.60000002384185791015625</ele>
        <time>2026-07-23T14:47:27.000Z</time>
        <extensions>
          <ns3:TrackPointExtension>
            <ns3:atemp>31.0</ns3:atemp>
            <ns3:hr>91</ns3:hr>
            <ns3:cad>53</ns3:cad>
          </ns3:TrackPointExtension>
        </extensions>
      </trkpt>
      <trkpt lat="48.8372263871133327484130859375" lon="-3.49961631931364536285400390625">
        <ele>-0.60000002384185791015625</ele>
        <time>2026-07-23T14:47:29.000Z</time>
        <extensions>
          <ns3:TrackPointExtension>
            <ns3:atemp>31.0</ns3:atemp>
            <ns3:hr>92</ns3:hr>
            <ns3:cad>53</ns3:cad>
          </ns3:TrackPointExtension>
        </extensions>
      </trkpt>
      <trkpt lat="48.83723535574972629547119140625" lon="-3.49969393573701381683349609375">
        <ele>-0.20000000298023223876953125</ele>
        <time>2026-07-23T14:47:34.000Z</time>
        <extensions>
          <ns3:TrackPointExtension>
            <ns3:atemp>31.0</ns3:atemp>
            <ns3:hr>90</ns3:hr>
            <ns3:cad>55</ns3:cad>
          </ns3:TrackPointExtension>
        </extensions>
      </trkpt>
      <trkpt lat="48.83723904378712177276611328125" lon="-3.4997186623513698577880859375">
        <ele>0.4000000059604644775390625</ele>
        <time>2026-07-23T14:47:36.000Z</time>
        <extensions>
          <ns3:TrackPointExtension>
            <ns3:atemp>31.0</ns3:atemp>
            <ns3:hr>90</ns3:hr>
            <ns3:cad>52</ns3:cad>
          </ns3:TrackPointExtension>
        </extensions>
      </trkpt>
      <trkpt lat="48.837238959968090057373046875" lon="-3.499746657907962799072265625">
        <ele>0.60000002384185791015625</ele>
        <time>2026-07-23T14:47:38.000Z</time>
        <extensions>
          <ns3:TrackPointExtension>
            <ns3:atemp>31.0</ns3:atemp>
            <ns3:hr>90</ns3:hr>
            <ns3:cad>50</ns3:cad>
          </ns3:TrackPointExtension>
        </extensions>
      </trkpt>
      <trkpt lat="48.83724256418645381927490234375" lon="-3.49977423436939716339111328125">
        <ele>0.800000011920928955078125</ele>
        <time>2026-07-23T14:47:40.000Z</time>
        <extensions>
          <ns3:TrackPointExtension>
            <ns3:atemp>31.0</ns3:atemp>
            <ns3:hr>91</ns3:hr>
            <ns3:cad>48</ns3:cad>
          </ns3:TrackPointExtension>
        </extensions>
      </trkpt>
      <trkpt lat="48.83722253143787384033203125" lon="-3.49981664679944515228271484375">
        <ele>1.7999999523162841796875</ele>
        <time>2026-07-23T14:47:44.000Z</time>
        <extensions>
          <ns3:TrackPointExtension>
            <ns3:atemp>31.0</ns3:atemp>
            <ns3:hr>90</ns3:hr>
            <ns3:cad>48</ns3:cad>
          </ns3:TrackPointExtension>
        </extensions>
      </trkpt>
      <trkpt lat="48.83721875958144664764404296875" lon="-3.49985503591597080230712890625">
        <ele>2</ele>
        <time>2026-07-23T14:47:47.000Z</time>
        <extensions>
          <ns3:TrackPointExtension>
            <ns3:atemp>31.0</ns3:atemp>
            <ns3:hr>93</ns3:hr>
            <ns3:cad>44</ns3:cad>
          </ns3:TrackPointExtension>
        </extensions>
      </trkpt>
      <trkpt lat="48.83719193749129772186279296875" lon="-3.49981480278074741363525390625">
        <ele>2</ele>
        <time>2026-07-23T14:47:50.000Z</time>
        <extensions>
          <ns3:TrackPointExtension>
            <ns3:atemp>31.0</ns3:atemp>
            <ns3:hr>95</ns3:hr>
            <ns3:cad>0</ns3:cad>
          </ns3:TrackPointExtension>
        </extensions>
      </trkpt>
      <trkpt lat="48.8371841423213481903076171875" lon="-3.4998034872114658355712890625">
        <ele>2</ele>
        <time>2026-07-23T14:47:51.000Z</time>
        <extensions>
          <ns3:TrackPointExtension>
            <ns3:atemp>31.0</ns3:atemp>
            <ns3:hr>95</ns3:hr>
            <ns3:cad>0</ns3:cad>
          </ns3:TrackPointExtension>
        </extensions>
      </trkpt>
      <trkpt lat="48.837160505354404449462890625" lon="-3.49978378973901271820068359375">
        <ele>2</ele>
        <time>2026-07-23T14:47:53.000Z</time>
        <extensions>
          <ns3:TrackPointExtension>
            <ns3:atemp>31.0</ns3:atemp>
            <ns3:hr>98</ns3:hr>
            <ns3:cad>0</ns3:cad>
          </ns3:TrackPointExtension>
        </extensions>
      </trkpt>
      <trkpt lat="48.83716729469597339630126953125" lon="-3.49978831596672534942626953125">
        <ele>2.2000000476837158203125</ele>
        <time>2026-07-23T14:47:54.000Z</time>
        <extensions>
          <ns3:TrackPointExtension>
            <ns3:atemp>31.0</ns3:atemp>
            <ns3:hr>97</ns3:hr>
            <ns3:cad>0</ns3:cad>
          </ns3:TrackPointExtension>
        </extensions>
      </trkpt>
      <trkpt lat="48.83716578595340251922607421875" lon="-3.49979259073734283447265625">
        <ele>2.400000095367431640625</ele>
        <time>2026-07-23T14:47:56.000Z</time>
        <extensions>
          <ns3:TrackPointExtension>
            <ns3:atemp>31.0</ns3:atemp>
            <ns3:hr>98</ns3:hr>
            <ns3:cad>0</ns3:cad>
          </ns3:TrackPointExtension>
        </extensions>
      </trkpt>
      <trkpt lat="48.83718573488295078277587890625" lon="-3.49977917969226837158203125">
        <ele>2.599999904632568359375</ele>
        <time>2026-07-23T14:48:01.000Z</time>
        <extensions>
          <ns3:TrackPointExtension>
            <ns3:atemp>31.0</ns3:atemp>
            <ns3:hr>98</ns3:hr>
            <ns3:cad>0</ns3:cad>
          </ns3:TrackPointExtension>
        </extensions>
      </trkpt>
      <trkpt lat="48.83719814009964466094970703125" lon="-3.4997796826064586639404296875">
        <ele>2.400000095367431640625</ele>
        <time>2026-07-23T14:48:04.000Z</time>
        <extensions>
          <ns3:TrackPointExtension>
            <ns3:atemp>31.0</ns3:atemp>
            <ns3:hr>99</ns3:hr>
            <ns3:cad>0</ns3:cad>
          </ns3:TrackPointExtension>
        </extensions>
      </trkpt>
      <trkpt lat="48.83718967437744140625" lon="-3.49978387355804443359375">
        <ele>2.400000095367431640625</ele>
        <time>2026-07-23T14:48:06.000Z</time>
        <extensions>
          <ns3:TrackPointExtension>
            <ns3:atemp>31.0</ns3:atemp>
            <ns3:hr>103</ns3:hr>
            <ns3:cad>0</ns3:cad>
          </ns3:TrackPointExtension>
        </extensions>
      </trkpt>
      <trkpt lat="48.8371653668582439422607421875" lon="-3.4998085163533687591552734375">
        <ele>2.400000095367431640625</ele>
        <time>2026-07-23T14:48:10.000Z</time>
        <extensions>
          <ns3:TrackPointExtension>
            <ns3:atemp>31.0</ns3:atemp>
            <ns3:hr>102</ns3:hr>
            <ns3:cad>0</ns3:cad>
          </ns3:TrackPointExtension>
        </extensions>
      </trkpt>
      <trkpt lat="48.83716285228729248046875" lon="-3.49981606006622314453125">
        <ele>2.400000095367431640625</ele>
        <time>2026-07-23T14:48:15.000Z</time>
        <extensions>
          <ns3:TrackPointExtension>
            <ns3:atemp>31.0</ns3:atemp>
            <ns3:hr>102</ns3:hr>
            <ns3:cad>0</ns3:cad>
          </ns3:TrackPointExtension>
        </extensions>
      </trkpt>
      <trkpt lat="48.8371588289737701416015625" lon="-3.4998266212642192840576171875">
        <ele>2.400000095367431640625</ele>
        <time>2026-07-23T14:48:22.000Z</time>
        <extensions>
          <ns3:TrackPointExtension>
            <ns3:atemp>31.0</ns3:atemp>
            <ns3:hr>103</ns3:hr>
            <ns3:cad>55</ns3:cad>
          </ns3:TrackPointExtension>
        </extensions>
      </trkpt>
      <trkpt lat="48.83711884729564189910888671875" lon="-3.49985159933567047119140625">
        <ele>2.599999904632568359375</ele>
        <time>2026-07-23T14:48:27.000Z</time>
        <extensions>
          <ns3:TrackPointExtension>
            <ns3:atemp>31.0</ns3:atemp>
            <ns3:hr>101</ns3:hr>
            <ns3:cad>0</ns3:cad>
          </ns3:TrackPointExtension>
        </extensions>
      </trkpt>
      <trkpt lat="48.837124295532703399658203125" lon="-3.49988034926354885101318359375">
        <ele>2.7999999523162841796875</ele>
        <time>2026-07-23T14:48:31.000Z</time>
        <extensions>
          <ns3:TrackPointExtension>
            <ns3:atemp>30.0</ns3:atemp>
            <ns3:hr>99</ns3:hr>
            <ns3:cad>0</ns3:cad>
          </ns3:TrackPointExtension>
        </extensions>
      </trkpt>
      <trkpt lat="48.83711867965757846832275390625" lon="-3.499882109463214874267578125">
        <ele>2.7999999523162841796875</ele>
        <time>2026-07-23T14:48:32.000Z</time>
        <extensions>
          <ns3:TrackPointExtension>
            <ns3:atemp>31.0</ns3:atemp>
            <ns3:hr>99</ns3:hr>
            <ns3:cad>0</ns3:cad>
          </ns3:TrackPointExtension>
        </extensions>
      </trkpt>
      <trkpt lat="48.83711096830666065216064453125" lon="-3.49988739006221294403076171875">
        <ele>2.7999999523162841796875</ele>
        <time>2026-07-23T14:48:35.000Z</time>
        <extensions>
          <ns3:TrackPointExtension>
            <ns3:atemp>30.0</ns3:atemp>
            <ns3:hr>96</ns3:hr>
            <ns3:cad>0</ns3:cad>
          </ns3:TrackPointExtension>
        </extensions>
      </trkpt>
      <trkpt lat="48.837109543383121490478515625" lon="-3.499914966523647308349609375">
        <ele>2.7999999523162841796875</ele>
        <time>2026-07-23T14:48:39.000Z</time>
        <extensions>
          <ns3:TrackPointExtension>
            <ns3:atemp>31.0</ns3:atemp>
            <ns3:hr>93</ns3:hr>
            <ns3:cad>0</ns3:cad>
          </ns3:TrackPointExtension>
        </extensions>
      </trkpt>
      <trkpt lat="48.83715036325156688690185546875" lon="-3.4998916648328304290771484375">
        <ele>2.7999999523162841796875</ele>
        <time>2026-07-23T14:48:41.000Z</time>
        <extensions>
          <ns3:TrackPointExtension>
            <ns3:atemp>30.0</ns3:atemp>
            <ns3:hr>92</ns3:hr>
            <ns3:cad>0</ns3:cad>
          </ns3:TrackPointExtension>
        </extensions>
      </trkpt>
      <trkpt lat="48.837222866714000701904296875" lon="-3.4998759068548679351806640625">
        <ele>2.599999904632568359375</ele>
        <time>2026-07-23T14:48:45.000Z</time>
        <extensions>
          <ns3:TrackPointExtension>
            <ns3:atemp>30.0</ns3:atemp>
            <ns3:hr>89</ns3:hr>
            <ns3:cad>56</ns3:cad>
          </ns3:TrackPointExtension>
        </extensions>
      </trkpt>
      <trkpt lat="48.83725681342184543609619140625" lon="-3.499960564076900482177734375">
        <ele>2</ele>
        <time>2026-07-23T14:48:50.000Z</time>
        <extensions>
          <ns3:TrackPointExtension>
            <ns3:atemp>30.0</ns3:atemp>
            <ns3:hr>88</ns3:hr>
            <ns3:cad>56</ns3:cad>
          </ns3:TrackPointExtension>
        </extensions>
      </trkpt>
      <trkpt lat="48.8372548855841159820556640625" lon="-3.49997255019843578338623046875">
        <ele>1.7999999523162841796875</ele>
        <time>2026-07-23T14:48:51.000Z</time>
        <extensions>
          <ns3:TrackPointExtension>
            <ns3:atemp>30.0</ns3:atemp>
            <ns3:hr>89</ns3:hr>
            <ns3:cad>52</ns3:cad>
          </ns3:TrackPointExtension>
        </extensions>
      </trkpt>
      <trkpt lat="48.8372488506138324737548828125" lon="-3.4999744780361652374267578125">
        <ele>1.7999999523162841796875</ele>
        <time>2026-07-23T14:48:52.000Z</time>
        <extensions>
          <ns3:TrackPointExtension>
            <ns3:atemp>30.0</ns3:atemp>
            <ns3:hr>90</ns3:hr>
            <ns3:cad>0</ns3:cad>
          </ns3:TrackPointExtension>
        </extensions>
      </trkpt>
      <trkpt lat="48.83724424056708812713623046875" lon="-3.49997221492230892181396484375">
        <ele>1.60000002384185791015625</ele>
        <time>2026-07-23T14:48:53.000Z</time>
        <extensions>
          <ns3:TrackPointExtension>
            <ns3:atemp>30.0</ns3:atemp>
            <ns3:hr>91</ns3:hr>
            <ns3:cad>0</ns3:cad>
          </ns3:TrackPointExtension>
        </extensions>
      </trkpt>
      <trkpt lat="48.83723057806491851806640625" lon="-3.49996852688491344451904296875">
        <ele>1.60000002384185791015625</ele>
        <time>2026-07-23T14:48:56.000Z</time>
        <extensions>
          <ns3:TrackPointExtension>
            <ns3:atemp>30.0</ns3:atemp>
            <ns3:hr>95</ns3:hr>
            <ns3:cad>0</ns3:cad>
          </ns3:TrackPointExtension>
        </extensions>
      </trkpt>
      <trkpt lat="48.83721322752535343170166015625" lon="-3.4999536909162998199462890625">
        <ele>1.60000002384185791015625</ele>
        <time>2026-07-23T14:48:58.000Z</time>
        <extensions>
          <ns3:TrackPointExtension>
            <ns3:atemp>30.0</ns3:atemp>
            <ns3:hr>97</ns3:hr>
            <ns3:cad>0</ns3:cad>
          </ns3:TrackPointExtension>
        </extensions>
      </trkpt>
      <trkpt lat="48.83721590973436832427978515625" lon="-3.49989862181246280670166015625">
        <ele>1.7999999523162841796875</ele>
        <time>2026-07-23T14:49:04.000Z</time>
        <extensions>
          <ns3:TrackPointExtension>
            <ns3:atemp>30.0</ns3:atemp>
            <ns3:hr>96</ns3:hr>
            <ns3:cad>0</ns3:cad>
          </ns3:TrackPointExtension>
        </extensions>
      </trkpt>
      <trkpt lat="48.8372290693223476409912109375" lon="-3.4998983703553676605224609375">
        <ele>2</ele>
        <time>2026-07-23T14:49:07.000Z</time>
        <extensions>
          <ns3:TrackPointExtension>
            <ns3:atemp>30.0</ns3:atemp>
            <ns3:hr>96</ns3:hr>
            <ns3:cad>0</ns3:cad>
          </ns3:TrackPointExtension>
        </extensions>
      </trkpt>
      <trkpt lat="48.83719596080482006072998046875" lon="-3.49990122020244598388671875">
        <ele>2.7999999523162841796875</ele>
        <time>2026-07-23T14:49:12.000Z</time>
        <extensions>
          <ns3:TrackPointExtension>
            <ns3:atemp>30.0</ns3:atemp>
            <ns3:hr>96</ns3:hr>
            <ns3:cad>52</ns3:cad>
          </ns3:TrackPointExtension>
        </extensions>
      </trkpt>
      <trkpt lat="48.83719411678612232208251953125" lon="-3.4999047406017780303955078125">
        <ele>2.7999999523162841796875</ele>
        <time>2026-07-23T14:49:13.000Z</time>
        <extensions>
          <ns3:TrackPointExtension>
            <ns3:atemp>30.0</ns3:atemp>
            <ns3:hr>97</ns3:hr>
            <ns3:cad>52</ns3:cad>
          </ns3:TrackPointExtension>
        </extensions>
      </trkpt>
      <trkpt lat="48.83718892000615596771240234375" lon="-3.49994488991796970367431640625">
        <ele>3.400000095367431640625</ele>
        <time>2026-07-23T14:49:17.000Z</time>
        <extensions>
          <ns3:TrackPointExtension>
            <ns3:atemp>30.0</ns3:atemp>
            <ns3:hr>100</ns3:hr>
            <ns3:cad>0</ns3:cad>
          </ns3:TrackPointExtension>
        </extensions>
      </trkpt>
      <trkpt lat="48.837181292474269866943359375" lon="-3.4999516792595386505126953125">
        <ele>3.400000095367431640625</ele>
        <time>2026-07-23T14:49:18.000Z</time>
        <extensions>
          <ns3:TrackPointExtension>
            <ns3:atemp>30.0</ns3:atemp>
            <ns3:hr>101</ns3:hr>
            <ns3:cad>0</ns3:cad>
          </ns3:TrackPointExtension>
        </extensions>
      </trkpt>
      <trkpt lat="48.83717031218111515045166015625" lon="-3.49996291100978851318359375">
        <ele>3</ele>
        <time>2026-07-23T14:49:21.000Z</time>
        <extensions>
          <ns3:TrackPointExtension>
            <ns3:atemp>30.0</ns3:atemp>
            <ns3:hr>102</ns3:hr>
            <ns3:cad>0</ns3:cad>
          </ns3:TrackPointExtension>
        </extensions>
      </trkpt>
      <trkpt lat="48.8371546380221843719482421875" lon="-3.49996416829526424407958984375">
        <ele>2.7999999523162841796875</ele>
        <time>2026-07-23T14:49:23.000Z</time>
        <extensions>
          <ns3:TrackPointExtension>
            <ns3:atemp>30.0</ns3:atemp>
            <ns3:hr>101</ns3:hr>
            <ns3:cad>0</ns3:cad>
          </ns3:TrackPointExtension>
        </extensions>
      </trkpt>
      <trkpt lat="48.83718439377844333648681640625" lon="-3.49996098317205905914306640625">
        <ele>2.400000095367431640625</ele>
        <time>2026-07-23T14:49:28.000Z</time>
        <extensions>
          <ns3:TrackPointExtension>
            <ns3:atemp>30.0</ns3:atemp>
            <ns3:hr>102</ns3:hr>
            <ns3:cad>0</ns3:cad>
          </ns3:TrackPointExtension>
        </extensions>
      </trkpt>
      <trkpt lat="48.83720568381249904632568359375" lon="-3.4999702870845794677734375">
        <ele>1.7999999523162841796875</ele>
        <time>2026-07-23T14:49:31.000Z</time>
        <extensions>
          <ns3:TrackPointExtension>
            <ns3:atemp>30.0</ns3:atemp>
            <ns3:hr>102</ns3:hr>
            <ns3:cad>0</ns3:cad>
          </ns3:TrackPointExtension>
        </extensions>
      </trkpt>
      <trkpt lat="48.8372153230011463165283203125" lon="-3.5000013001263141632080078125">
        <ele>1.39999997615814208984375</ele>
        <time>2026-07-23T14:49:35.000Z</time>
        <extensions>
          <ns3:TrackPointExtension>
            <ns3:atemp>30.0</ns3:atemp>
            <ns3:hr>102</ns3:hr>
            <ns3:cad>56</ns3:cad>
          </ns3:TrackPointExtension>
        </extensions>
      </trkpt>
      <trkpt lat="48.8372213579714298248291015625" lon="-3.50003801286220550537109375">
        <ele>1.39999997615814208984375</ele>
        <time>2026-07-23T14:49:41.000Z</time>
        <extensions>
          <ns3:TrackPointExtension>
            <ns3:atemp>30.0</ns3:atemp>
            <ns3:hr>104</ns3:hr>
            <ns3:cad>0</ns3:cad>
          </ns3:TrackPointExtension>
        </extensions>
      </trkpt>
      <trkpt lat="48.8372247107326984405517578125" lon="-3.5000391863286495208740234375">
        <ele>1</ele>
        <time>2026-07-23T14:49:46.000Z</time>
        <extensions>
          <ns3:TrackPointExtension>
            <ns3:atemp>30.0</ns3:atemp>
            <ns3:hr>107</ns3:hr>
            <ns3:cad>0</ns3:cad>
          </ns3:TrackPointExtension>
        </extensions>
      </trkpt>
      <trkpt lat="48.83722445927560329437255859375" lon="-3.50003608502447605133056640625">
        <ele>0.800000011920928955078125</ele>
        <time>2026-07-23T14:49:48.000Z</time>
        <extensions>
          <ns3:TrackPointExtension>
            <ns3:atemp>30.0</ns3:atemp>
            <ns3:hr>108</ns3:hr>
            <ns3:cad>0</ns3:cad>
          </ns3:TrackPointExtension>
        </extensions>
      </trkpt>
      <trkpt lat="48.83722445927560329437255859375" lon="-3.50003608502447605133056640625">
        <ele>0.60000002384185791015625</ele>
        <time>2026-07-23T14:49:50.000Z</time>
        <extensions>
          <ns3:TrackPointExtension>
            <ns3:atemp>30.0</ns3:atemp>
            <ns3:hr>108</ns3:hr>
            <ns3:cad>0</ns3:cad>
          </ns3:TrackPointExtension>
        </extensions>
      </trkpt>
      <trkpt lat="48.83722445927560329437255859375" lon="-3.50003994069993495941162109375">
        <ele>-0.4000000059604644775390625</ele>
        <time>2026-07-23T14:50:03.000Z</time>
        <extensions>
          <ns3:TrackPointExtension>
            <ns3:atemp>30.0</ns3:atemp>
            <ns3:hr>108</ns3:hr>
            <ns3:cad>0</ns3:cad>
          </ns3:TrackPointExtension>
        </extensions>
      </trkpt>
      <trkpt lat="48.83722445927560329437255859375" lon="-3.5000408627092838287353515625">
        <ele>-1.39999997615814208984375</ele>
        <time>2026-07-23T14:50:08.000Z</time>
        <extensions>
          <ns3:TrackPointExtension>
            <ns3:atemp>30.0</ns3:atemp>
            <ns3:hr>106</ns3:hr>
            <ns3:cad>0</ns3:cad>
          </ns3:TrackPointExtension>
        </extensions>
      </trkpt>
      <trkpt lat="48.83723015896975994110107421875" lon="-3.500108085572719573974609375">
        <ele>-2.2000000476837158203125</ele>
        <time>2026-07-23T14:50:12.000Z</time>
        <extensions>
          <ns3:TrackPointExtension>
            <ns3:atemp>30.0</ns3:atemp>
            <ns3:hr>104</ns3:hr>
            <ns3:cad>0</ns3:cad>
          </ns3:TrackPointExtension>
        </extensions>
      </trkpt>
      <trkpt lat="48.8372421450912952423095703125" lon="-3.50018151104450225830078125">
        <ele>-2.400000095367431640625</ele>
        <time>2026-07-23T14:50:20.000Z</time>
        <extensions>
          <ns3:TrackPointExtension>
            <ns3:atemp>31.0</ns3:atemp>
            <ns3:hr>105</ns3:hr>
            <ns3:cad>0</ns3:cad>
          </ns3:TrackPointExtension>
        </extensions>
      </trkpt>
      <trkpt lat="48.8372414745390415191650390625" lon="-3.500180505216121673583984375">
        <ele>-2.599999904632568359375</ele>
        <time>2026-07-23T14:50:23.000Z</time>
        <extensions>
          <ns3:TrackPointExtension>
            <ns3:atemp>31.0</ns3:atemp>
            <ns3:hr>107</ns3:hr>
            <ns3:cad>0</ns3:cad>
          </ns3:TrackPointExtension>
        </extensions>
      </trkpt>
      <trkpt lat="48.8372414745390415191650390625" lon="-3.500180505216121673583984375">
        <ele>-2.7999999523162841796875</ele>
        <time>2026-07-23T14:50:28.000Z</time>
        <extensions>
          <ns3:TrackPointExtension>
            <ns3:atemp>31.0</ns3:atemp>
            <ns3:hr>104</ns3:hr>
            <ns3:cad>0</ns3:cad>
          </ns3:TrackPointExtension>
        </extensions>
      </trkpt>
      <trkpt lat="48.8372418098151683807373046875" lon="-3.500180505216121673583984375">
        <ele>-3.2000000476837158203125</ele>
        <time>2026-07-23T14:50:32.000Z</time>
        <extensions>
          <ns3:TrackPointExtension>
            <ns3:atemp>31.0</ns3:atemp>
            <ns3:hr>101</ns3:hr>
            <ns3:cad>0</ns3:cad>
          </ns3:TrackPointExtension>
        </extensions>
      </trkpt>
      <trkpt lat="48.83727609179913997650146484375" lon="-3.50019366480410099029541015625">
        <ele>-3.599999904632568359375</ele>
        <time>2026-07-23T14:50:36.000Z</time>
        <extensions>
          <ns3:TrackPointExtension>
            <ns3:atemp>31.0</ns3:atemp>
            <ns3:hr>100</ns3:hr>
            <ns3:cad>50</ns3:cad>
          </ns3:TrackPointExtension>
        </extensions>
      </trkpt>
      <trkpt lat="48.8373242877423763275146484375" lon="-3.50026876665651798248291015625">
        <ele>-4</ele>
        <time>2026-07-23T14:50:42.000Z</time>
        <extensions>
          <ns3:TrackPointExtension>
            <ns3:atemp>31.0</ns3:atemp>
            <ns3:hr>100</ns3:hr>
            <ns3:cad>53</ns3:cad>
          </ns3:TrackPointExtension>
        </extensions>
      </trkpt>
      <trkpt lat="48.837331831455230712890625" lon="-3.5002805851399898529052734375">
        <ele>-4.19999980926513671875</ele>
        <time>2026-07-23T14:50:48.000Z</time>
        <extensions>
          <ns3:TrackPointExtension>
            <ns3:atemp>31.0</ns3:atemp>
            <ns3:hr>99</ns3:hr>
            <ns3:cad>0</ns3:cad>
          </ns3:TrackPointExtension>
        </extensions>
      </trkpt>
      <trkpt lat="48.8373323343694210052490234375" lon="-3.50028075277805328369140625">
        <ele>-4.19999980926513671875</ele>
        <time>2026-07-23T14:50:49.000Z</time>
        <extensions>
          <ns3:TrackPointExtension>
            <ns3:atemp>31.0</ns3:atemp>
            <ns3:hr>98</ns3:hr>
            <ns3:cad>0</ns3:cad>
          </ns3:TrackPointExtension>
        </extensions>
      </trkpt>
      <trkpt lat="48.83733292110264301300048828125" lon="-3.500282764434814453125">
        <ele>-4.19999980926513671875</ele>
        <time>2026-07-23T14:50:53.000Z</time>
        <extensions>
          <ns3:TrackPointExtension>
            <ns3:atemp>31.0</ns3:atemp>
            <ns3:hr>95</ns3:hr>
            <ns3:cad>0</ns3:cad>
          </ns3:TrackPointExtension>
        </extensions>
      </trkpt>
      <trkpt lat="48.83733292110264301300048828125" lon="-3.500282764434814453125">
        <ele>-4.19999980926513671875</ele>
        <time>2026-07-23T14:50:54.000Z</time>
        <extensions>
          <ns3:TrackPointExtension>
            <ns3:atemp>31.0</ns3:atemp>
            <ns3:hr>92</ns3:hr>
            <ns3:cad>0</ns3:cad>
          </ns3:TrackPointExtension>
        </extensions>
      </trkpt>
      <trkpt lat="48.83733292110264301300048828125" lon="-3.500282764434814453125">
        <ele>-4.400000095367431640625</ele>
        <time>2026-07-23T14:50:55.000Z</time>
        <extensions>
          <ns3:TrackPointExtension>
            <ns3:atemp>31.0</ns3:atemp>
            <ns3:hr>89</ns3:hr>
            <ns3:cad>0</ns3:cad>
          </ns3:TrackPointExtension>
        </extensions>
      </trkpt>
      <trkpt lat="48.83733292110264301300048828125" lon="-3.500282764434814453125">
        <ele>-4.400000095367431640625</ele>
        <time>2026-07-23T14:50:57.000Z</time>
        <extensions>
          <ns3:TrackPointExtension>
            <ns3:atemp>31.0</ns3:atemp>
            <ns3:hr>86</ns3:hr>
            <ns3:cad>0</ns3:cad>
          </ns3:TrackPointExtension>
        </extensions>
      </trkpt>
      <trkpt lat="48.83733275346457958221435546875" lon="-3.500282764434814453125">
        <ele>-4.599999904632568359375</ele>
        <time>2026-07-23T14:51:04.000Z</time>
        <extensions>
          <ns3:TrackPointExtension>
            <ns3:atemp>31.0</ns3:atemp>
            <ns3:hr>86</ns3:hr>
            <ns3:cad>0</ns3:cad>
          </ns3:TrackPointExtension>
        </extensions>
      </trkpt>
      <trkpt lat="48.8373316638171672821044921875" lon="-3.5002872906625270843505859375">
        <ele>-4.80000019073486328125</ele>
        <time>2026-07-23T14:51:13.000Z</time>
        <extensions>
          <ns3:TrackPointExtension>
            <ns3:atemp>31.0</ns3:atemp>
            <ns3:hr>83</ns3:hr>
            <ns3:cad>0</ns3:cad>
          </ns3:TrackPointExtension>
        </extensions>
      </trkpt>
      <trkpt lat="48.83731012232601642608642578125" lon="-3.50031956098973751068115234375">
        <ele>-5.599999904632568359375</ele>
        <time>2026-07-23T14:51:26.000Z</time>
        <extensions>
          <ns3:TrackPointExtension>
            <ns3:atemp>31.0</ns3:atemp>
            <ns3:hr>85</ns3:hr>
            <ns3:cad>0</ns3:cad>
          </ns3:TrackPointExtension>
        </extensions>
      </trkpt>
      <trkpt lat="48.83730073459446430206298828125" lon="-3.50033112801611423492431640625">
        <ele>-5.80000019073486328125</ele>
        <time>2026-07-23T14:51:27.000Z</time>
        <extensions>
          <ns3:TrackPointExtension>
            <ns3:atemp>31.0</ns3:atemp>
            <ns3:hr>85</ns3:hr>
            <ns3:cad>0</ns3:cad>
          </ns3:TrackPointExtension>
        </extensions>
      </trkpt>
      <trkpt lat="48.837230242788791656494140625" lon="-3.5004745423793792724609375">
        <ele>-6.599999904632568359375</ele>
        <time>2026-07-23T14:51:38.000Z</time>
        <extensions>
          <ns3:TrackPointExtension>
            <ns3:atemp>31.0</ns3:atemp>
            <ns3:hr>85</ns3:hr>
            <ns3:cad>52</ns3:cad>
          </ns3:TrackPointExtension>
        </extensions>
      </trkpt>
      <trkpt lat="48.83722789585590362548828125" lon="-3.5004810802638530731201171875">
        <ele>-6.599999904632568359375</ele>
        <time>2026-07-23T14:51:39.000Z</time>
        <extensions>
          <ns3:TrackPointExtension>
            <ns3:atemp>31.0</ns3:atemp>
            <ns3:hr>86</ns3:hr>
            <ns3:cad>52</ns3:cad>
          </ns3:TrackPointExtension>
        </extensions>
      </trkpt>
      <trkpt lat="48.83723233826458454132080078125" lon="-3.50055727176368236541748046875">
        <ele>-7.19999980926513671875</ele>
        <time>2026-07-23T14:51:45.000Z</time>
        <extensions>
          <ns3:TrackPointExtension>
            <ns3:atemp>31.0</ns3:atemp>
            <ns3:hr>86</ns3:hr>
            <ns3:cad>53</ns3:cad>
          </ns3:TrackPointExtension>
        </extensions>
      </trkpt>
      <trkpt lat="48.83723669685423374176025390625" lon="-3.5005873627960681915283203125">
        <ele>-7.19999980926513671875</ele>
        <time>2026-07-23T14:51:49.000Z</time>
        <extensions>
          <ns3:TrackPointExtension>
            <ns3:atemp>32.0</ns3:atemp>
            <ns3:hr>86</ns3:hr>
            <ns3:cad>0</ns3:cad>
          </ns3:TrackPointExtension>
        </extensions>
      </trkpt>
      <trkpt lat="48.83723351173102855682373046875" lon="-3.50061602890491485595703125">
        <ele>-7.400000095367431640625</ele>
        <time>2026-07-23T14:51:52.000Z</time>
        <extensions>
          <ns3:TrackPointExtension>
            <ns3:atemp>32.0</ns3:atemp>
            <ns3:hr>87</ns3:hr>
            <ns3:cad>47</ns3:cad>
          </ns3:TrackPointExtension>
        </extensions>
      </trkpt>
      <trkpt lat="48.8372213579714298248291015625" lon="-3.50070026703178882598876953125">
        <ele>-7.599999904632568359375</ele>
        <time>2026-07-23T14:51:58.000Z</time>
        <extensions>
          <ns3:TrackPointExtension>
            <ns3:atemp>32.0</ns3:atemp>
            <ns3:hr>86</ns3:hr>
            <ns3:cad>50</ns3:cad>
          </ns3:TrackPointExtension>
        </extensions>
      </trkpt>
      <trkpt lat="48.83721272461116313934326171875" lon="-3.50073077715933322906494140625">
        <ele>-7.80000019073486328125</ele>
        <time>2026-07-23T14:52:00.000Z</time>
        <extensions>
          <ns3:TrackPointExtension>
            <ns3:atemp>32.0</ns3:atemp>
            <ns3:hr>87</ns3:hr>
            <ns3:cad>50</ns3:cad>
          </ns3:TrackPointExtension>
        </extensions>
      </trkpt>
      <trkpt lat="48.83719705045223236083984375" lon="-3.50078693591058254241943359375">
        <ele>-7.80000019073486328125</ele>
        <time>2026-07-23T14:52:04.000Z</time>
        <extensions>
          <ns3:TrackPointExtension>
            <ns3:atemp>32.0</ns3:atemp>
            <ns3:hr>86</ns3:hr>
            <ns3:cad>51</ns3:cad>
          </ns3:TrackPointExtension>
        </extensions>
      </trkpt>
      <trkpt lat="48.83714449591934680938720703125" lon="-3.500935547053813934326171875">
        <ele>-8.19999980926513671875</ele>
        <time>2026-07-23T14:52:15.000Z</time>
        <extensions>
          <ns3:TrackPointExtension>
            <ns3:atemp>32.0</ns3:atemp>
            <ns3:hr>87</ns3:hr>
            <ns3:cad>51</ns3:cad>
          </ns3:TrackPointExtension>
        </extensions>
      </trkpt>
      <trkpt lat="48.83712538518011569976806640625" lon="-3.500986509025096893310546875">
        <ele>-8.3999996185302734375</ele>
        <time>2026-07-23T14:52:19.000Z</time>
        <extensions>
          <ns3:TrackPointExtension>
            <ns3:atemp>32.0</ns3:atemp>
            <ns3:hr>90</ns3:hr>
            <ns3:cad>53</ns3:cad>
          </ns3:TrackPointExtension>
        </extensions>
      </trkpt>
      <trkpt lat="48.8370741717517375946044921875" lon="-3.5011120699346065521240234375">
        <ele>-8.3999996185302734375</ele>
        <time>2026-07-23T14:52:27.000Z</time>
        <extensions>
          <ns3:TrackPointExtension>
            <ns3:atemp>32.0</ns3:atemp>
            <ns3:hr>90</ns3:hr>
            <ns3:cad>53</ns3:cad>
          </ns3:TrackPointExtension>
        </extensions>
      </trkpt>
      <trkpt lat="48.8370195217430591583251953125" lon="-3.5012347809970378875732421875">
        <ele>-8.6000003814697265625</ele>
        <time>2026-07-23T14:52:36.000Z</time>
        <extensions>
          <ns3:TrackPointExtension>
            <ns3:atemp>32.0</ns3:atemp>
            <ns3:hr>89</ns3:hr>
            <ns3:cad>53</ns3:cad>
          </ns3:TrackPointExtension>
        </extensions>
      </trkpt>
      <trkpt lat="48.8370059430599212646484375" lon="-3.50125364027917385101318359375">
        <ele>-8.6000003814697265625</ele>
        <time>2026-07-23T14:52:38.000Z</time>
        <extensions>
          <ns3:TrackPointExtension>
            <ns3:atemp>32.0</ns3:atemp>
            <ns3:hr>88</ns3:hr>
            <ns3:cad>53</ns3:cad>
          </ns3:TrackPointExtension>
        </extensions>
      </trkpt>
      <trkpt lat="48.83696361444890499114990234375" lon="-3.5013276524841785430908203125">
        <ele>-8.3999996185302734375</ele>
        <time>2026-07-23T14:52:44.000Z</time>
        <extensions>
          <ns3:TrackPointExtension>
            <ns3:atemp>32.0</ns3:atemp>
            <ns3:hr>91</ns3:hr>
            <ns3:cad>55</ns3:cad>
          </ns3:TrackPointExtension>
        </extensions>
      </trkpt>
      <trkpt lat="48.83694517426192760467529296875" lon="-3.50136025808751583099365234375">
        <ele>-8.3999996185302734375</ele>
        <time>2026-07-23T14:52:47.000Z</time>
        <extensions>
          <ns3:TrackPointExtension>
            <ns3:atemp>32.0</ns3:atemp>
            <ns3:hr>93</ns3:hr>
            <ns3:cad>52</ns3:cad>
          </ns3:TrackPointExtension>
        </extensions>
      </trkpt>
      <trkpt lat="48.83685481734573841094970703125" lon="-3.5014476813375949859619140625">
        <ele>-8.3999996185302734375</ele>
        <time>2026-07-23T14:52:56.000Z</time>
        <extensions>
          <ns3:TrackPointExtension>
            <ns3:atemp>32.0</ns3:atemp>
            <ns3:hr>95</ns3:hr>
            <ns3:cad>53</ns3:cad>
          </ns3:TrackPointExtension>
        </extensions>
      </trkpt>
      <trkpt lat="48.8367871753871440887451171875" lon="-3.50153611041605472564697265625">
        <ele>-8.6000003814697265625</ele>
        <time>2026-07-23T14:53:04.000Z</time>
        <extensions>
          <ns3:TrackPointExtension>
            <ns3:atemp>33.0</ns3:atemp>
            <ns3:hr>96</ns3:hr>
            <ns3:cad>55</ns3:cad>
          </ns3:TrackPointExtension>
        </extensions>
      </trkpt>
      <trkpt lat="48.83676881901919841766357421875" lon="-3.50157567299902439117431640625">
        <ele>-8.6000003814697265625</ele>
        <time>2026-07-23T14:53:07.000Z</time>
        <extensions>
          <ns3:TrackPointExtension>
            <ns3:atemp>33.0</ns3:atemp>
            <ns3:hr>96</ns3:hr>
            <ns3:cad>53</ns3:cad>
          </ns3:TrackPointExtension>
        </extensions>
      </trkpt>
      <trkpt lat="48.83669656701385974884033203125" lon="-3.5016461648046970367431640625">
        <ele>-8.6000003814697265625</ele>
        <time>2026-07-23T14:53:14.000Z</time>
        <extensions>
          <ns3:TrackPointExtension>
            <ns3:atemp>33.0</ns3:atemp>
            <ns3:hr>99</ns3:hr>
            <ns3:cad>55</ns3:cad>
          </ns3:TrackPointExtension>
        </extensions>
      </trkpt>
      <trkpt lat="48.83658223785459995269775390625" lon="-3.50173811428248882293701171875">
        <ele>-8.19999980926513671875</ele>
        <time>2026-07-23T14:53:25.000Z</time>
        <extensions>
          <ns3:TrackPointExtension>
            <ns3:atemp>33.0</ns3:atemp>
            <ns3:hr>98</ns3:hr>
            <ns3:cad>54</ns3:cad>
          </ns3:TrackPointExtension>
        </extensions>
      </trkpt>
      <trkpt lat="48.83645676076412200927734375" lon="-3.5017558000981807708740234375">
        <ele>-7.80000019073486328125</ele>
        <time>2026-07-23T14:53:36.000Z</time>
        <extensions>
          <ns3:TrackPointExtension>
            <ns3:atemp>33.0</ns3:atemp>
            <ns3:hr>100</ns3:hr>
            <ns3:cad>54</ns3:cad>
          </ns3:TrackPointExtension>
        </extensions>
      </trkpt>
      <trkpt lat="48.83639984764158725738525390625" lon="-3.5017809458076953887939453125">
        <ele>-7.80000019073486328125</ele>
        <time>2026-07-23T14:53:42.000Z</time>
        <extensions>
          <ns3:TrackPointExtension>
            <ns3:atemp>33.0</ns3:atemp>
            <ns3:hr>102</ns3:hr>
            <ns3:cad>53</ns3:cad>
          </ns3:TrackPointExtension>
        </extensions>
      </trkpt>
      <trkpt lat="48.83634536527097225189208984375" lon="-3.5018184967339038848876953125">
        <ele>-7.80000019073486328125</ele>
        <time>2026-07-23T14:53:48.000Z</time>
        <extensions>
          <ns3:TrackPointExtension>
            <ns3:atemp>33.0</ns3:atemp>
            <ns3:hr>101</ns3:hr>
            <ns3:cad>50</ns3:cad>
          </ns3:TrackPointExtension>
        </extensions>
      </trkpt>
      <trkpt lat="48.8363053835928440093994140625" lon="-3.50185093469917774200439453125">
        <ele>-7.599999904632568359375</ele>
        <time>2026-07-23T14:53:52.000Z</time>
        <extensions>
          <ns3:TrackPointExtension>
            <ns3:atemp>33.0</ns3:atemp>
            <ns3:hr>98</ns3:hr>
            <ns3:cad>51</ns3:cad>
          </ns3:TrackPointExtension>
        </extensions>
      </trkpt>
      <trkpt lat="48.8362503983080387115478515625" lon="-3.50192184560000896453857421875">
        <ele>-6.599999904632568359375</ele>
        <time>2026-07-23T14:53:59.000Z</time>
        <extensions>
          <ns3:TrackPointExtension>
            <ns3:atemp>33.0</ns3:atemp>
            <ns3:hr>97</ns3:hr>
            <ns3:cad>49</ns3:cad>
          </ns3:TrackPointExtension>
        </extensions>
      </trkpt>
      <trkpt lat="48.83616113103926181793212890625" lon="-3.502057380974292755126953125">
        <ele>-5.599999904632568359375</ele>
        <time>2026-07-23T14:54:11.000Z</time>
        <extensions>
          <ns3:TrackPointExtension>
            <ns3:atemp>33.0</ns3:atemp>
            <ns3:hr>97</ns3:hr>
            <ns3:cad>48</ns3:cad>
          </ns3:TrackPointExtension>
        </extensions>
      </trkpt>
      <trkpt lat="48.83613548241555690765380859375" lon="-3.5020934231579303741455078125">
        <ele>-5.599999904632568359375</ele>
        <time>2026-07-23T14:54:15.000Z</time>
        <extensions>
          <ns3:TrackPointExtension>
            <ns3:atemp>33.0</ns3:atemp>
            <ns3:hr>96</ns3:hr>
            <ns3:cad>49</ns3:cad>
          </ns3:TrackPointExtension>
        </extensions>
      </trkpt>
      <trkpt lat="48.83610782213509082794189453125" lon="-3.50211781449615955352783203125">
        <ele>-5.400000095367431640625</ele>
        <time>2026-07-23T14:54:18.000Z</time>
        <extensions>
          <ns3:TrackPointExtension>
            <ns3:atemp>33.0</ns3:atemp>
            <ns3:hr>98</ns3:hr>
            <ns3:cad>48</ns3:cad>
          </ns3:TrackPointExtension>
        </extensions>
      </trkpt>
      <trkpt lat="48.83609826676547527313232421875" lon="-3.502128124237060546875">
        <ele>-5.19999980926513671875</ele>
        <time>2026-07-23T14:54:19.000Z</time>
        <extensions>
          <ns3:TrackPointExtension>
            <ns3:atemp>33.0</ns3:atemp>
            <ns3:hr>98</ns3:hr>
            <ns3:cad>48</ns3:cad>
          </ns3:TrackPointExtension>
        </extensions>
      </trkpt>
      <trkpt lat="48.836027942597866058349609375" lon="-3.50227707065641880035400390625">
        <ele>-5.19999980926513671875</ele>
        <time>2026-07-23T14:54:31.000Z</time>
        <extensions>
          <ns3:TrackPointExtension>
            <ns3:atemp>33.0</ns3:atemp>
            <ns3:hr>98</ns3:hr>
            <ns3:cad>55</ns3:cad>
          </ns3:TrackPointExtension>
        </extensions>
      </trkpt>
      <trkpt lat="48.83594705723226070404052734375" lon="-3.502406068146228790283203125">
        <ele>-5.599999904632568359375</ele>
        <time>2026-07-23T14:54:42.000Z</time>
        <extensions>
          <ns3:TrackPointExtension>
            <ns3:atemp>33.0</ns3:atemp>
            <ns3:hr>98</ns3:hr>
            <ns3:cad>55</ns3:cad>
          </ns3:TrackPointExtension>
        </extensions>
      </trkpt>
      <trkpt lat="48.83587446995079517364501953125" lon="-3.50250220857560634613037109375">
        <ele>-6.19999980926513671875</ele>
        <time>2026-07-23T14:54:51.000Z</time>
        <extensions>
          <ns3:TrackPointExtension>
            <ns3:atemp>33.0</ns3:atemp>
            <ns3:hr>96</ns3:hr>
            <ns3:cad>54</ns3:cad>
          </ns3:TrackPointExtension>
        </extensions>
      </trkpt>
      <trkpt lat="48.83583985269069671630859375" lon="-3.5025534220039844512939453125">
        <ele>-6.599999904632568359375</ele>
        <time>2026-07-23T14:54:56.000Z</time>
        <extensions>
          <ns3:TrackPointExtension>
            <ns3:atemp>33.0</ns3:atemp>
            <ns3:hr>96</ns3:hr>
            <ns3:cad>53</ns3:cad>
          </ns3:TrackPointExtension>
        </extensions>
      </trkpt>
      <trkpt lat="48.8357783295214176177978515625" lon="-3.5026358999311923980712890625">
        <ele>-7</ele>
        <time>2026-07-23T14:55:04.000Z</time>
        <extensions>
          <ns3:TrackPointExtension>
            <ns3:atemp>33.0</ns3:atemp>
            <ns3:hr>93</ns3:hr>
            <ns3:cad>53</ns3:cad>
          </ns3:TrackPointExtension>
        </extensions>
      </trkpt>
      <trkpt lat="48.83577145636081695556640625" lon="-3.50264520384371280670166015625">
        <ele>-6.80000019073486328125</ele>
        <time>2026-07-23T14:55:05.000Z</time>
        <extensions>
          <ns3:TrackPointExtension>
            <ns3:atemp>33.0</ns3:atemp>
            <ns3:hr>93</ns3:hr>
            <ns3:cad>52</ns3:cad>
          </ns3:TrackPointExtension>
        </extensions>
      </trkpt>
      <trkpt lat="48.835718147456645965576171875" lon="-3.50269247777760028839111328125">
        <ele>-6.80000019073486328125</ele>
        <time>2026-07-23T14:55:12.000Z</time>
        <extensions>
          <ns3:TrackPointExtension>
            <ns3:atemp>33.0</ns3:atemp>
            <ns3:hr>90</ns3:hr>
            <ns3:cad>51</ns3:cad>
          </ns3:TrackPointExtension>
        </extensions>
      </trkpt>
      <trkpt lat="48.83570062927901744842529296875" lon="-3.50269499234855175018310546875">
        <ele>-7</ele>
        <time>2026-07-23T14:55:14.000Z</time>
        <extensions>
          <ns3:TrackPointExtension>
            <ns3:atemp>33.0</ns3:atemp>
            <ns3:hr>88</ns3:hr>
            <ns3:cad>51</ns3:cad>
          </ns3:TrackPointExtension>
        </extensions>
      </trkpt>
      <trkpt lat="48.83562393486499786376953125" lon="-3.5027408413589000701904296875">
        <ele>-7.400000095367431640625</ele>
        <time>2026-07-23T14:55:21.000Z</time>
        <extensions>
          <ns3:TrackPointExtension>
            <ns3:atemp>33.0</ns3:atemp>
            <ns3:hr>89</ns3:hr>
            <ns3:cad>53</ns3:cad>
          </ns3:TrackPointExtension>
        </extensions>
      </trkpt>
      <trkpt lat="48.835580013692378997802734375" lon="-3.50280898623168468475341796875">
        <ele>-7.599999904632568359375</ele>
        <time>2026-07-23T14:55:27.000Z</time>
        <extensions>
          <ns3:TrackPointExtension>
            <ns3:atemp>33.0</ns3:atemp>
            <ns3:hr>87</ns3:hr>
            <ns3:cad>52</ns3:cad>
          </ns3:TrackPointExtension>
        </extensions>
      </trkpt>
      <trkpt lat="48.83554891683161258697509765625" lon="-3.50286598317325115203857421875">
        <ele>-7.80000019073486328125</ele>
        <time>2026-07-23T14:55:32.000Z</time>
        <extensions>
          <ns3:TrackPointExtension>
            <ns3:atemp>33.0</ns3:atemp>
            <ns3:hr>88</ns3:hr>
            <ns3:cad>52</ns3:cad>
          </ns3:TrackPointExtension>
        </extensions>
      </trkpt>
      <trkpt lat="48.83551128208637237548828125" lon="-3.502946533262729644775390625">
        <ele>-8</ele>
        <time>2026-07-23T14:55:38.000Z</time>
        <extensions>
          <ns3:TrackPointExtension>
            <ns3:atemp>33.0</ns3:atemp>
            <ns3:hr>91</ns3:hr>
            <ns3:cad>53</ns3:cad>
          </ns3:TrackPointExtension>
        </extensions>
      </trkpt>
      <trkpt lat="48.83544883690774440765380859375" lon="-3.5030154325067996978759765625">
        <ele>-8.19999980926513671875</ele>
        <time>2026-07-23T14:55:45.000Z</time>
        <extensions>
          <ns3:TrackPointExtension>
            <ns3:atemp>33.0</ns3:atemp>
            <ns3:hr>91</ns3:hr>
            <ns3:cad>52</ns3:cad>
          </ns3:TrackPointExtension>
        </extensions>
      </trkpt>
      <trkpt lat="48.8353411294519901275634765625" lon="-3.50311316549777984619140625">
        <ele>-7.400000095367431640625</ele>
        <time>2026-07-23T14:55:56.000Z</time>
        <extensions>
          <ns3:TrackPointExtension>
            <ns3:atemp>33.0</ns3:atemp>
            <ns3:hr>91</ns3:hr>
            <ns3:cad>53</ns3:cad>
          </ns3:TrackPointExtension>
        </extensions>
      </trkpt>
      <trkpt lat="48.83530735038220882415771484375" lon="-3.50317209027707576751708984375">
        <ele>-7.400000095367431640625</ele>
        <time>2026-07-23T14:56:00.000Z</time>
        <extensions>
          <ns3:TrackPointExtension>
            <ns3:atemp>33.0</ns3:atemp>
            <ns3:hr>94</ns3:hr>
            <ns3:cad>54</ns3:cad>
          </ns3:TrackPointExtension>
        </extensions>
      </trkpt>
      <trkpt lat="48.83526711724698543548583984375" lon="-3.5032229684293270111083984375">
        <ele>-7.599999904632568359375</ele>
        <time>2026-07-23T14:56:05.000Z</time>
        <extensions>
          <ns3:TrackPointExtension>
            <ns3:atemp>33.0</ns3:atemp>
            <ns3:hr>95</ns3:hr>
            <ns3:cad>54</ns3:cad>
          </ns3:TrackPointExtension>
        </extensions>
      </trkpt>
      <trkpt lat="48.83522537536919116973876953125" lon="-3.50327468477189540863037109375">
        <ele>-7.599999904632568359375</ele>
        <time>2026-07-23T14:56:10.000Z</time>
        <extensions>
          <ns3:TrackPointExtension>
            <ns3:atemp>33.0</ns3:atemp>
            <ns3:hr>95</ns3:hr>
            <ns3:cad>53</ns3:cad>
          </ns3:TrackPointExtension>
        </extensions>
      </trkpt>
      <trkpt lat="48.83522470481693744659423828125" lon="-3.503278456628322601318359375">
        <ele>-7.599999904632568359375</ele>
        <time>2026-07-23T14:56:11.000Z</time>
        <extensions>
          <ns3:TrackPointExtension>
            <ns3:atemp>33.0</ns3:atemp>
            <ns3:hr>96</ns3:hr>
            <ns3:cad>53</ns3:cad>
          </ns3:TrackPointExtension>
        </extensions>
      </trkpt>
      <trkpt lat="48.83523157797753810882568359375" lon="-3.50327233783900737762451171875">
        <ele>-7.19999980926513671875</ele>
        <time>2026-07-23T14:56:18.000Z</time>
        <extensions>
          <ns3:TrackPointExtension>
            <ns3:atemp>33.0</ns3:atemp>
            <ns3:hr>98</ns3:hr>
            <ns3:cad>0</ns3:cad>
          </ns3:TrackPointExtension>
        </extensions>
      </trkpt>
      <trkpt lat="48.8352288119494915008544921875" lon="-3.50327099673449993133544921875">
        <ele>-7</ele>
        <time>2026-07-23T14:56:36.000Z</time>
        <extensions>
          <ns3:TrackPointExtension>
            <ns3:atemp>33.0</ns3:atemp>
            <ns3:hr>101</ns3:hr>
            <ns3:cad>0</ns3:cad>
          </ns3:TrackPointExtension>
        </extensions>
      </trkpt>
      <trkpt lat="48.83522604592144489288330078125" lon="-3.50327786989510059356689453125">
        <ele>-6.80000019073486328125</ele>
        <time>2026-07-23T14:56:44.000Z</time>
        <extensions>
          <ns3:TrackPointExtension>
            <ns3:atemp>33.0</ns3:atemp>
            <ns3:hr>98</ns3:hr>
            <ns3:cad>0</ns3:cad>
          </ns3:TrackPointExtension>
        </extensions>
      </trkpt>
      <trkpt lat="48.8351855613291263580322265625" lon="-3.50334911607205867767333984375">
        <ele>-6.80000019073486328125</ele>
        <time>2026-07-23T14:56:48.000Z</time>
        <extensions>
          <ns3:TrackPointExtension>
            <ns3:atemp>33.0</ns3:atemp>
            <ns3:hr>97</ns3:hr>
            <ns3:cad>48</ns3:cad>
          </ns3:TrackPointExtension>
        </extensions>
      </trkpt>
      <trkpt lat="48.83511959575116634368896484375" lon="-3.5034338571131229400634765625">
        <ele>-6.599999904632568359375</ele>
        <time>2026-07-23T14:56:54.000Z</time>
        <extensions>
          <ns3:TrackPointExtension>
            <ns3:atemp>33.0</ns3:atemp>
            <ns3:hr>94</ns3:hr>
            <ns3:cad>51</ns3:cad>
          </ns3:TrackPointExtension>
        </extensions>
      </trkpt>
      <trkpt lat="48.83510434068739414215087890625" lon="-3.5034536384046077728271484375">
        <ele>-6.400000095367431640625</ele>
        <time>2026-07-23T14:56:56.000Z</time>
        <extensions>
          <ns3:TrackPointExtension>
            <ns3:atemp>33.0</ns3:atemp>
            <ns3:hr>93</ns3:hr>
            <ns3:cad>53</ns3:cad>
          </ns3:TrackPointExtension>
        </extensions>
      </trkpt>
      <trkpt lat="48.83508439175784587860107421875" lon="-3.50347635336220264434814453125">
        <ele>-6.400000095367431640625</ele>
        <time>2026-07-23T14:56:58.000Z</time>
        <extensions>
          <ns3:TrackPointExtension>
            <ns3:atemp>33.0</ns3:atemp>
            <ns3:hr>92</ns3:hr>
            <ns3:cad>53</ns3:cad>
          </ns3:TrackPointExtension>
        </extensions>
      </trkpt>
      <trkpt lat="48.8350105471909046173095703125" lon="-3.50358800031244754791259765625">
        <ele>-6</ele>
        <time>2026-07-23T14:57:07.000Z</time>
        <extensions>
          <ns3:TrackPointExtension>
            <ns3:atemp>33.0</ns3:atemp>
            <ns3:hr>91</ns3:hr>
            <ns3:cad>55</ns3:cad>
          </ns3:TrackPointExtension>
        </extensions>
      </trkpt>
      <trkpt lat="48.8349299132823944091796875" lon="-3.50369294174015522003173828125">
        <ele>-5.599999904632568359375</ele>
        <time>2026-07-23T14:57:16.000Z</time>
        <extensions>
          <ns3:TrackPointExtension>
            <ns3:atemp>33.0</ns3:atemp>
            <ns3:hr>91</ns3:hr>
            <ns3:cad>55</ns3:cad>
          </ns3:TrackPointExtension>
        </extensions>
      </trkpt>
      <trkpt lat="48.834896720945835113525390625" lon="-3.50371062755584716796875">
        <ele>-5.400000095367431640625</ele>
        <time>2026-07-23T14:57:19.000Z</time>
        <extensions>
          <ns3:TrackPointExtension>
            <ns3:atemp>33.0</ns3:atemp>
            <ns3:hr>91</ns3:hr>
            <ns3:cad>53</ns3:cad>
          </ns3:TrackPointExtension>
        </extensions>
      </trkpt>
      <trkpt lat="48.83485908620059490203857421875" lon="-3.5037453286349773406982421875">
        <ele>-5.19999980926513671875</ele>
        <time>2026-07-23T14:57:23.000Z</time>
        <extensions>
          <ns3:TrackPointExtension>
            <ns3:atemp>33.0</ns3:atemp>
            <ns3:hr>94</ns3:hr>
            <ns3:cad>48</ns3:cad>
          </ns3:TrackPointExtension>
        </extensions>
      </trkpt>
      <trkpt lat="48.83485288359224796295166015625" lon="-3.5037573985755443572998046875">
        <ele>-5.19999980926513671875</ele>
        <time>2026-07-23T14:57:24.000Z</time>
        <extensions>
          <ns3:TrackPointExtension>
            <ns3:atemp>33.0</ns3:atemp>
            <ns3:hr>95</ns3:hr>
            <ns3:cad>47</ns3:cad>
          </ns3:TrackPointExtension>
        </extensions>
      </trkpt>
      <trkpt lat="48.834818936884403228759765625" lon="-3.50381548516452312469482421875">
        <ele>-5.19999980926513671875</ele>
        <time>2026-07-23T14:57:28.000Z</time>
        <extensions>
          <ns3:TrackPointExtension>
            <ns3:atemp>33.0</ns3:atemp>
            <ns3:hr>98</ns3:hr>
            <ns3:cad>53</ns3:cad>
          </ns3:TrackPointExtension>
        </extensions>
      </trkpt>
      <trkpt lat="48.8347718305885791778564453125" lon="-3.5038546286523342132568359375">
        <ele>-5.599999904632568359375</ele>
        <time>2026-07-23T14:57:33.000Z</time>
        <extensions>
          <ns3:TrackPointExtension>
            <ns3:atemp>34.0</ns3:atemp>
            <ns3:hr>100</ns3:hr>
            <ns3:cad>55</ns3:cad>
          </ns3:TrackPointExtension>
        </extensions>
      </trkpt>
      <trkpt lat="48.83469580672681331634521484375" lon="-3.50393350236117839813232421875">
        <ele>-5.80000019073486328125</ele>
        <time>2026-07-23T14:57:41.000Z</time>
        <extensions>
          <ns3:TrackPointExtension>
            <ns3:atemp>33.0</ns3:atemp>
            <ns3:hr>100</ns3:hr>
            <ns3:cad>55</ns3:cad>
          </ns3:TrackPointExtension>
        </extensions>
      </trkpt>
      <trkpt lat="48.8346353732049465179443359375" lon="-3.50405755452811717987060546875">
        <ele>-5.80000019073486328125</ele>
        <time>2026-07-23T14:57:50.000Z</time>
        <extensions>
          <ns3:TrackPointExtension>
            <ns3:atemp>34.0</ns3:atemp>
            <ns3:hr>101</ns3:hr>
            <ns3:cad>56</ns3:cad>
          </ns3:TrackPointExtension>
        </extensions>
      </trkpt>
      <trkpt lat="48.8346169330179691314697265625" lon="-3.50409376434981822967529296875">
        <ele>-5.400000095367431640625</ele>
        <time>2026-07-23T14:57:52.000Z</time>
        <extensions>
          <ns3:TrackPointExtension>
            <ns3:atemp>34.0</ns3:atemp>
            <ns3:hr>101</ns3:hr>
            <ns3:cad>57</ns3:cad>
          </ns3:TrackPointExtension>
        </extensions>
      </trkpt>
      <trkpt lat="48.834614418447017669677734375" lon="-3.504132069647312164306640625">
        <ele>-5.400000095367431640625</ele>
        <time>2026-07-23T14:57:54.000Z</time>
        <extensions>
          <ns3:TrackPointExtension>
            <ns3:atemp>34.0</ns3:atemp>
            <ns3:hr>97</ns3:hr>
            <ns3:cad>55</ns3:cad>
          </ns3:TrackPointExtension>
        </extensions>
      </trkpt>
      <trkpt lat="48.83462347090244293212890625" lon="-3.5041865520179271697998046875">
        <ele>-5.19999980926513671875</ele>
        <time>2026-07-23T14:57:57.000Z</time>
        <extensions>
          <ns3:TrackPointExtension>
            <ns3:atemp>34.0</ns3:atemp>
            <ns3:hr>99</ns3:hr>
            <ns3:cad>55</ns3:cad>
          </ns3:TrackPointExtension>
        </extensions>
      </trkpt>
      <trkpt lat="48.8346196152269840240478515625" lon="-3.50421429611742496490478515625">
        <ele>-5.19999980926513671875</ele>
        <time>2026-07-23T14:57:59.000Z</time>
        <extensions>
          <ns3:TrackPointExtension>
            <ns3:atemp>34.0</ns3:atemp>
            <ns3:hr>99</ns3:hr>
            <ns3:cad>55</ns3:cad>
          </ns3:TrackPointExtension>
        </extensions>
      </trkpt>
      <trkpt lat="48.834558427333831787109375" lon="-3.5043099336326122283935546875">
        <ele>-4.80000019073486328125</ele>
        <time>2026-07-23T14:58:07.000Z</time>
        <extensions>
          <ns3:TrackPointExtension>
            <ns3:atemp>34.0</ns3:atemp>
            <ns3:hr>101</ns3:hr>
            <ns3:cad>55</ns3:cad>
          </ns3:TrackPointExtension>
        </extensions>
      </trkpt>
      <trkpt lat="48.83454426191747188568115234375" lon="-3.504319489002227783203125">
        <ele>-5</ele>
        <time>2026-07-23T14:58:09.000Z</time>
        <extensions>
          <ns3:TrackPointExtension>
            <ns3:atemp>34.0</ns3:atemp>
            <ns3:hr>101</ns3:hr>
            <ns3:cad>56</ns3:cad>
          </ns3:TrackPointExtension>
        </extensions>
      </trkpt>
      <trkpt lat="48.83450411260128021240234375" lon="-3.50431001745164394378662109375">
        <ele>-5.19999980926513671875</ele>
        <time>2026-07-23T14:58:13.000Z</time>
        <extensions>
          <ns3:TrackPointExtension>
            <ns3:atemp>34.0</ns3:atemp>
            <ns3:hr>103</ns3:hr>
            <ns3:cad>56</ns3:cad>
          </ns3:TrackPointExtension>
        </extensions>
      </trkpt>
      <trkpt lat="48.8345056213438510894775390625" lon="-3.504316806793212890625">
        <ele>-4.599999904632568359375</ele>
        <time>2026-07-23T14:58:19.000Z</time>
        <extensions>
          <ns3:TrackPointExtension>
            <ns3:atemp>34.0</ns3:atemp>
            <ns3:hr>107</ns3:hr>
            <ns3:cad>0</ns3:cad>
          </ns3:TrackPointExtension>
        </extensions>
      </trkpt>
      <trkpt lat="48.83450570516288280487060546875" lon="-3.50431756116449832916259765625">
        <ele>-4.400000095367431640625</ele>
        <time>2026-07-23T14:58:20.000Z</time>
        <extensions>
          <ns3:TrackPointExtension>
            <ns3:atemp>34.0</ns3:atemp>
            <ns3:hr>106</ns3:hr>
            <ns3:cad>0</ns3:cad>
          </ns3:TrackPointExtension>
        </extensions>
      </trkpt>
      <trkpt lat="48.8345088064670562744140625" lon="-3.504317812621593475341796875">
        <ele>-4</ele>
        <time>2026-07-23T14:58:24.000Z</time>
        <extensions>
          <ns3:TrackPointExtension>
            <ns3:atemp>34.0</ns3:atemp>
            <ns3:hr>103</ns3:hr>
            <ns3:cad>0</ns3:cad>
          </ns3:TrackPointExtension>
        </extensions>
      </trkpt>
      <trkpt lat="48.8345099799335002899169921875" lon="-3.50431638769805431365966796875">
        <ele>-4</ele>
        <time>2026-07-23T14:58:26.000Z</time>
        <extensions>
          <ns3:TrackPointExtension>
            <ns3:atemp>34.0</ns3:atemp>
            <ns3:hr>99</ns3:hr>
            <ns3:cad>0</ns3:cad>
          </ns3:TrackPointExtension>
        </extensions>
      </trkpt>
      <trkpt lat="48.8345099799335002899169921875" lon="-3.50431638769805431365966796875">
        <ele>-4</ele>
        <time>2026-07-23T14:58:28.000Z</time>
        <extensions>
          <ns3:TrackPointExtension>
            <ns3:atemp>34.0</ns3:atemp>
            <ns3:hr>96</ns3:hr>
            <ns3:cad>0</ns3:cad>
          </ns3:TrackPointExtension>
        </extensions>
      </trkpt>
      <trkpt lat="48.8345099799335002899169921875" lon="-3.50431638769805431365966796875">
        <ele>-4</ele>
        <time>2026-07-23T14:58:34.000Z</time>
        <extensions>
          <ns3:TrackPointExtension>
            <ns3:atemp>34.0</ns3:atemp>
            <ns3:hr>93</ns3:hr>
            <ns3:cad>0</ns3:cad>
          </ns3:TrackPointExtension>
        </extensions>
      </trkpt>
      <trkpt lat="48.83451282978057861328125" lon="-3.504316806793212890625">
        <ele>-3.7999999523162841796875</ele>
        <time>2026-07-23T14:58:44.000Z</time>
        <extensions>
          <ns3:TrackPointExtension>
            <ns3:atemp>34.0</ns3:atemp>
            <ns3:hr>96</ns3:hr>
            <ns3:cad>0</ns3:cad>
          </ns3:TrackPointExtension>
        </extensions>
      </trkpt>
      <trkpt lat="48.83448558859527111053466796875" lon="-3.50433088839054107666015625">
        <ele>-3.400000095367431640625</ele>
        <time>2026-07-23T14:58:50.000Z</time>
        <extensions>
          <ns3:TrackPointExtension>
            <ns3:atemp>34.0</ns3:atemp>
            <ns3:hr>95</ns3:hr>
            <ns3:cad>0</ns3:cad>
          </ns3:TrackPointExtension>
        </extensions>
      </trkpt>
      <trkpt lat="48.8344710879027843475341796875" lon="-3.504337258636951446533203125">
        <ele>-3.2000000476837158203125</ele>
        <time>2026-07-23T14:58:51.000Z</time>
        <extensions>
          <ns3:TrackPointExtension>
            <ns3:atemp>34.0</ns3:atemp>
            <ns3:hr>98</ns3:hr>
            <ns3:cad>0</ns3:cad>
          </ns3:TrackPointExtension>
        </extensions>
      </trkpt>
      <trkpt lat="48.83445021696388721466064453125" lon="-3.50433918647468090057373046875">
        <ele>-3.2000000476837158203125</ele>
        <time>2026-07-23T14:58:52.000Z</time>
        <extensions>
          <ns3:TrackPointExtension>
            <ns3:atemp>34.0</ns3:atemp>
            <ns3:hr>95</ns3:hr>
            <ns3:cad>48</ns3:cad>
          </ns3:TrackPointExtension>
        </extensions>
      </trkpt>
      <trkpt lat="48.8343611173331737518310546875" lon="-3.5043852031230926513671875">
        <ele>-2.7999999523162841796875</ele>
        <time>2026-07-23T14:58:59.000Z</time>
        <extensions>
          <ns3:TrackPointExtension>
            <ns3:atemp>34.0</ns3:atemp>
            <ns3:hr>93</ns3:hr>
            <ns3:cad>53</ns3:cad>
          </ns3:TrackPointExtension>
        </extensions>
      </trkpt>
      <trkpt lat="48.83435726165771484375" lon="-3.50438042543828487396240234375">
        <ele>-2.599999904632568359375</ele>
        <time>2026-07-23T14:59:00.000Z</time>
        <extensions>
          <ns3:TrackPointExtension>
            <ns3:atemp>34.0</ns3:atemp>
            <ns3:hr>95</ns3:hr>
            <ns3:cad>0</ns3:cad>
          </ns3:TrackPointExtension>
        </extensions>
      </trkpt>
      <trkpt lat="48.8343478739261627197265625" lon="-3.50438897497951984405517578125">
        <ele>-2.599999904632568359375</ele>
        <time>2026-07-23T14:59:02.000Z</time>
        <extensions>
          <ns3:TrackPointExtension>
            <ns3:atemp>34.0</ns3:atemp>
            <ns3:hr>96</ns3:hr>
            <ns3:cad>0</ns3:cad>
          </ns3:TrackPointExtension>
        </extensions>
      </trkpt>
      <trkpt lat="48.8343182019889354705810546875" lon="-3.50441546179354190826416015625">
        <ele>-2.599999904632568359375</ele>
        <time>2026-07-23T14:59:05.000Z</time>
        <extensions>
          <ns3:TrackPointExtension>
            <ns3:atemp>34.0</ns3:atemp>
            <ns3:hr>93</ns3:hr>
            <ns3:cad>51</ns3:cad>
          </ns3:TrackPointExtension>
        </extensions>
      </trkpt>
      <trkpt lat="48.834272436797618865966796875" lon="-3.50443440489470958709716796875">
        <ele>-2.599999904632568359375</ele>
        <time>2026-07-23T14:59:10.000Z</time>
        <extensions>
          <ns3:TrackPointExtension>
            <ns3:atemp>34.0</ns3:atemp>
            <ns3:hr>95</ns3:hr>
            <ns3:cad>56</ns3:cad>
          </ns3:TrackPointExtension>
        </extensions>
      </trkpt>
      <trkpt lat="48.8341928087174892425537109375" lon="-3.5044463910162448883056640625">
        <ele>-2.400000095367431640625</ele>
        <time>2026-07-23T14:59:16.000Z</time>
        <extensions>
          <ns3:TrackPointExtension>
            <ns3:atemp>33.0</ns3:atemp>
            <ns3:hr>98</ns3:hr>
            <ns3:cad>55</ns3:cad>
          </ns3:TrackPointExtension>
        </extensions>
      </trkpt>
      <trkpt lat="48.8341788947582244873046875" lon="-3.50444546900689601898193359375">
        <ele>-2.2000000476837158203125</ele>
        <time>2026-07-23T14:59:17.000Z</time>
        <extensions>
          <ns3:TrackPointExtension>
            <ns3:atemp>34.0</ns3:atemp>
            <ns3:hr>98</ns3:hr>
            <ns3:cad>55</ns3:cad>
          </ns3:TrackPointExtension>
        </extensions>
      </trkpt>
      <trkpt lat="48.83416841737926006317138671875" lon="-3.50444764830172061920166015625">
        <ele>-2.2000000476837158203125</ele>
        <time>2026-07-23T14:59:18.000Z</time>
        <extensions>
          <ns3:TrackPointExtension>
            <ns3:atemp>33.0</ns3:atemp>
            <ns3:hr>98</ns3:hr>
            <ns3:cad>56</ns3:cad>
          </ns3:TrackPointExtension>
        </extensions>
      </trkpt>
      <trkpt lat="48.83414712734520435333251953125" lon="-3.50445737130939960479736328125">
        <ele>-2</ele>
        <time>2026-07-23T14:59:20.000Z</time>
        <extensions>
          <ns3:TrackPointExtension>
            <ns3:atemp>33.0</ns3:atemp>
            <ns3:hr>101</ns3:hr>
            <ns3:cad>57</ns3:cad>
          </ns3:TrackPointExtension>
        </extensions>
      </trkpt>
      <trkpt lat="48.83410857059061527252197265625" lon="-3.50446441210806369781494140625">
        <ele>-1.7999999523162841796875</ele>
        <time>2026-07-23T14:59:23.000Z</time>
        <extensions>
          <ns3:TrackPointExtension>
            <ns3:atemp>33.0</ns3:atemp>
            <ns3:hr>104</ns3:hr>
            <ns3:cad>57</ns3:cad>
          </ns3:TrackPointExtension>
        </extensions>
      </trkpt>
      <trkpt lat="48.83408945985138416290283203125" lon="-3.5044772364199161529541015625">
        <ele>-1.60000002384185791015625</ele>
        <time>2026-07-23T14:59:25.000Z</time>
        <extensions>
          <ns3:TrackPointExtension>
            <ns3:atemp>33.0</ns3:atemp>
            <ns3:hr>103</ns3:hr>
            <ns3:cad>56</ns3:cad>
          </ns3:TrackPointExtension>
        </extensions>
      </trkpt>
      <trkpt lat="48.8340697623789310455322265625" lon="-3.504492156207561492919921875">
        <ele>-1.2000000476837158203125</ele>
        <time>2026-07-23T14:59:27.000Z</time>
        <extensions>
          <ns3:TrackPointExtension>
            <ns3:atemp>33.0</ns3:atemp>
            <ns3:hr>105</ns3:hr>
            <ns3:cad>56</ns3:cad>
          </ns3:TrackPointExtension>
        </extensions>
      </trkpt>
      <trkpt lat="48.834055848419666290283203125" lon="-3.5044996999204158782958984375">
        <ele>-1.2000000476837158203125</ele>
        <time>2026-07-23T14:59:28.000Z</time>
        <extensions>
          <ns3:TrackPointExtension>
            <ns3:atemp>33.0</ns3:atemp>
            <ns3:hr>106</ns3:hr>
            <ns3:cad>54</ns3:cad>
          </ns3:TrackPointExtension>
        </extensions>
      </trkpt>
      <trkpt lat="48.83403472602367401123046875" lon="-3.50450112484395503997802734375">
        <ele>-0.800000011920928955078125</ele>
        <time>2026-07-23T14:59:30.000Z</time>
        <extensions>
          <ns3:TrackPointExtension>
            <ns3:atemp>33.0</ns3:atemp>
            <ns3:hr>107</ns3:hr>
            <ns3:cad>53</ns3:cad>
          </ns3:TrackPointExtension>
        </extensions>
      </trkpt>
      <trkpt lat="48.8340245001018047332763671875" lon="-3.50449944846332073211669921875">
        <ele>-0.60000002384185791015625</ele>
        <time>2026-07-23T14:59:31.000Z</time>
        <extensions>
          <ns3:TrackPointExtension>
            <ns3:atemp>33.0</ns3:atemp>
            <ns3:hr>108</ns3:hr>
            <ns3:cad>52</ns3:cad>
          </ns3:TrackPointExtension>
        </extensions>
      </trkpt>
      <trkpt lat="48.83401653729379177093505859375" lon="-3.5044983588159084320068359375">
        <ele>-0.4000000059604644775390625</ele>
        <time>2026-07-23T14:59:32.000Z</time>
        <extensions>
          <ns3:TrackPointExtension>
            <ns3:atemp>33.0</ns3:atemp>
            <ns3:hr>108</ns3:hr>
            <ns3:cad>52</ns3:cad>
          </ns3:TrackPointExtension>
        </extensions>
      </trkpt>
      <trkpt lat="48.8340040482580661773681640625" lon="-3.50451386533677577972412109375">
        <ele>-0.20000000298023223876953125</ele>
        <time>2026-07-23T14:59:34.000Z</time>
        <extensions>
          <ns3:TrackPointExtension>
            <ns3:atemp>33.0</ns3:atemp>
            <ns3:hr>109</ns3:hr>
            <ns3:cad>54</ns3:cad>
          </ns3:TrackPointExtension>
        </extensions>
      </trkpt>
      <trkpt lat="48.8339966721832752227783203125" lon="-3.5045184753835201263427734375">
        <ele>0</ele>
        <time>2026-07-23T14:59:35.000Z</time>
        <extensions>
          <ns3:TrackPointExtension>
            <ns3:atemp>33.0</ns3:atemp>
            <ns3:hr>109</ns3:hr>
            <ns3:cad>52</ns3:cad>
          </ns3:TrackPointExtension>
        </extensions>
      </trkpt>
      <trkpt lat="48.833987452089786529541015625" lon="-3.504526354372501373291015625">
        <ele>0.20000000298023223876953125</ele>
        <time>2026-07-23T14:59:36.000Z</time>
        <extensions>
          <ns3:TrackPointExtension>
            <ns3:atemp>33.0</ns3:atemp>
            <ns3:hr>109</ns3:hr>
            <ns3:cad>54</ns3:cad>
          </ns3:TrackPointExtension>
        </extensions>
      </trkpt>
      <trkpt lat="48.83388712070882320404052734375" lon="-3.5045245103538036346435546875">
        <ele>0.60000002384185791015625</ele>
        <time>2026-07-23T14:59:43.000Z</time>
        <extensions>
          <ns3:TrackPointExtension>
            <ns3:atemp>33.0</ns3:atemp>
            <ns3:hr>111</ns3:hr>
            <ns3:cad>54</ns3:cad>
          </ns3:TrackPointExtension>
        </extensions>
      </trkpt>
      <trkpt lat="48.83387773297727108001708984375" lon="-3.5045338980853557586669921875">
        <ele>0.800000011920928955078125</ele>
        <time>2026-07-23T14:59:44.000Z</time>
        <extensions>
          <ns3:TrackPointExtension>
            <ns3:atemp>33.0</ns3:atemp>
            <ns3:hr>111</ns3:hr>
            <ns3:cad>54</ns3:cad>
          </ns3:TrackPointExtension>
        </extensions>
      </trkpt>
      <trkpt lat="48.8338516652584075927734375" lon="-3.50455175153911113739013671875">
        <ele>1</ele>
        <time>2026-07-23T14:59:47.000Z</time>
        <extensions>
          <ns3:TrackPointExtension>
            <ns3:atemp>33.0</ns3:atemp>
            <ns3:hr>112</ns3:hr>
            <ns3:cad>55</ns3:cad>
          </ns3:TrackPointExtension>
        </extensions>
      </trkpt>
      <trkpt lat="48.8337914831936359405517578125" lon="-3.50458226166665554046630859375">
        <ele>1.2000000476837158203125</ele>
        <time>2026-07-23T14:59:53.000Z</time>
        <extensions>
          <ns3:TrackPointExtension>
            <ns3:atemp>33.0</ns3:atemp>
            <ns3:hr>112</ns3:hr>
            <ns3:cad>53</ns3:cad>
          </ns3:TrackPointExtension>
        </extensions>
      </trkpt>
      <trkpt lat="48.833787627518177032470703125" lon="-3.504602126777172088623046875">
        <ele>1.2000000476837158203125</ele>
        <time>2026-07-23T14:59:54.000Z</time>
        <extensions>
          <ns3:TrackPointExtension>
            <ns3:atemp>33.0</ns3:atemp>
            <ns3:hr>115</ns3:hr>
            <ns3:cad>54</ns3:cad>
          </ns3:TrackPointExtension>
        </extensions>
      </trkpt>
      <trkpt lat="48.83378528058528900146484375" lon="-3.504619561135768890380859375">
        <ele>1.2000000476837158203125</ele>
        <time>2026-07-23T14:59:55.000Z</time>
        <extensions>
          <ns3:TrackPointExtension>
            <ns3:atemp>33.0</ns3:atemp>
            <ns3:hr>112</ns3:hr>
            <ns3:cad>55</ns3:cad>
          </ns3:TrackPointExtension>
        </extensions>
      </trkpt>
      <trkpt lat="48.83376809768378734588623046875" lon="-3.50477253086864948272705078125">
        <ele>2</ele>
        <time>2026-07-23T15:00:03.000Z</time>
        <extensions>
          <ns3:TrackPointExtension>
            <ns3:atemp>33.0</ns3:atemp>
            <ns3:hr>113</ns3:hr>
            <ns3:cad>55</ns3:cad>
          </ns3:TrackPointExtension>
        </extensions>
      </trkpt>
      <trkpt lat="48.8337351568043231964111328125" lon="-3.504816703498363494873046875">
        <ele>2.400000095367431640625</ele>
        <time>2026-07-23T15:00:07.000Z</time>
        <extensions>
          <ns3:TrackPointExtension>
            <ns3:atemp>33.0</ns3:atemp>
            <ns3:hr>110</ns3:hr>
            <ns3:cad>54</ns3:cad>
          </ns3:TrackPointExtension>
        </extensions>
      </trkpt>
      <trkpt lat="48.83373155258595943450927734375" lon="-3.5048255883157253265380859375">
        <ele>2.599999904632568359375</ele>
        <time>2026-07-23T15:00:09.000Z</time>
        <extensions>
          <ns3:TrackPointExtension>
            <ns3:atemp>33.0</ns3:atemp>
            <ns3:hr>111</ns3:hr>
            <ns3:cad>0</ns3:cad>
          </ns3:TrackPointExtension>
        </extensions>
      </trkpt>
      <trkpt lat="48.833678662776947021484375" lon="-3.50485350005328655242919921875">
        <ele>2.7999999523162841796875</ele>
        <time>2026-07-23T15:00:16.000Z</time>
        <extensions>
          <ns3:TrackPointExtension>
            <ns3:atemp>33.0</ns3:atemp>
            <ns3:hr>109</ns3:hr>
            <ns3:cad>54</ns3:cad>
          </ns3:TrackPointExtension>
        </extensions>
      </trkpt>
      <trkpt lat="48.8336409442126750946044921875" lon="-3.50486255250871181488037109375">
        <ele>2.7999999523162841796875</ele>
        <time>2026-07-23T15:00:22.000Z</time>
        <extensions>
          <ns3:TrackPointExtension>
            <ns3:atemp>33.0</ns3:atemp>
            <ns3:hr>107</ns3:hr>
            <ns3:cad>53</ns3:cad>
          </ns3:TrackPointExtension>
        </extensions>
      </trkpt>
      <trkpt lat="48.833619654178619384765625" lon="-3.50486724637448787689208984375">
        <ele>3</ele>
        <time>2026-07-23T15:00:26.000Z</time>
        <extensions>
          <ns3:TrackPointExtension>
            <ns3:atemp>33.0</ns3:atemp>
            <ns3:hr>107</ns3:hr>
            <ns3:cad>0</ns3:cad>
          </ns3:TrackPointExtension>
        </extensions>
      </trkpt>
      <trkpt lat="48.83361454121768474578857421875" lon="-3.5048758797347545623779296875">
        <ele>3.2000000476837158203125</ele>
        <time>2026-07-23T15:00:27.000Z</time>
        <extensions>
          <ns3:TrackPointExtension>
            <ns3:atemp>33.0</ns3:atemp>
            <ns3:hr>108</ns3:hr>
            <ns3:cad>0</ns3:cad>
          </ns3:TrackPointExtension>
        </extensions>
      </trkpt>
      <trkpt lat="48.833600543439388275146484375" lon="-3.5049000196158885955810546875">
        <ele>3.2000000476837158203125</ele>
        <time>2026-07-23T15:00:29.000Z</time>
        <extensions>
          <ns3:TrackPointExtension>
            <ns3:atemp>33.0</ns3:atemp>
            <ns3:hr>108</ns3:hr>
            <ns3:cad>0</ns3:cad>
          </ns3:TrackPointExtension>
        </extensions>
      </trkpt>
      <trkpt lat="48.83359258063137531280517578125" lon="-3.50491116754710674285888671875">
        <ele>3.2000000476837158203125</ele>
        <time>2026-07-23T15:00:30.000Z</time>
        <extensions>
          <ns3:TrackPointExtension>
            <ns3:atemp>33.0</ns3:atemp>
            <ns3:hr>108</ns3:hr>
            <ns3:cad>0</ns3:cad>
          </ns3:TrackPointExtension>
        </extensions>
      </trkpt>
      <trkpt lat="48.83358503691852092742919921875" lon="-3.50494318641722202301025390625">
        <ele>3.2000000476837158203125</ele>
        <time>2026-07-23T15:00:32.000Z</time>
        <extensions>
          <ns3:TrackPointExtension>
            <ns3:atemp>33.0</ns3:atemp>
            <ns3:hr>108</ns3:hr>
            <ns3:cad>0</ns3:cad>
          </ns3:TrackPointExtension>
        </extensions>
      </trkpt>
      <trkpt lat="48.83359040133655071258544921875" lon="-3.50498191080987453460693359375">
        <ele>3</ele>
        <time>2026-07-23T15:00:34.000Z</time>
        <extensions>
          <ns3:TrackPointExtension>
            <ns3:atemp>33.0</ns3:atemp>
            <ns3:hr>106</ns3:hr>
            <ns3:cad>53</ns3:cad>
          </ns3:TrackPointExtension>
        </extensions>
      </trkpt>
      <trkpt lat="48.83365108631551265716552734375" lon="-3.505100347101688385009765625">
        <ele>2.7999999523162841796875</ele>
        <time>2026-07-23T15:00:41.000Z</time>
        <extensions>
          <ns3:TrackPointExtension>
            <ns3:atemp>33.0</ns3:atemp>
            <ns3:hr>104</ns3:hr>
            <ns3:cad>52</ns3:cad>
          </ns3:TrackPointExtension>
        </extensions>
      </trkpt>
      <trkpt lat="48.83368193171918392181396484375" lon="-3.5051595233380794525146484375">
        <ele>2.7999999523162841796875</ele>
        <time>2026-07-23T15:00:45.000Z</time>
        <extensions>
          <ns3:TrackPointExtension>
            <ns3:atemp>33.0</ns3:atemp>
            <ns3:hr>101</ns3:hr>
            <ns3:cad>55</ns3:cad>
          </ns3:TrackPointExtension>
        </extensions>
      </trkpt>
      <trkpt lat="48.8336955942213535308837890625" lon="-3.5051846690475940704345703125">
        <ele>2.7999999523162841796875</ele>
        <time>2026-07-23T15:00:47.000Z</time>
        <extensions>
          <ns3:TrackPointExtension>
            <ns3:atemp>32.0</ns3:atemp>
            <ns3:hr>98</ns3:hr>
            <ns3:cad>54</ns3:cad>
          </ns3:TrackPointExtension>
        </extensions>
      </trkpt>
      <trkpt lat="48.8337063230574131011962890625" lon="-3.5051943920552730560302734375">
        <ele>2.7999999523162841796875</ele>
        <time>2026-07-23T15:00:48.000Z</time>
        <extensions>
          <ns3:TrackPointExtension>
            <ns3:atemp>32.0</ns3:atemp>
            <ns3:hr>95</ns3:hr>
            <ns3:cad>55</ns3:cad>
          </ns3:TrackPointExtension>
        </extensions>
      </trkpt>
      <trkpt lat="48.8337237574160099029541015625" lon="-3.5052265785634517669677734375">
        <ele>2.7999999523162841796875</ele>
        <time>2026-07-23T15:00:51.000Z</time>
        <extensions>
          <ns3:TrackPointExtension>
            <ns3:atemp>33.0</ns3:atemp>
            <ns3:hr>92</ns3:hr>
            <ns3:cad>55</ns3:cad>
          </ns3:TrackPointExtension>
        </extensions>
      </trkpt>
      <trkpt lat="48.833725936710834503173828125" lon="-3.50523588247597217559814453125">
        <ele>2.7999999523162841796875</ele>
        <time>2026-07-23T15:00:52.000Z</time>
        <extensions>
          <ns3:TrackPointExtension>
            <ns3:atemp>32.0</ns3:atemp>
            <ns3:hr>92</ns3:hr>
            <ns3:cad>55</ns3:cad>
          </ns3:TrackPointExtension>
        </extensions>
      </trkpt>
      <trkpt lat="48.8337388448417186737060546875" lon="-3.505249880254268646240234375">
        <ele>2.7999999523162841796875</ele>
        <time>2026-07-23T15:00:54.000Z</time>
        <extensions>
          <ns3:TrackPointExtension>
            <ns3:atemp>33.0</ns3:atemp>
            <ns3:hr>92</ns3:hr>
            <ns3:cad>55</ns3:cad>
          </ns3:TrackPointExtension>
        </extensions>
      </trkpt>
      <trkpt lat="48.833783604204654693603515625" lon="-3.50535976700484752655029296875">
        <ele>2</ele>
        <time>2026-07-23T15:01:03.000Z</time>
        <extensions>
          <ns3:TrackPointExtension>
            <ns3:atemp>32.0</ns3:atemp>
            <ns3:hr>90</ns3:hr>
            <ns3:cad>54</ns3:cad>
          </ns3:TrackPointExtension>
        </extensions>
      </trkpt>
      <trkpt lat="48.8337904773652553558349609375" lon="-3.50536982528865337371826171875">
        <ele>2</ele>
        <time>2026-07-23T15:01:04.000Z</time>
        <extensions>
          <ns3:TrackPointExtension>
            <ns3:atemp>32.0</ns3:atemp>
            <ns3:hr>90</ns3:hr>
            <ns3:cad>54</ns3:cad>
          </ns3:TrackPointExtension>
        </extensions>
      </trkpt>
      <trkpt lat="48.83384319953620433807373046875" lon="-3.50548080168664455413818359375">
        <ele>2</ele>
        <time>2026-07-23T15:01:12.000Z</time>
        <extensions>
          <ns3:TrackPointExtension>
            <ns3:atemp>32.0</ns3:atemp>
            <ns3:hr>93</ns3:hr>
            <ns3:cad>56</ns3:cad>
          </ns3:TrackPointExtension>
        </extensions>
      </trkpt>
      <trkpt lat="48.83385074324905872344970703125" lon="-3.50548951886594295501708984375">
        <ele>2</ele>
        <time>2026-07-23T15:01:13.000Z</time>
        <extensions>
          <ns3:TrackPointExtension>
            <ns3:atemp>32.0</ns3:atemp>
            <ns3:hr>90</ns3:hr>
            <ns3:cad>57</ns3:cad>
          </ns3:TrackPointExtension>
        </extensions>
      </trkpt>
      <trkpt lat="48.83386231027543544769287109375" lon="-3.5055108927190303802490234375">
        <ele>1.7999999523162841796875</ele>
        <time>2026-07-23T15:01:15.000Z</time>
        <extensions>
          <ns3:TrackPointExtension>
            <ns3:atemp>32.0</ns3:atemp>
            <ns3:hr>89</ns3:hr>
            <ns3:cad>56</ns3:cad>
          </ns3:TrackPointExtension>
        </extensions>
      </trkpt>
      <trkpt lat="48.83392265997827053070068359375" lon="-3.5056118108332157135009765625">
        <ele>1.39999997615814208984375</ele>
        <time>2026-07-23T15:01:24.000Z</time>
        <extensions>
          <ns3:TrackPointExtension>
            <ns3:atemp>32.0</ns3:atemp>
            <ns3:hr>89</ns3:hr>
            <ns3:cad>55</ns3:cad>
          </ns3:TrackPointExtension>
        </extensions>
      </trkpt>
      <trkpt lat="48.8339455425739288330078125" lon="-3.5056342743337154388427734375">
        <ele>1.2000000476837158203125</ele>
        <time>2026-07-23T15:01:26.000Z</time>
        <extensions>
          <ns3:TrackPointExtension>
            <ns3:atemp>33.0</ns3:atemp>
            <ns3:hr>89</ns3:hr>
            <ns3:cad>58</ns3:cad>
          </ns3:TrackPointExtension>
        </extensions>
      </trkpt>
      <trkpt lat="48.8339725323021411895751953125" lon="-3.5056983120739459991455078125">
        <ele>1</ele>
        <time>2026-07-23T15:01:30.000Z</time>
        <extensions>
          <ns3:TrackPointExtension>
            <ns3:atemp>33.0</ns3:atemp>
            <ns3:hr>89</ns3:hr>
            <ns3:cad>58</ns3:cad>
          </ns3:TrackPointExtension>
        </extensions>
      </trkpt>
      <trkpt lat="48.8339896313846111297607421875" lon="-3.50573410280048847198486328125">
        <ele>0.800000011920928955078125</ele>
        <time>2026-07-23T15:01:33.000Z</time>
        <extensions>
          <ns3:TrackPointExtension>
            <ns3:atemp>33.0</ns3:atemp>
            <ns3:hr>89</ns3:hr>
            <ns3:cad>54</ns3:cad>
          </ns3:TrackPointExtension>
        </extensions>
      </trkpt>
      <trkpt lat="48.83400077931582927703857421875" lon="-3.50573904812335968017578125">
        <ele>0.800000011920928955078125</ele>
        <time>2026-07-23T15:01:34.000Z</time>
        <extensions>
          <ns3:TrackPointExtension>
            <ns3:atemp>33.0</ns3:atemp>
            <ns3:hr>89</ns3:hr>
            <ns3:cad>55</ns3:cad>
          </ns3:TrackPointExtension>
        </extensions>
      </trkpt>
      <trkpt lat="48.83401821367442607879638671875" lon="-3.50575237534940242767333984375">
        <ele>0.60000002384185791015625</ele>
        <time>2026-07-23T15:01:41.000Z</time>
        <extensions>
          <ns3:TrackPointExtension>
            <ns3:atemp>33.0</ns3:atemp>
            <ns3:hr>89</ns3:hr>
            <ns3:cad>0</ns3:cad>
          </ns3:TrackPointExtension>
        </extensions>
      </trkpt>
      <trkpt lat="48.83406448177993297576904296875" lon="-3.50581389851868152618408203125">
        <ele>0.60000002384185791015625</ele>
        <time>2026-07-23T15:01:48.000Z</time>
        <extensions>
          <ns3:TrackPointExtension>
            <ns3:atemp>33.0</ns3:atemp>
            <ns3:hr>89</ns3:hr>
            <ns3:cad>55</ns3:cad>
          </ns3:TrackPointExtension>
        </extensions>
      </trkpt>
      <trkpt lat="48.83413203991949558258056640625" lon="-3.50592202506959438323974609375">
        <ele>0.20000000298023223876953125</ele>
        <time>2026-07-23T15:01:57.000Z</time>
        <extensions>
          <ns3:TrackPointExtension>
            <ns3:atemp>33.0</ns3:atemp>
            <ns3:hr>89</ns3:hr>
            <ns3:cad>55</ns3:cad>
          </ns3:TrackPointExtension>
        </extensions>
      </trkpt>
      <trkpt lat="48.83414335548877716064453125" lon="-3.50595119409263134002685546875">
        <ele>0</ele>
        <time>2026-07-23T15:01:59.000Z</time>
        <extensions>
          <ns3:TrackPointExtension>
            <ns3:atemp>33.0</ns3:atemp>
            <ns3:hr>89</ns3:hr>
            <ns3:cad>54</ns3:cad>
          </ns3:TrackPointExtension>
        </extensions>
      </trkpt>
      <trkpt lat="48.83419490419328212738037109375" lon="-3.50605932064354419708251953125">
        <ele>-0.20000000298023223876953125</ele>
        <time>2026-07-23T15:02:07.000Z</time>
        <extensions>
          <ns3:TrackPointExtension>
            <ns3:atemp>33.0</ns3:atemp>
            <ns3:hr>92</ns3:hr>
            <ns3:cad>52</ns3:cad>
          </ns3:TrackPointExtension>
        </extensions>
      </trkpt>
      <trkpt lat="48.8342028670012950897216796875" lon="-3.50607072003185749053955078125">
        <ele>-0.4000000059604644775390625</ele>
        <time>2026-07-23T15:02:08.000Z</time>
        <extensions>
          <ns3:TrackPointExtension>
            <ns3:atemp>33.0</ns3:atemp>
            <ns3:hr>93</ns3:hr>
            <ns3:cad>52</ns3:cad>
          </ns3:TrackPointExtension>
        </extensions>
      </trkpt>
      <trkpt lat="48.834239579737186431884765625" lon="-3.5061425529420375823974609375">
        <ele>-0.4000000059604644775390625</ele>
        <time>2026-07-23T15:02:14.000Z</time>
        <extensions>
          <ns3:TrackPointExtension>
            <ns3:atemp>33.0</ns3:atemp>
            <ns3:hr>94</ns3:hr>
            <ns3:cad>51</ns3:cad>
          </ns3:TrackPointExtension>
        </extensions>
      </trkpt>
      <trkpt lat="48.8342566788196563720703125" lon="-3.506160490214824676513671875">
        <ele>-0.20000000298023223876953125</ele>
        <time>2026-07-23T15:02:16.000Z</time>
        <extensions>
          <ns3:TrackPointExtension>
            <ns3:atemp>33.0</ns3:atemp>
            <ns3:hr>94</ns3:hr>
            <ns3:cad>51</ns3:cad>
          </ns3:TrackPointExtension>
        </extensions>
      </trkpt>
      <trkpt lat="48.83429096080362796783447265625" lon="-3.5062246955931186676025390625">
        <ele>-0.20000000298023223876953125</ele>
        <time>2026-07-23T15:02:21.000Z</time>
        <extensions>
          <ns3:TrackPointExtension>
            <ns3:atemp>33.0</ns3:atemp>
            <ns3:hr>93</ns3:hr>
            <ns3:cad>50</ns3:cad>
          </ns3:TrackPointExtension>
        </extensions>
      </trkpt>
      <trkpt lat="48.83431099355220794677734375" lon="-3.50627171806991100311279296875">
        <ele>0</ele>
        <time>2026-07-23T15:02:24.000Z</time>
        <extensions>
          <ns3:TrackPointExtension>
            <ns3:atemp>33.0</ns3:atemp>
            <ns3:hr>93</ns3:hr>
            <ns3:cad>51</ns3:cad>
          </ns3:TrackPointExtension>
        </extensions>
      </trkpt>
      <trkpt lat="48.834338821470737457275390625" lon="-3.50632536225020885467529296875">
        <ele>0</ele>
        <time>2026-07-23T15:02:29.000Z</time>
        <extensions>
          <ns3:TrackPointExtension>
            <ns3:atemp>33.0</ns3:atemp>
            <ns3:hr>90</ns3:hr>
            <ns3:cad>51</ns3:cad>
          </ns3:TrackPointExtension>
        </extensions>
      </trkpt>
      <trkpt lat="48.83434544317424297332763671875" lon="-3.506336174905300140380859375">
        <ele>0</ele>
        <time>2026-07-23T15:02:30.000Z</time>
        <extensions>
          <ns3:TrackPointExtension>
            <ns3:atemp>33.0</ns3:atemp>
            <ns3:hr>93</ns3:hr>
            <ns3:cad>51</ns3:cad>
          </ns3:TrackPointExtension>
        </extensions>
      </trkpt>
      <trkpt lat="48.83437679149210453033447265625" lon="-3.50638688541948795318603515625">
        <ele>-0.20000000298023223876953125</ele>
        <time>2026-07-23T15:02:34.000Z</time>
        <extensions>
          <ns3:TrackPointExtension>
            <ns3:atemp>33.0</ns3:atemp>
            <ns3:hr>93</ns3:hr>
            <ns3:cad>53</ns3:cad>
          </ns3:TrackPointExtension>
        </extensions>
      </trkpt>
      <trkpt lat="48.83440093137323856353759765625" lon="-3.50640465505421161651611328125">
        <ele>-0.20000000298023223876953125</ele>
        <time>2026-07-23T15:02:36.000Z</time>
        <extensions>
          <ns3:TrackPointExtension>
            <ns3:atemp>33.0</ns3:atemp>
            <ns3:hr>93</ns3:hr>
            <ns3:cad>53</ns3:cad>
          </ns3:TrackPointExtension>
        </extensions>
      </trkpt>
      <trkpt lat="48.83445206098258495330810546875" lon="-3.506496436893939971923828125">
        <ele>-0.4000000059604644775390625</ele>
        <time>2026-07-23T15:02:43.000Z</time>
        <extensions>
          <ns3:TrackPointExtension>
            <ns3:atemp>33.0</ns3:atemp>
            <ns3:hr>93</ns3:hr>
            <ns3:cad>53</ns3:cad>
          </ns3:TrackPointExtension>
        </extensions>
      </trkpt>
      <trkpt lat="48.83449061773717403411865234375" lon="-3.506544716656208038330078125">
        <ele>-0.800000011920928955078125</ele>
        <time>2026-07-23T15:02:51.000Z</time>
        <extensions>
          <ns3:TrackPointExtension>
            <ns3:atemp>33.0</ns3:atemp>
            <ns3:hr>94</ns3:hr>
            <ns3:cad>0</ns3:cad>
          </ns3:TrackPointExtension>
        </extensions>
      </trkpt>
      <trkpt lat="48.834495060145854949951171875" lon="-3.50654312409460544586181640625">
        <ele>-1</ele>
        <time>2026-07-23T15:02:58.000Z</time>
        <extensions>
          <ns3:TrackPointExtension>
            <ns3:atemp>34.0</ns3:atemp>
            <ns3:hr>93</ns3:hr>
            <ns3:cad>0</ns3:cad>
          </ns3:TrackPointExtension>
        </extensions>
      </trkpt>
      <trkpt lat="48.8344953954219818115234375" lon="-3.50654077716171741485595703125">
        <ele>-1.2000000476837158203125</ele>
        <time>2026-07-23T15:03:00.000Z</time>
        <extensions>
          <ns3:TrackPointExtension>
            <ns3:atemp>34.0</ns3:atemp>
            <ns3:hr>94</ns3:hr>
            <ns3:cad>0</ns3:cad>
          </ns3:TrackPointExtension>
        </extensions>
      </trkpt>
      <trkpt lat="48.8344953954219818115234375" lon="-3.50654077716171741485595703125">
        <ele>-1.60000002384185791015625</ele>
        <time>2026-07-23T15:03:05.000Z</time>
        <extensions>
          <ns3:TrackPointExtension>
            <ns3:atemp>34.0</ns3:atemp>
            <ns3:hr>96</ns3:hr>
            <ns3:cad>0</ns3:cad>
          </ns3:TrackPointExtension>
        </extensions>
      </trkpt>
      <trkpt lat="48.8344953954219818115234375" lon="-3.5065416991710662841796875">
        <ele>-2.2000000476837158203125</ele>
        <time>2026-07-23T15:03:10.000Z</time>
        <extensions>
          <ns3:TrackPointExtension>
            <ns3:atemp>34.0</ns3:atemp>
            <ns3:hr>97</ns3:hr>
            <ns3:cad>0</ns3:cad>
          </ns3:TrackPointExtension>
        </extensions>
      </trkpt>
      <trkpt lat="48.8344766199588775634765625" lon="-3.5065204091370105743408203125">
        <ele>-2.599999904632568359375</ele>
        <time>2026-07-23T15:03:28.000Z</time>
        <extensions>
          <ns3:TrackPointExtension>
            <ns3:atemp>34.0</ns3:atemp>
            <ns3:hr>94</ns3:hr>
            <ns3:cad>0</ns3:cad>
          </ns3:TrackPointExtension>
        </extensions>
      </trkpt>
      <trkpt lat="48.8344704173505306243896484375" lon="-3.50651898421347141265869140625">
        <ele>-2.7999999523162841796875</ele>
        <time>2026-07-23T15:03:35.000Z</time>
        <extensions>
          <ns3:TrackPointExtension>
            <ns3:atemp>34.0</ns3:atemp>
            <ns3:hr>91</ns3:hr>
            <ns3:cad>0</ns3:cad>
          </ns3:TrackPointExtension>
        </extensions>
      </trkpt>
      <trkpt lat="48.83446924388408660888671875" lon="-3.50651898421347141265869140625">
        <ele>-3</ele>
        <time>2026-07-23T15:03:40.000Z</time>
        <extensions>
          <ns3:TrackPointExtension>
            <ns3:atemp>34.0</ns3:atemp>
            <ns3:hr>93</ns3:hr>
            <ns3:cad>0</ns3:cad>
          </ns3:TrackPointExtension>
        </extensions>
      </trkpt>
      <trkpt lat="48.8344677351415157318115234375" lon="-3.5065264441072940826416015625">
        <ele>-3.2000000476837158203125</ele>
        <time>2026-07-23T15:03:50.000Z</time>
        <extensions>
          <ns3:TrackPointExtension>
            <ns3:atemp>34.0</ns3:atemp>
            <ns3:hr>93</ns3:hr>
            <ns3:cad>79</ns3:cad>
          </ns3:TrackPointExtension>
        </extensions>
      </trkpt>
      <trkpt lat="48.83449531160295009613037109375" lon="-3.50660297088325023651123046875">
        <ele>-3.400000095367431640625</ele>
        <time>2026-07-23T15:03:57.000Z</time>
        <extensions>
          <ns3:TrackPointExtension>
            <ns3:atemp>34.0</ns3:atemp>
            <ns3:hr>92</ns3:hr>
            <ns3:cad>48</ns3:cad>
          </ns3:TrackPointExtension>
        </extensions>
      </trkpt>
      <trkpt lat="48.83456571958959102630615234375" lon="-3.506703637540340423583984375">
        <ele>-3.400000095367431640625</ele>
        <time>2026-07-23T15:04:05.000Z</time>
        <extensions>
          <ns3:TrackPointExtension>
            <ns3:atemp>35.0</ns3:atemp>
            <ns3:hr>92</ns3:hr>
            <ns3:cad>52</ns3:cad>
          </ns3:TrackPointExtension>
        </extensions>
      </trkpt>
      <trkpt lat="48.83457410149276256561279296875" lon="-3.50671000778675079345703125">
        <ele>-3.400000095367431640625</ele>
        <time>2026-07-23T15:04:06.000Z</time>
        <extensions>
          <ns3:TrackPointExtension>
            <ns3:atemp>35.0</ns3:atemp>
            <ns3:hr>90</ns3:hr>
            <ns3:cad>51</ns3:cad>
          </ns3:TrackPointExtension>
        </extensions>
      </trkpt>
      <trkpt lat="48.83457812480628490447998046875" lon="-3.5067252628505229949951171875">
        <ele>-3.400000095367431640625</ele>
        <time>2026-07-23T15:04:07.000Z</time>
        <extensions>
          <ns3:TrackPointExtension>
            <ns3:atemp>35.0</ns3:atemp>
            <ns3:hr>91</ns3:hr>
            <ns3:cad>51</ns3:cad>
          </ns3:TrackPointExtension>
        </extensions>
      </trkpt>
      <trkpt lat="48.83461584337055683135986328125" lon="-3.50678133778274059295654296875">
        <ele>-3.7999999523162841796875</ele>
        <time>2026-07-23T15:04:12.000Z</time>
        <extensions>
          <ns3:TrackPointExtension>
            <ns3:atemp>35.0</ns3:atemp>
            <ns3:hr>90</ns3:hr>
            <ns3:cad>53</ns3:cad>
          </ns3:TrackPointExtension>
        </extensions>
      </trkpt>
      <trkpt lat="48.834633193910121917724609375" lon="-3.5068000294268131256103515625">
        <ele>-4</ele>
        <time>2026-07-23T15:04:14.000Z</time>
        <extensions>
          <ns3:TrackPointExtension>
            <ns3:atemp>35.0</ns3:atemp>
            <ns3:hr>90</ns3:hr>
            <ns3:cad>53</ns3:cad>
          </ns3:TrackPointExtension>
        </extensions>
      </trkpt>
      <trkpt lat="48.83466647006571292877197265625" lon="-3.50686197169125080108642578125">
        <ele>-4</ele>
        <time>2026-07-23T15:04:19.000Z</time>
        <extensions>
          <ns3:TrackPointExtension>
            <ns3:atemp>35.0</ns3:atemp>
            <ns3:hr>89</ns3:hr>
            <ns3:cad>53</ns3:cad>
          </ns3:TrackPointExtension>
        </extensions>
      </trkpt>
      <trkpt lat="48.8347180187702178955078125" lon="-3.50698501802980899810791015625">
        <ele>-3.599999904632568359375</ele>
        <time>2026-07-23T15:04:28.000Z</time>
        <extensions>
          <ns3:TrackPointExtension>
            <ns3:atemp>35.0</ns3:atemp>
            <ns3:hr>91</ns3:hr>
            <ns3:cad>51</ns3:cad>
          </ns3:TrackPointExtension>
        </extensions>
      </trkpt>
      <trkpt lat="48.83472480811178684234619140625" lon="-3.5069976747035980224609375">
        <ele>-3.599999904632568359375</ele>
        <time>2026-07-23T15:04:29.000Z</time>
        <extensions>
          <ns3:TrackPointExtension>
            <ns3:atemp>35.0</ns3:atemp>
            <ns3:hr>88</ns3:hr>
            <ns3:cad>51</ns3:cad>
          </ns3:TrackPointExtension>
        </extensions>
      </trkpt>
      <trkpt lat="48.8347885943949222564697265625" lon="-3.5071245767176151275634765625">
        <ele>-3.2000000476837158203125</ele>
        <time>2026-07-23T15:04:38.000Z</time>
        <extensions>
          <ns3:TrackPointExtension>
            <ns3:atemp>35.0</ns3:atemp>
            <ns3:hr>86</ns3:hr>
            <ns3:cad>0</ns3:cad>
          </ns3:TrackPointExtension>
        </extensions>
      </trkpt>
      <trkpt lat="48.83483695797622203826904296875" lon="-3.507227338850498199462890625">
        <ele>-2.7999999523162841796875</ele>
        <time>2026-07-23T15:04:46.000Z</time>
        <extensions>
          <ns3:TrackPointExtension>
            <ns3:atemp>35.0</ns3:atemp>
            <ns3:hr>88</ns3:hr>
            <ns3:cad>54</ns3:cad>
          </ns3:TrackPointExtension>
        </extensions>
      </trkpt>
      <trkpt lat="48.834869228303432464599609375" lon="-3.507291376590728759765625">
        <ele>-2.599999904632568359375</ele>
        <time>2026-07-23T15:04:50.000Z</time>
        <extensions>
          <ns3:TrackPointExtension>
            <ns3:atemp>35.0</ns3:atemp>
            <ns3:hr>91</ns3:hr>
            <ns3:cad>52</ns3:cad>
          </ns3:TrackPointExtension>
        </extensions>
      </trkpt>
      <trkpt lat="48.83488741703331470489501953125" lon="-3.50736404769122600555419921875">
        <ele>-2.400000095367431640625</ele>
        <time>2026-07-23T15:04:55.000Z</time>
        <extensions>
          <ns3:TrackPointExtension>
            <ns3:atemp>35.0</ns3:atemp>
            <ns3:hr>93</ns3:hr>
            <ns3:cad>0</ns3:cad>
          </ns3:TrackPointExtension>
        </extensions>
      </trkpt>
      <trkpt lat="48.83488473482429981231689453125" lon="-3.5074253194034099578857421875">
        <ele>-2</ele>
        <time>2026-07-23T15:04:59.000Z</time>
        <extensions>
          <ns3:TrackPointExtension>
            <ns3:atemp>35.0</ns3:atemp>
            <ns3:hr>94</ns3:hr>
            <ns3:cad>53</ns3:cad>
          </ns3:TrackPointExtension>
        </extensions>
      </trkpt>
      <trkpt lat="48.83488356135785579681396484375" lon="-3.5074710845947265625">
        <ele>-1.7999999523162841796875</ele>
        <time>2026-07-23T15:05:02.000Z</time>
        <extensions>
          <ns3:TrackPointExtension>
            <ns3:atemp>35.0</ns3:atemp>
            <ns3:hr>96</ns3:hr>
            <ns3:cad>55</ns3:cad>
          </ns3:TrackPointExtension>
        </extensions>
      </trkpt>
      <trkpt lat="48.83487400598824024200439453125" lon="-3.5075999982655048370361328125">
        <ele>-1.2000000476837158203125</ele>
        <time>2026-07-23T15:05:09.000Z</time>
        <extensions>
          <ns3:TrackPointExtension>
            <ns3:atemp>35.0</ns3:atemp>
            <ns3:hr>99</ns3:hr>
            <ns3:cad>54</ns3:cad>
          </ns3:TrackPointExtension>
        </extensions>
      </trkpt>
      <trkpt lat="48.83488121442496776580810546875" lon="-3.50761299021542072296142578125">
        <ele>-1.2000000476837158203125</ele>
        <time>2026-07-23T15:05:10.000Z</time>
        <extensions>
          <ns3:TrackPointExtension>
            <ns3:atemp>35.0</ns3:atemp>
            <ns3:hr>100</ns3:hr>
            <ns3:cad>54</ns3:cad>
          </ns3:TrackPointExtension>
        </extensions>
      </trkpt>
      <trkpt lat="48.83489227853715419769287109375" lon="-3.50762732326984405517578125">
        <ele>-1</ele>
        <time>2026-07-23T15:05:11.000Z</time>
        <extensions>
          <ns3:TrackPointExtension>
            <ns3:atemp>35.0</ns3:atemp>
            <ns3:hr>101</ns3:hr>
            <ns3:cad>53</ns3:cad>
          </ns3:TrackPointExtension>
        </extensions>
      </trkpt>
      <trkpt lat="48.83490736596286296844482421875" lon="-3.50764132104814052581787109375">
        <ele>-0.800000011920928955078125</ele>
        <time>2026-07-23T15:05:12.000Z</time>
        <extensions>
          <ns3:TrackPointExtension>
            <ns3:atemp>35.0</ns3:atemp>
            <ns3:hr>101</ns3:hr>
            <ns3:cad>52</ns3:cad>
          </ns3:TrackPointExtension>
        </extensions>
      </trkpt>
      <trkpt lat="48.83491574786603450775146484375" lon="-3.5076409019529819488525390625">
        <ele>-0.60000002384185791015625</ele>
        <time>2026-07-23T15:05:14.000Z</time>
        <extensions>
          <ns3:TrackPointExtension>
            <ns3:atemp>35.0</ns3:atemp>
            <ns3:hr>102</ns3:hr>
            <ns3:cad>50</ns3:cad>
          </ns3:TrackPointExtension>
        </extensions>
      </trkpt>
      <trkpt lat="48.83493326604366302490234375" lon="-3.50764920003712177276611328125">
        <ele>0</ele>
        <time>2026-07-23T15:05:16.000Z</time>
        <extensions>
          <ns3:TrackPointExtension>
            <ns3:atemp>35.0</ns3:atemp>
            <ns3:hr>103</ns3:hr>
            <ns3:cad>51</ns3:cad>
          </ns3:TrackPointExtension>
        </extensions>
      </trkpt>
      <trkpt lat="48.834951706230640411376953125" lon="-3.50766621530055999755859375">
        <ele>0.4000000059604644775390625</ele>
        <time>2026-07-23T15:05:18.000Z</time>
        <extensions>
          <ns3:TrackPointExtension>
            <ns3:atemp>35.0</ns3:atemp>
            <ns3:hr>103</ns3:hr>
            <ns3:cad>52</ns3:cad>
          </ns3:TrackPointExtension>
        </extensions>
      </trkpt>
      <trkpt lat="48.8349763490259647369384765625" lon="-3.50767803378403186798095703125">
        <ele>0.800000011920928955078125</ele>
        <time>2026-07-23T15:05:20.000Z</time>
        <extensions>
          <ns3:TrackPointExtension>
            <ns3:atemp>35.0</ns3:atemp>
            <ns3:hr>104</ns3:hr>
            <ns3:cad>52</ns3:cad>
          </ns3:TrackPointExtension>
        </extensions>
      </trkpt>
      <trkpt lat="48.83499654941260814666748046875" lon="-3.5076824761927127838134765625">
        <ele>1.2000000476837158203125</ele>
        <time>2026-07-23T15:05:22.000Z</time>
        <extensions>
          <ns3:TrackPointExtension>
            <ns3:atemp>35.0</ns3:atemp>
            <ns3:hr>106</ns3:hr>
            <ns3:cad>53</ns3:cad>
          </ns3:TrackPointExtension>
        </extensions>
      </trkpt>
      <trkpt lat="48.83509931154549121856689453125" lon="-3.507713489234447479248046875">
        <ele>2</ele>
        <time>2026-07-23T15:05:29.000Z</time>
        <extensions>
          <ns3:TrackPointExtension>
            <ns3:atemp>35.0</ns3:atemp>
            <ns3:hr>106</ns3:hr>
            <ns3:cad>53</ns3:cad>
          </ns3:TrackPointExtension>
        </extensions>
      </trkpt>
      <trkpt lat="48.83511473424732685089111328125" lon="-3.5077206976711750030517578125">
        <ele>2.2000000476837158203125</ele>
        <time>2026-07-23T15:05:30.000Z</time>
        <extensions>
          <ns3:TrackPointExtension>
            <ns3:atemp>35.0</ns3:atemp>
            <ns3:hr>107</ns3:hr>
            <ns3:cad>53</ns3:cad>
          </ns3:TrackPointExtension>
        </extensions>
      </trkpt>
      <trkpt lat="48.835175670683383941650390625" lon="-3.50773218087852001190185546875">
        <ele>2.400000095367431640625</ele>
        <time>2026-07-23T15:05:34.000Z</time>
        <extensions>
          <ns3:TrackPointExtension>
            <ns3:atemp>35.0</ns3:atemp>
            <ns3:hr>107</ns3:hr>
            <ns3:cad>53</ns3:cad>
          </ns3:TrackPointExtension>
        </extensions>
      </trkpt>
      <trkpt lat="48.83518463931977748870849609375" lon="-3.50774408318102359771728515625">
        <ele>2.400000095367431640625</ele>
        <time>2026-07-23T15:05:35.000Z</time>
        <extensions>
          <ns3:TrackPointExtension>
            <ns3:atemp>35.0</ns3:atemp>
            <ns3:hr>107</ns3:hr>
            <ns3:cad>54</ns3:cad>
          </ns3:TrackPointExtension>
        </extensions>
      </trkpt>
      <trkpt lat="48.83520442061126232147216796875" lon="-3.5077548958361148834228515625">
        <ele>2.599999904632568359375</ele>
        <time>2026-07-23T15:05:38.000Z</time>
        <extensions>
          <ns3:TrackPointExtension>
            <ns3:atemp>35.0</ns3:atemp>
            <ns3:hr>108</ns3:hr>
            <ns3:cad>53</ns3:cad>
          </ns3:TrackPointExtension>
        </extensions>
      </trkpt>
      <trkpt lat="48.8352076895534992218017578125" lon="-3.5077713243663311004638671875">
        <ele>3</ele>
        <time>2026-07-23T15:05:40.000Z</time>
        <extensions>
          <ns3:TrackPointExtension>
            <ns3:atemp>35.0</ns3:atemp>
            <ns3:hr>109</ns3:hr>
            <ns3:cad>53</ns3:cad>
          </ns3:TrackPointExtension>
        </extensions>
      </trkpt>
      <trkpt lat="48.8352117128670215606689453125" lon="-3.5077753476798534393310546875">
        <ele>3.400000095367431640625</ele>
        <time>2026-07-23T15:05:41.000Z</time>
        <extensions>
          <ns3:TrackPointExtension>
            <ns3:atemp>35.0</ns3:atemp>
            <ns3:hr>110</ns3:hr>
            <ns3:cad>53</ns3:cad>
          </ns3:TrackPointExtension>
        </extensions>
      </trkpt>
      <trkpt lat="48.835240043699741363525390625" lon="-3.5077605955302715301513671875">
        <ele>4</ele>
        <time>2026-07-23T15:05:44.000Z</time>
        <extensions>
          <ns3:TrackPointExtension>
            <ns3:atemp>35.0</ns3:atemp>
            <ns3:hr>112</ns3:hr>
            <ns3:cad>53</ns3:cad>
          </ns3:TrackPointExtension>
        </extensions>
      </trkpt>
      <trkpt lat="48.835293687880039215087890625" lon="-3.50772396661341190338134765625">
        <ele>4.599999904632568359375</ele>
        <time>2026-07-23T15:05:47.000Z</time>
        <extensions>
          <ns3:TrackPointExtension>
            <ns3:atemp>35.0</ns3:atemp>
            <ns3:hr>114</ns3:hr>
            <ns3:cad>53</ns3:cad>
          </ns3:TrackPointExtension>
        </extensions>
      </trkpt>
      <trkpt lat="48.83532595820724964141845703125" lon="-3.5076838172972202301025390625">
        <ele>5.19999980926513671875</ele>
        <time>2026-07-23T15:05:51.000Z</time>
        <extensions>
          <ns3:TrackPointExtension>
            <ns3:atemp>35.0</ns3:atemp>
            <ns3:hr>116</ns3:hr>
            <ns3:cad>53</ns3:cad>
          </ns3:TrackPointExtension>
        </extensions>
      </trkpt>
      <trkpt lat="48.83534842170774936676025390625" lon="-3.50767602212727069854736328125">
        <ele>5.19999980926513671875</ele>
        <time>2026-07-23T15:05:53.000Z</time>
        <extensions>
          <ns3:TrackPointExtension>
            <ns3:atemp>35.0</ns3:atemp>
            <ns3:hr>117</ns3:hr>
            <ns3:cad>54</ns3:cad>
          </ns3:TrackPointExtension>
        </extensions>
      </trkpt>
      <trkpt lat="48.835396952927112579345703125" lon="-3.50765272043645381927490234375">
        <ele>5.599999904632568359375</ele>
        <time>2026-07-23T15:05:57.000Z</time>
        <extensions>
          <ns3:TrackPointExtension>
            <ns3:atemp>35.0</ns3:atemp>
            <ns3:hr>117</ns3:hr>
            <ns3:cad>53</ns3:cad>
          </ns3:TrackPointExtension>
        </extensions>
      </trkpt>
      <trkpt lat="48.83543752133846282958984375" lon="-3.507613241672515869140625">
        <ele>6</ele>
        <time>2026-07-23T15:06:01.000Z</time>
        <extensions>
          <ns3:TrackPointExtension>
            <ns3:atemp>35.0</ns3:atemp>
            <ns3:hr>118</ns3:hr>
            <ns3:cad>54</ns3:cad>
          </ns3:TrackPointExtension>
        </extensions>
      </trkpt>
      <trkpt lat="48.83544749580323696136474609375" lon="-3.507606200873851776123046875">
        <ele>6.19999980926513671875</ele>
        <time>2026-07-23T15:06:02.000Z</time>
        <extensions>
          <ns3:TrackPointExtension>
            <ns3:atemp>35.0</ns3:atemp>
            <ns3:hr>118</ns3:hr>
            <ns3:cad>54</ns3:cad>
          </ns3:TrackPointExtension>
        </extensions>
      </trkpt>
      <trkpt lat="48.83545688353478908538818359375" lon="-3.50760863162577152252197265625">
        <ele>6.400000095367431640625</ele>
        <time>2026-07-23T15:06:03.000Z</time>
        <extensions>
          <ns3:TrackPointExtension>
            <ns3:atemp>35.0</ns3:atemp>
            <ns3:hr>119</ns3:hr>
            <ns3:cad>54</ns3:cad>
          </ns3:TrackPointExtension>
        </extensions>
      </trkpt>
      <trkpt lat="48.83546459488570690155029296875" lon="-3.50759723223745822906494140625">
        <ele>6.400000095367431640625</ele>
        <time>2026-07-23T15:06:04.000Z</time>
        <extensions>
          <ns3:TrackPointExtension>
            <ns3:atemp>35.0</ns3:atemp>
            <ns3:hr>119</ns3:hr>
            <ns3:cad>54</ns3:cad>
          </ns3:TrackPointExtension>
        </extensions>
      </trkpt>
      <trkpt lat="48.83548588491976261138916015625" lon="-3.50757309235632419586181640625">
        <ele>6.599999904632568359375</ele>
        <time>2026-07-23T15:06:07.000Z</time>
        <extensions>
          <ns3:TrackPointExtension>
            <ns3:atemp>35.0</ns3:atemp>
            <ns3:hr>118</ns3:hr>
            <ns3:cad>51</ns3:cad>
          </ns3:TrackPointExtension>
        </extensions>
      </trkpt>
      <trkpt lat="48.835494853556156158447265625" lon="-3.50756429135799407958984375">
        <ele>6.599999904632568359375</ele>
        <time>2026-07-23T15:06:08.000Z</time>
        <extensions>
          <ns3:TrackPointExtension>
            <ns3:atemp>35.0</ns3:atemp>
            <ns3:hr>118</ns3:hr>
            <ns3:cad>53</ns3:cad>
          </ns3:TrackPointExtension>
        </extensions>
      </trkpt>
      <trkpt lat="48.83555998094379901885986328125" lon="-3.50750855170190334320068359375">
        <ele>7.400000095367431640625</ele>
        <time>2026-07-23T15:06:15.000Z</time>
        <extensions>
          <ns3:TrackPointExtension>
            <ns3:atemp>35.0</ns3:atemp>
            <ns3:hr>115</ns3:hr>
            <ns3:cad>55</ns3:cad>
          </ns3:TrackPointExtension>
        </extensions>
      </trkpt>
      <trkpt lat="48.83556802757084369659423828125" lon="-3.5074950568377971649169921875">
        <ele>7.599999904632568359375</ele>
        <time>2026-07-23T15:06:16.000Z</time>
        <extensions>
          <ns3:TrackPointExtension>
            <ns3:atemp>35.0</ns3:atemp>
            <ns3:hr>115</ns3:hr>
            <ns3:cad>55</ns3:cad>
          </ns3:TrackPointExtension>
        </extensions>
      </trkpt>
      <trkpt lat="48.835583366453647613525390625" lon="-3.5074863396584987640380859375">
        <ele>7.599999904632568359375</ele>
        <time>2026-07-23T15:06:17.000Z</time>
        <extensions>
          <ns3:TrackPointExtension>
            <ns3:atemp>35.0</ns3:atemp>
            <ns3:hr>116</ns3:hr>
            <ns3:cad>55</ns3:cad>
          </ns3:TrackPointExtension>
        </extensions>
      </trkpt>
      <trkpt lat="48.8355977833271026611328125" lon="-3.50747443735599517822265625">
        <ele>7.80000019073486328125</ele>
        <time>2026-07-23T15:06:18.000Z</time>
        <extensions>
          <ns3:TrackPointExtension>
            <ns3:atemp>35.0</ns3:atemp>
            <ns3:hr>114</ns3:hr>
            <ns3:cad>55</ns3:cad>
          </ns3:TrackPointExtension>
        </extensions>
      </trkpt>
      <trkpt lat="48.8356599770486354827880859375" lon="-3.50743043236434459686279296875">
        <ele>8</ele>
        <time>2026-07-23T15:06:23.000Z</time>
        <extensions>
          <ns3:TrackPointExtension>
            <ns3:atemp>34.0</ns3:atemp>
            <ns3:hr>111</ns3:hr>
            <ns3:cad>55</ns3:cad>
          </ns3:TrackPointExtension>
        </extensions>
      </trkpt>
      <trkpt lat="48.8356867991387844085693359375" lon="-3.50742104463279247283935546875">
        <ele>8.19999980926513671875</ele>
        <time>2026-07-23T15:06:25.000Z</time>
        <extensions>
          <ns3:TrackPointExtension>
            <ns3:atemp>34.0</ns3:atemp>
            <ns3:hr>112</ns3:hr>
            <ns3:cad>55</ns3:cad>
          </ns3:TrackPointExtension>
        </extensions>
      </trkpt>
      <trkpt lat="48.83574136532843112945556640625" lon="-3.5073777101933956146240234375">
        <ele>8.19999980926513671875</ele>
        <time>2026-07-23T15:06:29.000Z</time>
        <extensions>
          <ns3:TrackPointExtension>
            <ns3:atemp>34.0</ns3:atemp>
            <ns3:hr>112</ns3:hr>
            <ns3:cad>55</ns3:cad>
          </ns3:TrackPointExtension>
        </extensions>
      </trkpt>
      <trkpt lat="48.8358544372022151947021484375" lon="-3.5072945617139339447021484375">
        <ele>8.3999996185302734375</ele>
        <time>2026-07-23T15:06:40.000Z</time>
        <extensions>
          <ns3:TrackPointExtension>
            <ns3:atemp>34.0</ns3:atemp>
            <ns3:hr>110</ns3:hr>
            <ns3:cad>57</ns3:cad>
          </ns3:TrackPointExtension>
        </extensions>
      </trkpt>
      <trkpt lat="48.83587530814111232757568359375" lon="-3.507267571985721588134765625">
        <ele>8</ele>
        <time>2026-07-23T15:06:43.000Z</time>
        <extensions>
          <ns3:TrackPointExtension>
            <ns3:atemp>34.0</ns3:atemp>
            <ns3:hr>107</ns3:hr>
            <ns3:cad>57</ns3:cad>
          </ns3:TrackPointExtension>
        </extensions>
      </trkpt>
      <trkpt lat="48.83594982326030731201171875" lon="-3.50729070603847503662109375">
        <ele>6.599999904632568359375</ele>
        <time>2026-07-23T15:06:51.000Z</time>
        <extensions>
          <ns3:TrackPointExtension>
            <ns3:atemp>34.0</ns3:atemp>
            <ns3:hr>105</ns3:hr>
            <ns3:cad>59</ns3:cad>
          </ns3:TrackPointExtension>
        </extensions>
      </trkpt>
      <trkpt lat="48.83597974665462970733642578125" lon="-3.50734912790358066558837890625">
        <ele>6.599999904632568359375</ele>
        <time>2026-07-23T15:06:56.000Z</time>
        <extensions>
          <ns3:TrackPointExtension>
            <ns3:atemp>34.0</ns3:atemp>
            <ns3:hr>100</ns3:hr>
            <ns3:cad>49</ns3:cad>
          </ns3:TrackPointExtension>
        </extensions>
      </trkpt>
      <trkpt lat="48.83599081076681613922119140625" lon="-3.50737008266150951385498046875">
        <ele>6.80000019073486328125</ele>
        <time>2026-07-23T15:06:58.000Z</time>
        <extensions>
          <ns3:TrackPointExtension>
            <ns3:atemp>34.0</ns3:atemp>
            <ns3:hr>97</ns3:hr>
            <ns3:cad>49</ns3:cad>
          </ns3:TrackPointExtension>
        </extensions>
      </trkpt>
      <trkpt lat="48.83600673638284206390380859375" lon="-3.5074192844331264495849609375">
        <ele>7</ele>
        <time>2026-07-23T15:07:01.000Z</time>
        <extensions>
          <ns3:TrackPointExtension>
            <ns3:atemp>34.0</ns3:atemp>
            <ns3:hr>96</ns3:hr>
            <ns3:cad>48</ns3:cad>
          </ns3:TrackPointExtension>
        </extensions>
      </trkpt>
      <trkpt lat="48.83600749075412750244140625" lon="-3.50746865384280681610107421875">
        <ele>7</ele>
        <time>2026-07-23T15:07:09.000Z</time>
        <extensions>
          <ns3:TrackPointExtension>
            <ns3:atemp>34.0</ns3:atemp>
            <ns3:hr>95</ns3:hr>
            <ns3:cad>0</ns3:cad>
          </ns3:TrackPointExtension>
        </extensions>
      </trkpt>
      <trkpt lat="48.8360297866165637969970703125" lon="-3.5074176080524921417236328125">
        <ele>7.19999980926513671875</ele>
        <time>2026-07-23T15:07:20.000Z</time>
        <extensions>
          <ns3:TrackPointExtension>
            <ns3:atemp>34.0</ns3:atemp>
            <ns3:hr>96</ns3:hr>
            <ns3:cad>41</ns3:cad>
          </ns3:TrackPointExtension>
        </extensions>
      </trkpt>
      <trkpt lat="48.83607245050370693206787109375" lon="-3.507359437644481658935546875">
        <ele>7.19999980926513671875</ele>
        <time>2026-07-23T15:07:25.000Z</time>
        <extensions>
          <ns3:TrackPointExtension>
            <ns3:atemp>34.0</ns3:atemp>
            <ns3:hr>97</ns3:hr>
            <ns3:cad>53</ns3:cad>
          </ns3:TrackPointExtension>
        </extensions>
      </trkpt>
      <trkpt lat="48.83609960786998271942138671875" lon="-3.5073240660130977630615234375">
        <ele>7.19999980926513671875</ele>
        <time>2026-07-23T15:07:28.000Z</time>
        <extensions>
          <ns3:TrackPointExtension>
            <ns3:atemp>34.0</ns3:atemp>
            <ns3:hr>97</ns3:hr>
            <ns3:cad>53</ns3:cad>
          </ns3:TrackPointExtension>
        </extensions>
      </trkpt>
      <trkpt lat="48.8361461274325847625732421875" lon="-3.50726899690926074981689453125">
        <ele>7.599999904632568359375</ele>
        <time>2026-07-23T15:07:33.000Z</time>
        <extensions>
          <ns3:TrackPointExtension>
            <ns3:atemp>34.0</ns3:atemp>
            <ns3:hr>97</ns3:hr>
            <ns3:cad>54</ns3:cad>
          </ns3:TrackPointExtension>
        </extensions>
      </trkpt>
      <trkpt lat="48.8361878693103790283203125" lon="-3.50720479153096675872802734375">
        <ele>8.6000003814697265625</ele>
        <time>2026-07-23T15:07:38.000Z</time>
        <extensions>
          <ns3:TrackPointExtension>
            <ns3:atemp>34.0</ns3:atemp>
            <ns3:hr>97</ns3:hr>
            <ns3:cad>55</ns3:cad>
          </ns3:TrackPointExtension>
        </extensions>
      </trkpt>
      <trkpt lat="48.83619599975645542144775390625" lon="-3.50719339214265346527099609375">
        <ele>8.6000003814697265625</ele>
        <time>2026-07-23T15:07:39.000Z</time>
        <extensions>
          <ns3:TrackPointExtension>
            <ns3:atemp>34.0</ns3:atemp>
            <ns3:hr>97</ns3:hr>
            <ns3:cad>55</ns3:cad>
          </ns3:TrackPointExtension>
        </extensions>
      </trkpt>
      <trkpt lat="48.83630077354609966278076171875" lon="-3.507065735757350921630859375">
        <ele>8.3999996185302734375</ele>
        <time>2026-07-23T15:07:50.000Z</time>
        <extensions>
          <ns3:TrackPointExtension>
            <ns3:atemp>34.0</ns3:atemp>
            <ns3:hr>95</ns3:hr>
            <ns3:cad>55</ns3:cad>
          </ns3:TrackPointExtension>
        </extensions>
      </trkpt>
      <trkpt lat="48.83635005913674831390380859375" lon="-3.50700094364583492279052734375">
        <ele>7.599999904632568359375</ele>
        <time>2026-07-23T15:07:56.000Z</time>
        <extensions>
          <ns3:TrackPointExtension>
            <ns3:atemp>34.0</ns3:atemp>
            <ns3:hr>94</ns3:hr>
            <ns3:cad>56</ns3:cad>
          </ns3:TrackPointExtension>
        </extensions>
      </trkpt>
      <trkpt lat="48.8363647274672985076904296875" lon="-3.50698954425752162933349609375">
        <ele>7.19999980926513671875</ele>
        <time>2026-07-23T15:07:58.000Z</time>
        <extensions>
          <ns3:TrackPointExtension>
            <ns3:atemp>34.0</ns3:atemp>
            <ns3:hr>92</ns3:hr>
            <ns3:cad>56</ns3:cad>
          </ns3:TrackPointExtension>
        </extensions>
      </trkpt>
      <trkpt lat="48.8363710977137088775634765625" lon="-3.50698225200176239013671875">
        <ele>7.19999980926513671875</ele>
        <time>2026-07-23T15:07:59.000Z</time>
        <extensions>
          <ns3:TrackPointExtension>
            <ns3:atemp>34.0</ns3:atemp>
            <ns3:hr>91</ns3:hr>
            <ns3:cad>55</ns3:cad>
          </ns3:TrackPointExtension>
        </extensions>
      </trkpt>
      <trkpt lat="48.8364399969577789306640625" lon="-3.5069053061306476593017578125">
        <ele>6.80000019073486328125</ele>
        <time>2026-07-23T15:08:08.000Z</time>
        <extensions>
          <ns3:TrackPointExtension>
            <ns3:atemp>34.0</ns3:atemp>
            <ns3:hr>91</ns3:hr>
            <ns3:cad>0</ns3:cad>
          </ns3:TrackPointExtension>
        </extensions>
      </trkpt>
      <trkpt lat="48.83647109381854534149169921875" lon="-3.50686666555702686309814453125">
        <ele>7</ele>
        <time>2026-07-23T15:08:12.000Z</time>
        <extensions>
          <ns3:TrackPointExtension>
            <ns3:atemp>33.0</ns3:atemp>
            <ns3:hr>88</ns3:hr>
            <ns3:cad>52</ns3:cad>
          </ns3:TrackPointExtension>
        </extensions>
      </trkpt>
      <trkpt lat="48.8365125842392444610595703125" lon="-3.506811596453189849853515625">
        <ele>7.400000095367431640625</ele>
        <time>2026-07-23T15:08:17.000Z</time>
        <extensions>
          <ns3:TrackPointExtension>
            <ns3:atemp>33.0</ns3:atemp>
            <ns3:hr>91</ns3:hr>
            <ns3:cad>52</ns3:cad>
          </ns3:TrackPointExtension>
        </extensions>
      </trkpt>
      <trkpt lat="48.83653798140585422515869140625" lon="-3.506778739392757415771484375">
        <ele>7.599999904632568359375</ele>
        <time>2026-07-23T15:08:20.000Z</time>
        <extensions>
          <ns3:TrackPointExtension>
            <ns3:atemp>33.0</ns3:atemp>
            <ns3:hr>90</ns3:hr>
            <ns3:cad>52</ns3:cad>
          </ns3:TrackPointExtension>
        </extensions>
      </trkpt>
      <trkpt lat="48.836544267833232879638671875" lon="-3.50676608271896839141845703125">
        <ele>7.599999904632568359375</ele>
        <time>2026-07-23T15:08:21.000Z</time>
        <extensions>
          <ns3:TrackPointExtension>
            <ns3:atemp>33.0</ns3:atemp>
            <ns3:hr>90</ns3:hr>
            <ns3:cad>53</ns3:cad>
          </ns3:TrackPointExtension>
        </extensions>
      </trkpt>
      <trkpt lat="48.83663319982588291168212890625" lon="-3.506642617285251617431640625">
        <ele>8.3999996185302734375</ele>
        <time>2026-07-23T15:08:32.000Z</time>
        <extensions>
          <ns3:TrackPointExtension>
            <ns3:atemp>33.0</ns3:atemp>
            <ns3:hr>88</ns3:hr>
            <ns3:cad>55</ns3:cad>
          </ns3:TrackPointExtension>
        </extensions>
      </trkpt>
      <trkpt lat="48.8366545736789703369140625" lon="-3.5066059045493602752685546875">
        <ele>8.6000003814697265625</ele>
        <time>2026-07-23T15:08:35.000Z</time>
        <extensions>
          <ns3:TrackPointExtension>
            <ns3:atemp>33.0</ns3:atemp>
            <ns3:hr>89</ns3:hr>
            <ns3:cad>55</ns3:cad>
          </ns3:TrackPointExtension>
        </extensions>
      </trkpt>
      <trkpt lat="48.83665817789733409881591796875" lon="-3.50659190677106380462646484375">
        <ele>8.6000003814697265625</ele>
        <time>2026-07-23T15:08:36.000Z</time>
        <extensions>
          <ns3:TrackPointExtension>
            <ns3:atemp>33.0</ns3:atemp>
            <ns3:hr>89</ns3:hr>
            <ns3:cad>55</ns3:cad>
          </ns3:TrackPointExtension>
        </extensions>
      </trkpt>
      <trkpt lat="48.83668432943522930145263671875" lon="-3.50644807331264019012451171875">
        <ele>-35</ele>
        <time>2026-07-23T16:27:43.000Z</time>
        <extensions>
          <ns3:TrackPointExtension>
            <ns3:atemp>27.0</ns3:atemp>
            <ns3:hr>74</ns3:hr>
            <ns3:cad>0</ns3:cad>
          </ns3:TrackPointExtension>
        </extensions>
      </trkpt>
      <trkpt lat="48.836738057434558868408203125" lon="-3.50648646242916584014892578125">
        <ele>-34.59999847412109375</ele>
        <time>2026-07-23T16:27:45.000Z</time>
        <extensions>
          <ns3:TrackPointExtension>
            <ns3:atemp>27.0</ns3:atemp>
            <ns3:hr>76</ns3:hr>
            <ns3:cad>0</ns3:cad>
          </ns3:TrackPointExtension>
        </extensions>
      </trkpt>
      <trkpt lat="48.8366787135601043701171875" lon="-3.5064503364264965057373046875">
        <ele>-34.200000762939453125</ele>
        <time>2026-07-23T16:27:48.000Z</time>
        <extensions>
          <ns3:TrackPointExtension>
            <ns3:atemp>27.0</ns3:atemp>
            <ns3:hr>79</ns3:hr>
            <ns3:cad>77</ns3:cad>
          </ns3:TrackPointExtension>
        </extensions>
      </trkpt>
      <trkpt lat="48.836679048836231231689453125" lon="-3.5064590536057949066162109375">
        <ele>-34.200000762939453125</ele>
        <time>2026-07-23T16:27:49.000Z</time>
        <extensions>
          <ns3:TrackPointExtension>
            <ns3:atemp>27.0</ns3:atemp>
            <ns3:hr>80</ns3:hr>
            <ns3:cad>75</ns3:cad>
          </ns3:TrackPointExtension>
        </extensions>
      </trkpt>
      <trkpt lat="48.83667058311402797698974609375" lon="-3.50647506304085254669189453125">
        <ele>-34</ele>
        <time>2026-07-23T16:27:51.000Z</time>
        <extensions>
          <ns3:TrackPointExtension>
            <ns3:atemp>27.0</ns3:atemp>
            <ns3:hr>83</ns3:hr>
            <ns3:cad>0</ns3:cad>
          </ns3:TrackPointExtension>
        </extensions>
      </trkpt>
      <trkpt lat="48.836659602820873260498046875" lon="-3.5064955987036228179931640625">
        <ele>-33.799999237060546875</ele>
        <time>2026-07-23T16:27:53.000Z</time>
        <extensions>
          <ns3:TrackPointExtension>
            <ns3:atemp>27.0</ns3:atemp>
            <ns3:hr>86</ns3:hr>
            <ns3:cad>0</ns3:cad>
          </ns3:TrackPointExtension>
        </extensions>
      </trkpt>
      <trkpt lat="48.83665415458381175994873046875" lon="-3.50649769417941570281982421875">
        <ele>-33.799999237060546875</ele>
        <time>2026-07-23T16:27:56.000Z</time>
        <extensions>
          <ns3:TrackPointExtension>
            <ns3:atemp>27.0</ns3:atemp>
            <ns3:hr>88</ns3:hr>
            <ns3:cad>0</ns3:cad>
          </ns3:TrackPointExtension>
        </extensions>
      </trkpt>
      <trkpt lat="48.8366497121751308441162109375" lon="-3.5065121948719024658203125">
        <ele>-33.799999237060546875</ele>
        <time>2026-07-23T16:28:04.000Z</time>
        <extensions>
          <ns3:TrackPointExtension>
            <ns3:atemp>27.0</ns3:atemp>
            <ns3:hr>85</ns3:hr>
            <ns3:cad>0</ns3:cad>
          </ns3:TrackPointExtension>
        </extensions>
      </trkpt>
      <trkpt lat="48.8366574235260486602783203125" lon="-3.50650657899677753448486328125">
        <ele>-33.59999847412109375</ele>
        <time>2026-07-23T16:28:11.000Z</time>
        <extensions>
          <ns3:TrackPointExtension>
            <ns3:atemp>28.0</ns3:atemp>
            <ns3:hr>84</ns3:hr>
            <ns3:cad>0</ns3:cad>
          </ns3:TrackPointExtension>
        </extensions>
      </trkpt>
      <trkpt lat="48.83665113709867000579833984375" lon="-3.50652853958308696746826171875">
        <ele>-33.40000152587890625</ele>
        <time>2026-07-23T16:28:14.000Z</time>
        <extensions>
          <ns3:TrackPointExtension>
            <ns3:atemp>27.0</ns3:atemp>
            <ns3:hr>83</ns3:hr>
            <ns3:cad>0</ns3:cad>
          </ns3:TrackPointExtension>
        </extensions>
      </trkpt>
      <trkpt lat="48.83663185872137546539306640625" lon="-3.50657648406922817230224609375">
        <ele>-33</ele>
        <time>2026-07-23T16:28:19.000Z</time>
        <extensions>
          <ns3:TrackPointExtension>
            <ns3:atemp>28.0</ns3:atemp>
            <ns3:hr>84</ns3:hr>
            <ns3:cad>40</ns3:cad>
          </ns3:TrackPointExtension>
        </extensions>
      </trkpt>
      <trkpt lat="48.83658961392939090728759765625" lon="-3.50665862672030925750732421875">
        <ele>-32.40000152587890625</ele>
        <time>2026-07-23T16:28:29.000Z</time>
        <extensions>
          <ns3:TrackPointExtension>
            <ns3:atemp>28.0</ns3:atemp>
            <ns3:hr>83</ns3:hr>
            <ns3:cad>44</ns3:cad>
          </ns3:TrackPointExtension>
        </extensions>
      </trkpt>
      <trkpt lat="48.836585171520709991455078125" lon="-3.506668098270893096923828125">
        <ele>-32.40000152587890625</ele>
        <time>2026-07-23T16:28:30.000Z</time>
        <extensions>
          <ns3:TrackPointExtension>
            <ns3:atemp>28.0</ns3:atemp>
            <ns3:hr>82</ns3:hr>
            <ns3:cad>43</ns3:cad>
          </ns3:TrackPointExtension>
        </extensions>
      </trkpt>
      <trkpt lat="48.8365714251995086669921875" lon="-3.50668963976204395294189453125">
        <ele>-32.200000762939453125</ele>
        <time>2026-07-23T16:28:32.000Z</time>
        <extensions>
          <ns3:TrackPointExtension>
            <ns3:atemp>28.0</ns3:atemp>
            <ns3:hr>82</ns3:hr>
            <ns3:cad>45</ns3:cad>
          </ns3:TrackPointExtension>
        </extensions>
      </trkpt>
      <trkpt lat="48.8365491293370723724365234375" lon="-3.5067141987383365631103515625">
        <ele>-31.799999237060546875</ele>
        <time>2026-07-23T16:28:36.000Z</time>
        <extensions>
          <ns3:TrackPointExtension>
            <ns3:atemp>28.0</ns3:atemp>
            <ns3:hr>85</ns3:hr>
            <ns3:cad>0</ns3:cad>
          </ns3:TrackPointExtension>
        </extensions>
      </trkpt>
      <trkpt lat="48.83652557618916034698486328125" lon="-3.5067396797239780426025390625">
        <ele>-31.6000003814697265625</ele>
        <time>2026-07-23T16:28:39.000Z</time>
        <extensions>
          <ns3:TrackPointExtension>
            <ns3:atemp>28.0</ns3:atemp>
            <ns3:hr>88</ns3:hr>
            <ns3:cad>43</ns3:cad>
          </ns3:TrackPointExtension>
        </extensions>
      </trkpt>
      <trkpt lat="48.8365139253437519073486328125" lon="-3.50675317458808422088623046875">
        <ele>-31.3999996185302734375</ele>
        <time>2026-07-23T16:28:41.000Z</time>
        <extensions>
          <ns3:TrackPointExtension>
            <ns3:atemp>28.0</ns3:atemp>
            <ns3:hr>89</ns3:hr>
            <ns3:cad>44</ns3:cad>
          </ns3:TrackPointExtension>
        </extensions>
      </trkpt>
      <trkpt lat="48.83643153123557567596435546875" lon="-3.5068794898688793182373046875">
        <ele>-32</ele>
        <time>2026-07-23T16:28:53.000Z</time>
        <extensions>
          <ns3:TrackPointExtension>
            <ns3:atemp>28.0</ns3:atemp>
            <ns3:hr>88</ns3:hr>
            <ns3:cad>49</ns3:cad>
          </ns3:TrackPointExtension>
        </extensions>
      </trkpt>
      <trkpt lat="48.8363774679601192474365234375" lon="-3.5069413483142852783203125">
        <ele>-31.6000003814697265625</ele>
        <time>2026-07-23T16:29:00.000Z</time>
        <extensions>
          <ns3:TrackPointExtension>
            <ns3:atemp>28.0</ns3:atemp>
            <ns3:hr>85</ns3:hr>
            <ns3:cad>48</ns3:cad>
          </ns3:TrackPointExtension>
        </extensions>
      </trkpt>
      <trkpt lat="48.8363469578325748443603515625" lon="-3.506977893412113189697265625">
        <ele>-31.3999996185302734375</ele>
        <time>2026-07-23T16:29:04.000Z</time>
        <extensions>
          <ns3:TrackPointExtension>
            <ns3:atemp>28.0</ns3:atemp>
            <ns3:hr>84</ns3:hr>
            <ns3:cad>47</ns3:cad>
          </ns3:TrackPointExtension>
        </extensions>
      </trkpt>
      <trkpt lat="48.83631083182990550994873046875" lon="-3.50702843628823757171630859375">
        <ele>-31.200000762939453125</ele>
        <time>2026-07-23T16:29:09.000Z</time>
        <extensions>
          <ns3:TrackPointExtension>
            <ns3:atemp>28.0</ns3:atemp>
            <ns3:hr>84</ns3:hr>
            <ns3:cad>47</ns3:cad>
          </ns3:TrackPointExtension>
        </extensions>
      </trkpt>
      <trkpt lat="48.836296163499355316162109375" lon="-3.50705735385417938232421875">
        <ele>-31</ele>
        <time>2026-07-23T16:29:12.000Z</time>
        <extensions>
          <ns3:TrackPointExtension>
            <ns3:atemp>28.0</ns3:atemp>
            <ns3:hr>83</ns3:hr>
            <ns3:cad>49</ns3:cad>
          </ns3:TrackPointExtension>
        </extensions>
      </trkpt>
      <trkpt lat="48.83624629117548465728759765625" lon="-3.50711124949157238006591796875">
        <ele>-30.6000003814697265625</ele>
        <time>2026-07-23T16:29:19.000Z</time>
        <extensions>
          <ns3:TrackPointExtension>
            <ns3:atemp>28.0</ns3:atemp>
            <ns3:hr>82</ns3:hr>
            <ns3:cad>47</ns3:cad>
          </ns3:TrackPointExtension>
        </extensions>
      </trkpt>
      <trkpt lat="48.83622366003692150115966796875" lon="-3.5071497224271297454833984375">
        <ele>-30.3999996185302734375</ele>
        <time>2026-07-23T16:29:23.000Z</time>
        <extensions>
          <ns3:TrackPointExtension>
            <ns3:atemp>28.0</ns3:atemp>
            <ns3:hr>81</ns3:hr>
            <ns3:cad>48</ns3:cad>
          </ns3:TrackPointExtension>
        </extensions>
      </trkpt>
      <trkpt lat="48.83619180880486965179443359375" lon="-3.507182411849498748779296875">
        <ele>-30</ele>
        <time>2026-07-23T16:29:27.000Z</time>
        <extensions>
          <ns3:TrackPointExtension>
            <ns3:atemp>29.0</ns3:atemp>
            <ns3:hr>81</ns3:hr>
            <ns3:cad>47</ns3:cad>
          </ns3:TrackPointExtension>
        </extensions>
      </trkpt>
      <trkpt lat="48.8361172936856746673583984375" lon="-3.50728475488722324371337890625">
        <ele>-29.6000003814697265625</ele>
        <time>2026-07-23T16:29:38.000Z</time>
        <extensions>
          <ns3:TrackPointExtension>
            <ns3:atemp>29.0</ns3:atemp>
            <ns3:hr>80</ns3:hr>
            <ns3:cad>47</ns3:cad>
          </ns3:TrackPointExtension>
        </extensions>
      </trkpt>
      <trkpt lat="48.83605333976447582244873046875" lon="-3.50734543986618518829345703125">
        <ele>-29.3999996185302734375</ele>
        <time>2026-07-23T16:29:45.000Z</time>
        <extensions>
          <ns3:TrackPointExtension>
            <ns3:atemp>29.0</ns3:atemp>
            <ns3:hr>81</ns3:hr>
            <ns3:cad>48</ns3:cad>
          </ns3:TrackPointExtension>
        </extensions>
      </trkpt>
      <trkpt lat="48.83603204973042011260986328125" lon="-3.50737712346017360687255859375">
        <ele>-29</ele>
        <time>2026-07-23T16:29:49.000Z</time>
        <extensions>
          <ns3:TrackPointExtension>
            <ns3:atemp>29.0</ns3:atemp>
            <ns3:hr>82</ns3:hr>
            <ns3:cad>49</ns3:cad>
          </ns3:TrackPointExtension>
        </extensions>
      </trkpt>
      <trkpt lat="48.8359697721898555755615234375" lon="-3.5074554942548274993896484375">
        <ele>-29</ele>
        <time>2026-07-23T16:29:57.000Z</time>
        <extensions>
          <ns3:TrackPointExtension>
            <ns3:atemp>29.0</ns3:atemp>
            <ns3:hr>85</ns3:hr>
            <ns3:cad>50</ns3:cad>
          </ns3:TrackPointExtension>
        </extensions>
      </trkpt>
      <trkpt lat="48.8359352387487888336181640625" lon="-3.50749949924647808074951171875">
        <ele>-28.799999237060546875</ele>
        <time>2026-07-23T16:30:02.000Z</time>
        <extensions>
          <ns3:TrackPointExtension>
            <ns3:atemp>29.0</ns3:atemp>
            <ns3:hr>86</ns3:hr>
            <ns3:cad>50</ns3:cad>
          </ns3:TrackPointExtension>
        </extensions>
      </trkpt>
      <trkpt lat="48.83586474694311618804931640625" lon="-3.5075885988771915435791015625">
        <ele>-28.200000762939453125</ele>
        <time>2026-07-23T16:30:11.000Z</time>
        <extensions>
          <ns3:TrackPointExtension>
            <ns3:atemp>29.0</ns3:atemp>
            <ns3:hr>83</ns3:hr>
            <ns3:cad>50</ns3:cad>
          </ns3:TrackPointExtension>
        </extensions>
      </trkpt>
      <trkpt lat="48.83584982715547084808349609375" lon="-3.50760695524513721466064453125">
        <ele>-28.200000762939453125</ele>
        <time>2026-07-23T16:30:13.000Z</time>
        <extensions>
          <ns3:TrackPointExtension>
            <ns3:atemp>29.0</ns3:atemp>
            <ns3:hr>82</ns3:hr>
            <ns3:cad>50</ns3:cad>
          </ns3:TrackPointExtension>
        </extensions>
      </trkpt>
      <trkpt lat="48.83577338419854640960693359375" lon="-3.50774073041975498199462890625">
        <ele>-27.799999237060546875</ele>
        <time>2026-07-23T16:30:23.000Z</time>
        <extensions>
          <ns3:TrackPointExtension>
            <ns3:atemp>29.0</ns3:atemp>
            <ns3:hr>81</ns3:hr>
            <ns3:cad>51</ns3:cad>
          </ns3:TrackPointExtension>
        </extensions>
      </trkpt>
      <trkpt lat="48.8357560336589813232421875" lon="-3.5077709890902042388916015625">
        <ele>-27.200000762939453125</ele>
        <time>2026-07-23T16:30:26.000Z</time>
        <extensions>
          <ns3:TrackPointExtension>
            <ns3:atemp>29.0</ns3:atemp>
            <ns3:hr>80</ns3:hr>
            <ns3:cad>51</ns3:cad>
          </ns3:TrackPointExtension>
        </extensions>
      </trkpt>
      <trkpt lat="48.83569979108870029449462890625" lon="-3.50785472430288791656494140625">
        <ele>-27</ele>
        <time>2026-07-23T16:30:34.000Z</time>
        <extensions>
          <ns3:TrackPointExtension>
            <ns3:atemp>29.0</ns3:atemp>
            <ns3:hr>77</ns3:hr>
            <ns3:cad>48</ns3:cad>
          </ns3:TrackPointExtension>
        </extensions>
      </trkpt>
      <trkpt lat="48.835653774440288543701171875" lon="-3.50792194716632366180419921875">
        <ele>-27</ele>
        <time>2026-07-23T16:30:40.000Z</time>
        <extensions>
          <ns3:TrackPointExtension>
            <ns3:atemp>29.0</ns3:atemp>
            <ns3:hr>81</ns3:hr>
            <ns3:cad>49</ns3:cad>
          </ns3:TrackPointExtension>
        </extensions>
      </trkpt>
      <trkpt lat="48.83563290350139141082763671875" lon="-3.50795187056064605712890625">
        <ele>-26.799999237060546875</ele>
        <time>2026-07-23T16:30:43.000Z</time>
        <extensions>
          <ns3:TrackPointExtension>
            <ns3:atemp>29.0</ns3:atemp>
            <ns3:hr>84</ns3:hr>
            <ns3:cad>50</ns3:cad>
          </ns3:TrackPointExtension>
        </extensions>
      </trkpt>
      <trkpt lat="48.83558780886232852935791015625" lon="-3.50802755914628505706787109375">
        <ele>-27</ele>
        <time>2026-07-23T16:30:49.000Z</time>
        <extensions>
          <ns3:TrackPointExtension>
            <ns3:atemp>29.0</ns3:atemp>
            <ns3:hr>85</ns3:hr>
            <ns3:cad>52</ns3:cad>
          </ns3:TrackPointExtension>
        </extensions>
      </trkpt>
      <trkpt lat="48.83558110333979129791259765625" lon="-3.5080428980290889739990234375">
        <ele>-27</ele>
        <time>2026-07-23T16:30:50.000Z</time>
        <extensions>
          <ns3:TrackPointExtension>
            <ns3:atemp>29.0</ns3:atemp>
            <ns3:hr>85</ns3:hr>
            <ns3:cad>52</ns3:cad>
          </ns3:TrackPointExtension>
        </extensions>
      </trkpt>
      <trkpt lat="48.8355493359267711639404296875" lon="-3.50810467265546321868896484375">
        <ele>-26.799999237060546875</ele>
        <time>2026-07-23T16:30:55.000Z</time>
        <extensions>
          <ns3:TrackPointExtension>
            <ns3:atemp>29.0</ns3:atemp>
            <ns3:hr>82</ns3:hr>
            <ns3:cad>51</ns3:cad>
          </ns3:TrackPointExtension>
        </extensions>
      </trkpt>
      <trkpt lat="48.83550348691642284393310546875" lon="-3.508196286857128143310546875">
        <ele>-26.6000003814697265625</ele>
        <time>2026-07-23T16:31:02.000Z</time>
        <extensions>
          <ns3:TrackPointExtension>
            <ns3:atemp>29.0</ns3:atemp>
            <ns3:hr>85</ns3:hr>
            <ns3:cad>52</ns3:cad>
          </ns3:TrackPointExtension>
        </extensions>
      </trkpt>
      <trkpt lat="48.8354839570820331573486328125" lon="-3.5082376934587955474853515625">
        <ele>-26.6000003814697265625</ele>
        <time>2026-07-23T16:31:05.000Z</time>
        <extensions>
          <ns3:TrackPointExtension>
            <ns3:atemp>29.0</ns3:atemp>
            <ns3:hr>86</ns3:hr>
            <ns3:cad>52</ns3:cad>
          </ns3:TrackPointExtension>
        </extensions>
      </trkpt>
      <trkpt lat="48.8354370184242725372314453125" lon="-3.5083298943936824798583984375">
        <ele>-26.6000003814697265625</ele>
        <time>2026-07-23T16:31:12.000Z</time>
        <extensions>
          <ns3:TrackPointExtension>
            <ns3:atemp>29.0</ns3:atemp>
            <ns3:hr>83</ns3:hr>
            <ns3:cad>50</ns3:cad>
          </ns3:TrackPointExtension>
        </extensions>
      </trkpt>
      <trkpt lat="48.83539460599422454833984375" lon="-3.5084066726267337799072265625">
        <ele>-26.3999996185302734375</ele>
        <time>2026-07-23T16:31:18.000Z</time>
        <extensions>
          <ns3:TrackPointExtension>
            <ns3:atemp>29.0</ns3:atemp>
            <ns3:hr>81</ns3:hr>
            <ns3:cad>51</ns3:cad>
          </ns3:TrackPointExtension>
        </extensions>
      </trkpt>
      <trkpt lat="48.835363425314426422119140625" lon="-3.50849325768649578094482421875">
        <ele>-26.200000762939453125</ele>
        <time>2026-07-23T16:31:24.000Z</time>
        <extensions>
          <ns3:TrackPointExtension>
            <ns3:atemp>29.0</ns3:atemp>
            <ns3:hr>81</ns3:hr>
            <ns3:cad>51</ns3:cad>
          </ns3:TrackPointExtension>
        </extensions>
      </trkpt>
      <trkpt lat="48.83532243780791759490966796875" lon="-3.50858747027814388275146484375">
        <ele>-26</ele>
        <time>2026-07-23T16:31:31.000Z</time>
        <extensions>
          <ns3:TrackPointExtension>
            <ns3:atemp>29.0</ns3:atemp>
            <ns3:hr>82</ns3:hr>
            <ns3:cad>51</ns3:cad>
          </ns3:TrackPointExtension>
        </extensions>
      </trkpt>
      <trkpt lat="48.8352204300463199615478515625" lon="-3.50869459100067615509033203125">
        <ele>-26.200000762939453125</ele>
        <time>2026-07-23T16:31:43.000Z</time>
        <extensions>
          <ns3:TrackPointExtension>
            <ns3:atemp>29.0</ns3:atemp>
            <ns3:hr>82</ns3:hr>
            <ns3:cad>53</ns3:cad>
          </ns3:TrackPointExtension>
        </extensions>
      </trkpt>
      <trkpt lat="48.83513669483363628387451171875" lon="-3.50876189768314361572265625">
        <ele>-26.3999996185302734375</ele>
        <time>2026-07-23T16:31:52.000Z</time>
        <extensions>
          <ns3:TrackPointExtension>
            <ns3:atemp>29.0</ns3:atemp>
            <ns3:hr>79</ns3:hr>
            <ns3:cad>54</ns3:cad>
          </ns3:TrackPointExtension>
        </extensions>
      </trkpt>
      <trkpt lat="48.8351364433765411376953125" lon="-3.50878075696527957916259765625">
        <ele>-26.3999996185302734375</ele>
        <time>2026-07-23T16:31:53.000Z</time>
        <extensions>
          <ns3:TrackPointExtension>
            <ns3:atemp>29.0</ns3:atemp>
            <ns3:hr>78</ns3:hr>
            <ns3:cad>54</ns3:cad>
          </ns3:TrackPointExtension>
        </extensions>
      </trkpt>
      <trkpt lat="48.835162259638309478759765625" lon="-3.5089474730193614959716796875">
        <ele>-26.200000762939453125</ele>
        <time>2026-07-23T16:32:03.000Z</time>
        <extensions>
          <ns3:TrackPointExtension>
            <ns3:atemp>29.0</ns3:atemp>
            <ns3:hr>78</ns3:hr>
            <ns3:cad>52</ns3:cad>
          </ns3:TrackPointExtension>
        </extensions>
      </trkpt>
      <trkpt lat="48.8351181708276271820068359375" lon="-3.50913665257394313812255859375">
        <ele>-26.3999996185302734375</ele>
        <time>2026-07-23T16:32:15.000Z</time>
        <extensions>
          <ns3:TrackPointExtension>
            <ns3:atemp>29.0</ns3:atemp>
            <ns3:hr>78</ns3:hr>
            <ns3:cad>54</ns3:cad>
          </ns3:TrackPointExtension>
        </extensions>
      </trkpt>
      <trkpt lat="48.83511087857186794281005859375" lon="-3.50919633172452449798583984375">
        <ele>-26.6000003814697265625</ele>
        <time>2026-07-23T16:32:22.000Z</time>
        <extensions>
          <ns3:TrackPointExtension>
            <ns3:atemp>29.0</ns3:atemp>
            <ns3:hr>80</ns3:hr>
            <ns3:cad>0</ns3:cad>
          </ns3:TrackPointExtension>
        </extensions>
      </trkpt>
      <trkpt lat="48.835110962390899658203125" lon="-3.50919549353420734405517578125">
        <ele>-26.6000003814697265625</ele>
        <time>2026-07-23T16:32:23.000Z</time>
        <extensions>
          <ns3:TrackPointExtension>
            <ns3:atemp>29.0</ns3:atemp>
            <ns3:hr>77</ns3:hr>
            <ns3:cad>0</ns3:cad>
          </ns3:TrackPointExtension>
        </extensions>
      </trkpt>
      <trkpt lat="48.83510936982929706573486328125" lon="-3.50918971002101898193359375">
        <ele>-26.6000003814697265625</ele>
        <time>2026-07-23T16:32:28.000Z</time>
        <extensions>
          <ns3:TrackPointExtension>
            <ns3:atemp>29.0</ns3:atemp>
            <ns3:hr>80</ns3:hr>
            <ns3:cad>0</ns3:cad>
          </ns3:TrackPointExtension>
        </extensions>
      </trkpt>
      <trkpt lat="48.8350990600883960723876953125" lon="-3.509208820760250091552734375">
        <ele>-26.200000762939453125</ele>
        <time>2026-07-23T16:32:33.000Z</time>
        <extensions>
          <ns3:TrackPointExtension>
            <ns3:atemp>29.0</ns3:atemp>
            <ns3:hr>81</ns3:hr>
            <ns3:cad>0</ns3:cad>
          </ns3:TrackPointExtension>
        </extensions>
      </trkpt>
      <trkpt lat="48.835089169442653656005859375" lon="-3.50926925428211688995361328125">
        <ele>-26</ele>
        <time>2026-07-23T16:32:37.000Z</time>
        <extensions>
          <ns3:TrackPointExtension>
            <ns3:atemp>29.0</ns3:atemp>
            <ns3:hr>78</ns3:hr>
            <ns3:cad>51</ns3:cad>
          </ns3:TrackPointExtension>
        </extensions>
      </trkpt>
      <trkpt lat="48.8350745849311351776123046875" lon="-3.509324155747890472412109375">
        <ele>-26</ele>
        <time>2026-07-23T16:32:41.000Z</time>
        <extensions>
          <ns3:TrackPointExtension>
            <ns3:atemp>29.0</ns3:atemp>
            <ns3:hr>77</ns3:hr>
            <ns3:cad>53</ns3:cad>
          </ns3:TrackPointExtension>
        </extensions>
      </trkpt>
      <trkpt lat="48.8350232876837253570556640625" lon="-3.509512245655059814453125">
        <ele>-26.200000762939453125</ele>
        <time>2026-07-23T16:32:52.000Z</time>
        <extensions>
          <ns3:TrackPointExtension>
            <ns3:atemp>29.0</ns3:atemp>
            <ns3:hr>77</ns3:hr>
            <ns3:cad>56</ns3:cad>
          </ns3:TrackPointExtension>
        </extensions>
      </trkpt>
      <trkpt lat="48.8349941186606884002685546875" lon="-3.509614169597625732421875">
        <ele>-26</ele>
        <time>2026-07-23T16:32:58.000Z</time>
        <extensions>
          <ns3:TrackPointExtension>
            <ns3:atemp>29.0</ns3:atemp>
            <ns3:hr>80</ns3:hr>
            <ns3:cad>54</ns3:cad>
          </ns3:TrackPointExtension>
        </extensions>
      </trkpt>
      <trkpt lat="48.8349783606827259063720703125" lon="-3.5097353719174861907958984375">
        <ele>-25.799999237060546875</ele>
        <time>2026-07-23T16:33:05.000Z</time>
        <extensions>
          <ns3:TrackPointExtension>
            <ns3:atemp>29.0</ns3:atemp>
            <ns3:hr>79</ns3:hr>
            <ns3:cad>52</ns3:cad>
          </ns3:TrackPointExtension>
        </extensions>
      </trkpt>
      <trkpt lat="48.834975175559520721435546875" lon="-3.5097481124103069305419921875">
        <ele>-25.799999237060546875</ele>
        <time>2026-07-23T16:33:06.000Z</time>
        <extensions>
          <ns3:TrackPointExtension>
            <ns3:atemp>29.0</ns3:atemp>
            <ns3:hr>79</ns3:hr>
            <ns3:cad>52</ns3:cad>
          </ns3:TrackPointExtension>
        </extensions>
      </trkpt>
      <trkpt lat="48.83490912616252899169921875" lon="-3.50986034609377384185791015625">
        <ele>-25.6000003814697265625</ele>
        <time>2026-07-23T16:33:15.000Z</time>
        <extensions>
          <ns3:TrackPointExtension>
            <ns3:atemp>29.0</ns3:atemp>
            <ns3:hr>81</ns3:hr>
            <ns3:cad>54</ns3:cad>
          </ns3:TrackPointExtension>
        </extensions>
      </trkpt>
      <trkpt lat="48.83490786887705326080322265625" lon="-3.50987903773784637451171875">
        <ele>-25.6000003814697265625</ele>
        <time>2026-07-23T16:33:16.000Z</time>
        <extensions>
          <ns3:TrackPointExtension>
            <ns3:atemp>30.0</ns3:atemp>
            <ns3:hr>82</ns3:hr>
            <ns3:cad>55</ns3:cad>
          </ns3:TrackPointExtension>
        </extensions>
      </trkpt>
      <trkpt lat="48.83491306565701961517333984375" lon="-3.50995690561830997467041015625">
        <ele>-25.200000762939453125</ele>
        <time>2026-07-23T16:33:21.000Z</time>
        <extensions>
          <ns3:TrackPointExtension>
            <ns3:atemp>29.0</ns3:atemp>
            <ns3:hr>83</ns3:hr>
            <ns3:cad>53</ns3:cad>
          </ns3:TrackPointExtension>
        </extensions>
      </trkpt>
      <trkpt lat="48.834919519722461700439453125" lon="-3.51019931025803089141845703125">
        <ele>-25.200000762939453125</ele>
        <time>2026-07-23T16:33:35.000Z</time>
        <extensions>
          <ns3:TrackPointExtension>
            <ns3:atemp>30.0</ns3:atemp>
            <ns3:hr>83</ns3:hr>
            <ns3:cad>53</ns3:cad>
          </ns3:TrackPointExtension>
        </extensions>
      </trkpt>
      <trkpt lat="48.834877274930477142333984375" lon="-3.5103633441030979156494140625">
        <ele>-25.200000762939453125</ele>
        <time>2026-07-23T16:33:45.000Z</time>
        <extensions>
          <ns3:TrackPointExtension>
            <ns3:atemp>30.0</ns3:atemp>
            <ns3:hr>82</ns3:hr>
            <ns3:cad>56</ns3:cad>
          </ns3:TrackPointExtension>
        </extensions>
      </trkpt>
      <trkpt lat="48.83486495353281497955322265625" lon="-3.51040198467671871185302734375">
        <ele>-25.200000762939453125</ele>
        <time>2026-07-23T16:33:47.000Z</time>
        <extensions>
          <ns3:TrackPointExtension>
            <ns3:atemp>30.0</ns3:atemp>
            <ns3:hr>82</ns3:hr>
            <ns3:cad>55</ns3:cad>
          </ns3:TrackPointExtension>
        </extensions>
      </trkpt>
      <trkpt lat="48.83482757024466991424560546875" lon="-3.51052737794816493988037109375">
        <ele>-25.3999996185302734375</ele>
        <time>2026-07-23T16:33:55.000Z</time>
        <extensions>
          <ns3:TrackPointExtension>
            <ns3:atemp>30.0</ns3:atemp>
            <ns3:hr>86</ns3:hr>
            <ns3:cad>55</ns3:cad>
          </ns3:TrackPointExtension>
        </extensions>
      </trkpt>
      <trkpt lat="48.8348214514553546905517578125" lon="-3.5105427168309688568115234375">
        <ele>-25.3999996185302734375</ele>
        <time>2026-07-23T16:33:56.000Z</time>
        <extensions>
          <ns3:TrackPointExtension>
            <ns3:atemp>30.0</ns3:atemp>
            <ns3:hr>83</ns3:hr>
            <ns3:cad>55</ns3:cad>
          </ns3:TrackPointExtension>
        </extensions>
      </trkpt>
      <trkpt lat="48.83479806594550609588623046875" lon="-3.51059996522963047027587890625">
        <ele>-25.200000762939453125</ele>
        <time>2026-07-23T16:34:00.000Z</time>
        <extensions>
          <ns3:TrackPointExtension>
            <ns3:atemp>30.0</ns3:atemp>
            <ns3:hr>83</ns3:hr>
            <ns3:cad>53</ns3:cad>
          </ns3:TrackPointExtension>
        </extensions>
      </trkpt>
      <trkpt lat="48.83475917391479015350341796875" lon="-3.51074027828872203826904296875">
        <ele>-25</ele>
        <time>2026-07-23T16:34:09.000Z</time>
        <extensions>
          <ns3:TrackPointExtension>
            <ns3:atemp>30.0</ns3:atemp>
            <ns3:hr>80</ns3:hr>
            <ns3:cad>53</ns3:cad>
          </ns3:TrackPointExtension>
        </extensions>
      </trkpt>
      <trkpt lat="48.8347530551254749298095703125" lon="-3.5107554495334625244140625">
        <ele>-25</ele>
        <time>2026-07-23T16:34:10.000Z</time>
        <extensions>
          <ns3:TrackPointExtension>
            <ns3:atemp>30.0</ns3:atemp>
            <ns3:hr>83</ns3:hr>
            <ns3:cad>53</ns3:cad>
          </ns3:TrackPointExtension>
        </extensions>
      </trkpt>
      <trkpt lat="48.8347138278186321258544921875" lon="-3.51091244257986545562744140625">
        <ele>-25</ele>
        <time>2026-07-23T16:34:21.000Z</time>
        <extensions>
          <ns3:TrackPointExtension>
            <ns3:atemp>30.0</ns3:atemp>
            <ns3:hr>82</ns3:hr>
            <ns3:cad>53</ns3:cad>
          </ns3:TrackPointExtension>
        </extensions>
      </trkpt>
      <trkpt lat="48.8347101397812366485595703125" lon="-3.5109172202646732330322265625">
        <ele>-25</ele>
        <time>2026-07-23T16:34:22.000Z</time>
        <extensions>
          <ns3:TrackPointExtension>
            <ns3:atemp>30.0</ns3:atemp>
            <ns3:hr>82</ns3:hr>
            <ns3:cad>53</ns3:cad>
          </ns3:TrackPointExtension>
        </extensions>
      </trkpt>
      <trkpt lat="48.83469832129776477813720703125" lon="-3.5109152086079120635986328125">
        <ele>-25.200000762939453125</ele>
        <time>2026-07-23T16:34:26.000Z</time>
        <extensions>
          <ns3:TrackPointExtension>
            <ns3:atemp>30.0</ns3:atemp>
            <ns3:hr>85</ns3:hr>
            <ns3:cad>0</ns3:cad>
          </ns3:TrackPointExtension>
        </extensions>
      </trkpt>
      <trkpt lat="48.8346474431455135345458984375" lon="-3.5108991153538227081298828125">
        <ele>-25.3999996185302734375</ele>
        <time>2026-07-23T16:34:33.000Z</time>
        <extensions>
          <ns3:TrackPointExtension>
            <ns3:atemp>30.0</ns3:atemp>
            <ns3:hr>83</ns3:hr>
            <ns3:cad>45</ns3:cad>
          </ns3:TrackPointExtension>
        </extensions>
      </trkpt>
      <trkpt lat="48.834636211395263671875" lon="-3.51089718751609325408935546875">
        <ele>-25.3999996185302734375</ele>
        <time>2026-07-23T16:34:34.000Z</time>
        <extensions>
          <ns3:TrackPointExtension>
            <ns3:atemp>30.0</ns3:atemp>
            <ns3:hr>83</ns3:hr>
            <ns3:cad>45</ns3:cad>
          </ns3:TrackPointExtension>
        </extensions>
      </trkpt>
      <trkpt lat="48.834561444818973541259765625" lon="-3.510901294648647308349609375">
        <ele>-25.3999996185302734375</ele>
        <time>2026-07-23T16:34:42.000Z</time>
        <extensions>
          <ns3:TrackPointExtension>
            <ns3:atemp>30.0</ns3:atemp>
            <ns3:hr>82</ns3:hr>
            <ns3:cad>50</ns3:cad>
          </ns3:TrackPointExtension>
        </extensions>
      </trkpt>
      <trkpt lat="48.83455649949610233306884765625" lon="-3.5109011270105838775634765625">
        <ele>-25.3999996185302734375</ele>
        <time>2026-07-23T16:34:47.000Z</time>
        <extensions>
          <ns3:TrackPointExtension>
            <ns3:atemp>30.0</ns3:atemp>
            <ns3:hr>79</ns3:hr>
            <ns3:cad>0</ns3:cad>
          </ns3:TrackPointExtension>
        </extensions>
      </trkpt>
      <trkpt lat="48.83455549366772174835205078125" lon="-3.51089961826801300048828125">
        <ele>-25.200000762939453125</ele>
        <time>2026-07-23T16:34:48.000Z</time>
        <extensions>
          <ns3:TrackPointExtension>
            <ns3:atemp>30.0</ns3:atemp>
            <ns3:hr>81</ns3:hr>
            <ns3:cad>0</ns3:cad>
          </ns3:TrackPointExtension>
        </extensions>
      </trkpt>
      <trkpt lat="48.83451425470411777496337890625" lon="-3.51090967655181884765625">
        <ele>-25.200000762939453125</ele>
        <time>2026-07-23T16:34:56.000Z</time>
        <extensions>
          <ns3:TrackPointExtension>
            <ns3:atemp>31.0</ns3:atemp>
            <ns3:hr>82</ns3:hr>
            <ns3:cad>46</ns3:cad>
          </ns3:TrackPointExtension>
        </extensions>
      </trkpt>
      <trkpt lat="48.8344459421932697296142578125" lon="-3.5108900628983974456787109375">
        <ele>-25.200000762939453125</ele>
        <time>2026-07-23T16:35:04.000Z</time>
        <extensions>
          <ns3:TrackPointExtension>
            <ns3:atemp>30.0</ns3:atemp>
            <ns3:hr>82</ns3:hr>
            <ns3:cad>51</ns3:cad>
          </ns3:TrackPointExtension>
        </extensions>
      </trkpt>
      <trkpt lat="48.834399171173572540283203125" lon="-3.510872460901737213134765625">
        <ele>-24.799999237060546875</ele>
        <time>2026-07-23T16:35:09.000Z</time>
        <extensions>
          <ns3:TrackPointExtension>
            <ns3:atemp>30.0</ns3:atemp>
            <ns3:hr>79</ns3:hr>
            <ns3:cad>51</ns3:cad>
          </ns3:TrackPointExtension>
        </extensions>
      </trkpt>
      <trkpt lat="48.83437938988208770751953125" lon="-3.5108618997037410736083984375">
        <ele>-24.6000003814697265625</ele>
        <time>2026-07-23T16:35:11.000Z</time>
        <extensions>
          <ns3:TrackPointExtension>
            <ns3:atemp>30.0</ns3:atemp>
            <ns3:hr>79</ns3:hr>
            <ns3:cad>50</ns3:cad>
          </ns3:TrackPointExtension>
        </extensions>
      </trkpt>
      <trkpt lat="48.8342917151749134063720703125" lon="-3.51080733351409435272216796875">
        <ele>-24.799999237060546875</ele>
        <time>2026-07-23T16:35:20.000Z</time>
        <extensions>
          <ns3:TrackPointExtension>
            <ns3:atemp>31.0</ns3:atemp>
            <ns3:hr>78</ns3:hr>
            <ns3:cad>53</ns3:cad>
          </ns3:TrackPointExtension>
        </extensions>
      </trkpt>
      <trkpt lat="48.83418367244303226470947265625" lon="-3.51076416671276092529296875">
        <ele>-24.799999237060546875</ele>
        <time>2026-07-23T16:35:30.000Z</time>
        <extensions>
          <ns3:TrackPointExtension>
            <ns3:atemp>31.0</ns3:atemp>
            <ns3:hr>80</ns3:hr>
            <ns3:cad>52</ns3:cad>
          </ns3:TrackPointExtension>
        </extensions>
      </trkpt>
      <trkpt lat="48.8341736979782581329345703125" lon="-3.5107720457017421722412109375">
        <ele>-24.799999237060546875</ele>
        <time>2026-07-23T16:35:31.000Z</time>
        <extensions>
          <ns3:TrackPointExtension>
            <ns3:atemp>30.0</ns3:atemp>
            <ns3:hr>80</ns3:hr>
            <ns3:cad>52</ns3:cad>
          </ns3:TrackPointExtension>
        </extensions>
      </trkpt>
      <trkpt lat="48.8340915553271770477294921875" lon="-3.51074882782995700836181640625">
        <ele>-24.799999237060546875</ele>
        <time>2026-07-23T16:35:39.000Z</time>
        <extensions>
          <ns3:TrackPointExtension>
            <ns3:atemp>30.0</ns3:atemp>
            <ns3:hr>81</ns3:hr>
            <ns3:cad>52</ns3:cad>
          </ns3:TrackPointExtension>
        </extensions>
      </trkpt>
      <trkpt lat="48.8339970074594020843505859375" lon="-3.51072871126234531402587890625">
        <ele>-25</ele>
        <time>2026-07-23T16:35:48.000Z</time>
        <extensions>
          <ns3:TrackPointExtension>
            <ns3:atemp>30.0</ns3:atemp>
            <ns3:hr>82</ns3:hr>
            <ns3:cad>51</ns3:cad>
          </ns3:TrackPointExtension>
        </extensions>
      </trkpt>
      <trkpt lat="48.8339443691074848175048828125" lon="-3.5107458941638469696044921875">
        <ele>-25</ele>
        <time>2026-07-23T16:35:56.000Z</time>
        <extensions>
          <ns3:TrackPointExtension>
            <ns3:atemp>30.0</ns3:atemp>
            <ns3:hr>82</ns3:hr>
            <ns3:cad>0</ns3:cad>
          </ns3:TrackPointExtension>
        </extensions>
      </trkpt>
      <trkpt lat="48.83384973742067813873291015625" lon="-3.5107187367975711822509765625">
        <ele>-25.6000003814697265625</ele>
        <time>2026-07-23T16:36:06.000Z</time>
        <extensions>
          <ns3:TrackPointExtension>
            <ns3:atemp>30.0</ns3:atemp>
            <ns3:hr>83</ns3:hr>
            <ns3:cad>48</ns3:cad>
          </ns3:TrackPointExtension>
        </extensions>
      </trkpt>
      <trkpt lat="48.83377798832952976226806640625" lon="-3.51069132797420024871826171875">
        <ele>-25.6000003814697265625</ele>
        <time>2026-07-23T16:36:13.000Z</time>
        <extensions>
          <ns3:TrackPointExtension>
            <ns3:atemp>30.0</ns3:atemp>
            <ns3:hr>80</ns3:hr>
            <ns3:cad>51</ns3:cad>
          </ns3:TrackPointExtension>
        </extensions>
      </trkpt>
      <trkpt lat="48.83374228142201900482177734375" lon="-3.51067163050174713134765625">
        <ele>-25.6000003814697265625</ele>
        <time>2026-07-23T16:36:16.000Z</time>
        <extensions>
          <ns3:TrackPointExtension>
            <ns3:atemp>30.0</ns3:atemp>
            <ns3:hr>77</ns3:hr>
            <ns3:cad>51</ns3:cad>
          </ns3:TrackPointExtension>
        </extensions>
      </trkpt>
      <trkpt lat="48.8337076641619205474853515625" lon="-3.51065126247704029083251953125">
        <ele>-25.6000003814697265625</ele>
        <time>2026-07-23T16:36:19.000Z</time>
        <extensions>
          <ns3:TrackPointExtension>
            <ns3:atemp>30.0</ns3:atemp>
            <ns3:hr>77</ns3:hr>
            <ns3:cad>53</ns3:cad>
          </ns3:TrackPointExtension>
        </extensions>
      </trkpt>
      <trkpt lat="48.8336218334734439849853515625" lon="-3.51061605848371982574462890625">
        <ele>-25.6000003814697265625</ele>
        <time>2026-07-23T16:36:27.000Z</time>
        <extensions>
          <ns3:TrackPointExtension>
            <ns3:atemp>30.0</ns3:atemp>
            <ns3:hr>78</ns3:hr>
            <ns3:cad>53</ns3:cad>
          </ns3:TrackPointExtension>
        </extensions>
      </trkpt>
      <trkpt lat="48.8336114399135112762451171875" lon="-3.51061555556952953338623046875">
        <ele>-25.6000003814697265625</ele>
        <time>2026-07-23T16:36:28.000Z</time>
        <extensions>
          <ns3:TrackPointExtension>
            <ns3:atemp>30.0</ns3:atemp>
            <ns3:hr>79</ns3:hr>
            <ns3:cad>53</ns3:cad>
          </ns3:TrackPointExtension>
        </extensions>
      </trkpt>
      <trkpt lat="48.8334922492504119873046875" lon="-3.5105564631521701812744140625">
        <ele>-26</ele>
        <time>2026-07-23T16:36:40.000Z</time>
        <extensions>
          <ns3:TrackPointExtension>
            <ns3:atemp>30.0</ns3:atemp>
            <ns3:hr>81</ns3:hr>
            <ns3:cad>52</ns3:cad>
          </ns3:TrackPointExtension>
        </extensions>
      </trkpt>
      <trkpt lat="48.8333764113485813140869140625" lon="-3.5104790143668651580810546875">
        <ele>-25.6000003814697265625</ele>
        <time>2026-07-23T16:36:51.000Z</time>
        <extensions>
          <ns3:TrackPointExtension>
            <ns3:atemp>30.0</ns3:atemp>
            <ns3:hr>81</ns3:hr>
            <ns3:cad>51</ns3:cad>
          </ns3:TrackPointExtension>
        </extensions>
      </trkpt>
      <trkpt lat="48.833284042775630950927734375" lon="-3.5104250349104404449462890625">
        <ele>-25.6000003814697265625</ele>
        <time>2026-07-23T16:37:00.000Z</time>
        <extensions>
          <ns3:TrackPointExtension>
            <ns3:atemp>30.0</ns3:atemp>
            <ns3:hr>83</ns3:hr>
            <ns3:cad>54</ns3:cad>
          </ns3:TrackPointExtension>
        </extensions>
      </trkpt>
      <trkpt lat="48.833197541534900665283203125" lon="-3.51036946289241313934326171875">
        <ele>-25.3999996185302734375</ele>
        <time>2026-07-23T16:37:09.000Z</time>
        <extensions>
          <ns3:TrackPointExtension>
            <ns3:atemp>30.0</ns3:atemp>
            <ns3:hr>83</ns3:hr>
            <ns3:cad>53</ns3:cad>
          </ns3:TrackPointExtension>
        </extensions>
      </trkpt>
      <trkpt lat="48.83315437473356723785400390625" lon="-3.5103261284530162811279296875">
        <ele>-25.6000003814697265625</ele>
        <time>2026-07-23T16:37:13.000Z</time>
        <extensions>
          <ns3:TrackPointExtension>
            <ns3:atemp>29.0</ns3:atemp>
            <ns3:hr>82</ns3:hr>
            <ns3:cad>53</ns3:cad>
          </ns3:TrackPointExtension>
        </extensions>
      </trkpt>
      <trkpt lat="48.83307910524308681488037109375" lon="-3.51026795804500579833984375">
        <ele>-25.6000003814697265625</ele>
        <time>2026-07-23T16:37:20.000Z</time>
        <extensions>
          <ns3:TrackPointExtension>
            <ns3:atemp>29.0</ns3:atemp>
            <ns3:hr>81</ns3:hr>
            <ns3:cad>55</ns3:cad>
          </ns3:TrackPointExtension>
        </extensions>
      </trkpt>
      <trkpt lat="48.83302009664475917816162109375" lon="-3.510224036872386932373046875">
        <ele>-25.6000003814697265625</ele>
        <time>2026-07-23T16:37:26.000Z</time>
        <extensions>
          <ns3:TrackPointExtension>
            <ns3:atemp>29.0</ns3:atemp>
            <ns3:hr>84</ns3:hr>
            <ns3:cad>53</ns3:cad>
          </ns3:TrackPointExtension>
        </extensions>
      </trkpt>
      <trkpt lat="48.8329838030040264129638671875" lon="-3.51018489338457584381103515625">
        <ele>-25.6000003814697265625</ele>
        <time>2026-07-23T16:37:30.000Z</time>
        <extensions>
          <ns3:TrackPointExtension>
            <ns3:atemp>29.0</ns3:atemp>
            <ns3:hr>84</ns3:hr>
            <ns3:cad>53</ns3:cad>
          </ns3:TrackPointExtension>
        </extensions>
      </trkpt>
      <trkpt lat="48.8328761793673038482666015625" lon="-3.5101175867021083831787109375">
        <ele>-25.3999996185302734375</ele>
        <time>2026-07-23T16:37:40.000Z</time>
        <extensions>
          <ns3:TrackPointExtension>
            <ns3:atemp>29.0</ns3:atemp>
            <ns3:hr>84</ns3:hr>
            <ns3:cad>52</ns3:cad>
          </ns3:TrackPointExtension>
        </extensions>
      </trkpt>
      <trkpt lat="48.83277333341538906097412109375" lon="-3.510059751570224761962890625">
        <ele>-24.799999237060546875</ele>
        <time>2026-07-23T16:37:50.000Z</time>
        <extensions>
          <ns3:TrackPointExtension>
            <ns3:atemp>29.0</ns3:atemp>
            <ns3:hr>87</ns3:hr>
            <ns3:cad>51</ns3:cad>
          </ns3:TrackPointExtension>
        </extensions>
      </trkpt>
      <trkpt lat="48.83266889490187168121337890625" lon="-3.510014824569225311279296875">
        <ele>-24.799999237060546875</ele>
        <time>2026-07-23T16:38:00.000Z</time>
        <extensions>
          <ns3:TrackPointExtension>
            <ns3:atemp>29.0</ns3:atemp>
            <ns3:hr>88</ns3:hr>
            <ns3:cad>53</ns3:cad>
          </ns3:TrackPointExtension>
        </extensions>
      </trkpt>
      <trkpt lat="48.8325975649058818817138671875" lon="-3.50998121313750743865966796875">
        <ele>-24.799999237060546875</ele>
        <time>2026-07-23T16:38:07.000Z</time>
        <extensions>
          <ns3:TrackPointExtension>
            <ns3:atemp>29.0</ns3:atemp>
            <ns3:hr>89</ns3:hr>
            <ns3:cad>52</ns3:cad>
          </ns3:TrackPointExtension>
        </extensions>
      </trkpt>
      <trkpt lat="48.83256428875029087066650390625" lon="-3.509971238672733306884765625">
        <ele>-24.6000003814697265625</ele>
        <time>2026-07-23T16:38:10.000Z</time>
        <extensions>
          <ns3:TrackPointExtension>
            <ns3:atemp>29.0</ns3:atemp>
            <ns3:hr>89</ns3:hr>
            <ns3:cad>52</ns3:cad>
          </ns3:TrackPointExtension>
        </extensions>
      </trkpt>
      <trkpt lat="48.83244291879236698150634765625" lon="-3.5099009983241558074951171875">
        <ele>-24.200000762939453125</ele>
        <time>2026-07-23T16:38:21.000Z</time>
        <extensions>
          <ns3:TrackPointExtension>
            <ns3:atemp>29.0</ns3:atemp>
            <ns3:hr>89</ns3:hr>
            <ns3:cad>54</ns3:cad>
          </ns3:TrackPointExtension>
        </extensions>
      </trkpt>
      <trkpt lat="48.83243286050856113433837890625" lon="-3.5098939575254917144775390625">
        <ele>-24.200000762939453125</ele>
        <time>2026-07-23T16:38:22.000Z</time>
        <extensions>
          <ns3:TrackPointExtension>
            <ns3:atemp>29.0</ns3:atemp>
            <ns3:hr>89</ns3:hr>
            <ns3:cad>53</ns3:cad>
          </ns3:TrackPointExtension>
        </extensions>
      </trkpt>
      <trkpt lat="48.83234627544879913330078125" lon="-3.50984173826873302459716796875">
        <ele>-23.6000003814697265625</ele>
        <time>2026-07-23T16:38:30.000Z</time>
        <extensions>
          <ns3:TrackPointExtension>
            <ns3:atemp>29.0</ns3:atemp>
            <ns3:hr>91</ns3:hr>
            <ns3:cad>54</ns3:cad>
          </ns3:TrackPointExtension>
        </extensions>
      </trkpt>
      <trkpt lat="48.83225784637033939361572265625" lon="-3.509804271161556243896484375">
        <ele>-23.799999237060546875</ele>
        <time>2026-07-23T16:38:38.000Z</time>
        <extensions>
          <ns3:TrackPointExtension>
            <ns3:atemp>29.0</ns3:atemp>
            <ns3:hr>90</ns3:hr>
            <ns3:cad>53</ns3:cad>
          </ns3:TrackPointExtension>
        </extensions>
      </trkpt>
      <trkpt lat="48.83223789744079113006591796875" lon="-3.509788177907466888427734375">
        <ele>-23.799999237060546875</ele>
        <time>2026-07-23T16:38:40.000Z</time>
        <extensions>
          <ns3:TrackPointExtension>
            <ns3:atemp>29.0</ns3:atemp>
            <ns3:hr>89</ns3:hr>
            <ns3:cad>54</ns3:cad>
          </ns3:TrackPointExtension>
        </extensions>
      </trkpt>
      <trkpt lat="48.8321208022534847259521484375" lon="-3.50976026616990566253662109375">
        <ele>-23.3999996185302734375</ele>
        <time>2026-07-23T16:38:50.000Z</time>
        <extensions>
          <ns3:TrackPointExtension>
            <ns3:atemp>29.0</ns3:atemp>
            <ns3:hr>88</ns3:hr>
            <ns3:cad>53</ns3:cad>
          </ns3:TrackPointExtension>
        </extensions>
      </trkpt>
      <trkpt lat="48.8320299424231052398681640625" lon="-3.50976345129311084747314453125">
        <ele>-23.3999996185302734375</ele>
        <time>2026-07-23T16:38:59.000Z</time>
        <extensions>
          <ns3:TrackPointExtension>
            <ns3:atemp>29.0</ns3:atemp>
            <ns3:hr>88</ns3:hr>
            <ns3:cad>53</ns3:cad>
          </ns3:TrackPointExtension>
        </extensions>
      </trkpt>
      <trkpt lat="48.8320299424231052398681640625" lon="-3.509768061339855194091796875">
        <ele>-23.200000762939453125</ele>
        <time>2026-07-23T16:39:04.000Z</time>
        <extensions>
          <ns3:TrackPointExtension>
            <ns3:atemp>29.0</ns3:atemp>
            <ns3:hr>88</ns3:hr>
            <ns3:cad>0</ns3:cad>
          </ns3:TrackPointExtension>
        </extensions>
      </trkpt>
      <trkpt lat="48.832029439508914947509765625" lon="-3.50976697169244289398193359375">
        <ele>-23.200000762939453125</ele>
        <time>2026-07-23T16:39:11.000Z</time>
        <extensions>
          <ns3:TrackPointExtension>
            <ns3:atemp>29.0</ns3:atemp>
            <ns3:hr>87</ns3:hr>
            <ns3:cad>0</ns3:cad>
          </ns3:TrackPointExtension>
        </extensions>
      </trkpt>
      <trkpt lat="48.832029439508914947509765625" lon="-3.50976697169244289398193359375">
        <ele>-23</ele>
        <time>2026-07-23T16:39:17.000Z</time>
        <extensions>
          <ns3:TrackPointExtension>
            <ns3:atemp>28.0</ns3:atemp>
            <ns3:hr>84</ns3:hr>
            <ns3:cad>0</ns3:cad>
          </ns3:TrackPointExtension>
        </extensions>
      </trkpt>
      <trkpt lat="48.83197738789021968841552734375" lon="-3.509827740490436553955078125">
        <ele>-23</ele>
        <time>2026-07-23T16:39:22.000Z</time>
        <extensions>
          <ns3:TrackPointExtension>
            <ns3:atemp>29.0</ns3:atemp>
            <ns3:hr>84</ns3:hr>
            <ns3:cad>50</ns3:cad>
          </ns3:TrackPointExtension>
        </extensions>
      </trkpt>
      <trkpt lat="48.831841684877872467041015625" lon="-3.509960174560546875">
        <ele>-22.6000003814697265625</ele>
        <time>2026-07-23T16:39:34.000Z</time>
        <extensions>
          <ns3:TrackPointExtension>
            <ns3:atemp>28.0</ns3:atemp>
            <ns3:hr>83</ns3:hr>
            <ns3:cad>51</ns3:cad>
          </ns3:TrackPointExtension>
        </extensions>
      </trkpt>
      <trkpt lat="48.831813521683216094970703125" lon="-3.510021530091762542724609375">
        <ele>-22.3999996185302734375</ele>
        <time>2026-07-23T16:39:38.000Z</time>
        <extensions>
          <ns3:TrackPointExtension>
            <ns3:atemp>28.0</ns3:atemp>
            <ns3:hr>84</ns3:hr>
            <ns3:cad>51</ns3:cad>
          </ns3:TrackPointExtension>
        </extensions>
      </trkpt>
      <trkpt lat="48.8317949138581752777099609375" lon="-3.51007022894918918609619140625">
        <ele>-22</ele>
        <time>2026-07-23T16:39:41.000Z</time>
        <extensions>
          <ns3:TrackPointExtension>
            <ns3:atemp>28.0</ns3:atemp>
            <ns3:hr>86</ns3:hr>
            <ns3:cad>51</ns3:cad>
          </ns3:TrackPointExtension>
        </extensions>
      </trkpt>
      <trkpt lat="48.8317890465259552001953125" lon="-3.510115407407283782958984375">
        <ele>-21.6000003814697265625</ele>
        <time>2026-07-23T16:39:44.000Z</time>
        <extensions>
          <ns3:TrackPointExtension>
            <ns3:atemp>28.0</ns3:atemp>
            <ns3:hr>88</ns3:hr>
            <ns3:cad>52</ns3:cad>
          </ns3:TrackPointExtension>
        </extensions>
      </trkpt>
      <trkpt lat="48.83176918141543865203857421875" lon="-3.51027709431946277618408203125">
        <ele>-21</ele>
        <time>2026-07-23T16:39:53.000Z</time>
        <extensions>
          <ns3:TrackPointExtension>
            <ns3:atemp>28.0</ns3:atemp>
            <ns3:hr>90</ns3:hr>
            <ns3:cad>51</ns3:cad>
          </ns3:TrackPointExtension>
        </extensions>
      </trkpt>
      <trkpt lat="48.8317680917680263519287109375" lon="-3.51030810736119747161865234375">
        <ele>-21</ele>
        <time>2026-07-23T16:39:55.000Z</time>
        <extensions>
          <ns3:TrackPointExtension>
            <ns3:atemp>28.0</ns3:atemp>
            <ns3:hr>90</ns3:hr>
            <ns3:cad>52</ns3:cad>
          </ns3:TrackPointExtension>
        </extensions>
      </trkpt>
      <trkpt lat="48.8317509926855564117431640625" lon="-3.51045093499124050140380859375">
        <ele>-21</ele>
        <time>2026-07-23T16:40:04.000Z</time>
        <extensions>
          <ns3:TrackPointExtension>
            <ns3:atemp>28.0</ns3:atemp>
            <ns3:hr>88</ns3:hr>
            <ns3:cad>51</ns3:cad>
          </ns3:TrackPointExtension>
        </extensions>
      </trkpt>
      <trkpt lat="48.8317013718187808990478515625" lon="-3.51056509651243686676025390625">
        <ele>-20.3999996185302734375</ele>
        <time>2026-07-23T16:40:12.000Z</time>
        <extensions>
          <ns3:TrackPointExtension>
            <ns3:atemp>28.0</ns3:atemp>
            <ns3:hr>89</ns3:hr>
            <ns3:cad>53</ns3:cad>
          </ns3:TrackPointExtension>
        </extensions>
      </trkpt>
      <trkpt lat="48.8316916488111019134521484375" lon="-3.5106251947581768035888671875">
        <ele>-20</ele>
        <time>2026-07-23T16:40:16.000Z</time>
        <extensions>
          <ns3:TrackPointExtension>
            <ns3:atemp>28.0</ns3:atemp>
            <ns3:hr>91</ns3:hr>
            <ns3:cad>50</ns3:cad>
          </ns3:TrackPointExtension>
        </extensions>
      </trkpt>
      <trkpt lat="48.831692822277545928955078125" lon="-3.51069384254515171051025390625">
        <ele>-19.6000003814697265625</ele>
        <time>2026-07-23T16:40:20.000Z</time>
        <extensions>
          <ns3:TrackPointExtension>
            <ns3:atemp>28.0</ns3:atemp>
            <ns3:hr>94</ns3:hr>
            <ns3:cad>49</ns3:cad>
          </ns3:TrackPointExtension>
        </extensions>
      </trkpt>
      <trkpt lat="48.83169475011527538299560546875" lon="-3.51070960052311420440673828125">
        <ele>-19.3999996185302734375</ele>
        <time>2026-07-23T16:40:21.000Z</time>
        <extensions>
          <ns3:TrackPointExtension>
            <ns3:atemp>28.0</ns3:atemp>
            <ns3:hr>94</ns3:hr>
            <ns3:cad>49</ns3:cad>
          </ns3:TrackPointExtension>
        </extensions>
      </trkpt>
      <trkpt lat="48.83170950226485729217529296875" lon="-3.51075653918087482452392578125">
        <ele>-19</ele>
        <time>2026-07-23T16:40:24.000Z</time>
        <extensions>
          <ns3:TrackPointExtension>
            <ns3:atemp>28.0</ns3:atemp>
            <ns3:hr>94</ns3:hr>
            <ns3:cad>0</ns3:cad>
          </ns3:TrackPointExtension>
        </extensions>
      </trkpt>
      <trkpt lat="48.83171587251126766204833984375" lon="-3.51078989915549755096435546875">
        <ele>-19</ele>
        <time>2026-07-23T16:40:26.000Z</time>
        <extensions>
          <ns3:TrackPointExtension>
            <ns3:atemp>28.0</ns3:atemp>
            <ns3:hr>94</ns3:hr>
            <ns3:cad>0</ns3:cad>
          </ns3:TrackPointExtension>
        </extensions>
      </trkpt>
      <trkpt lat="48.83171654306352138519287109375" lon="-3.510804735124111175537109375">
        <ele>-19</ele>
        <time>2026-07-23T16:40:27.000Z</time>
        <extensions>
          <ns3:TrackPointExtension>
            <ns3:atemp>28.0</ns3:atemp>
            <ns3:hr>94</ns3:hr>
            <ns3:cad>0</ns3:cad>
          </ns3:TrackPointExtension>
        </extensions>
      </trkpt>
      <trkpt lat="48.83171260356903076171875" lon="-3.51083029992878437042236328125">
        <ele>-19.200000762939453125</ele>
        <time>2026-07-23T16:40:29.000Z</time>
        <extensions>
          <ns3:TrackPointExtension>
            <ns3:atemp>28.0</ns3:atemp>
            <ns3:hr>91</ns3:hr>
            <ns3:cad>53</ns3:cad>
          </ns3:TrackPointExtension>
        </extensions>
      </trkpt>
      <trkpt lat="48.83169810287654399871826171875" lon="-3.51087992079555988311767578125">
        <ele>-19.200000762939453125</ele>
        <time>2026-07-23T16:40:32.000Z</time>
        <extensions>
          <ns3:TrackPointExtension>
            <ns3:atemp>28.0</ns3:atemp>
            <ns3:hr>91</ns3:hr>
            <ns3:cad>51</ns3:cad>
          </ns3:TrackPointExtension>
        </extensions>
      </trkpt>
      <trkpt lat="48.83166055195033550262451171875" lon="-3.51092635653913021087646484375">
        <ele>-19</ele>
        <time>2026-07-23T16:40:36.000Z</time>
        <extensions>
          <ns3:TrackPointExtension>
            <ns3:atemp>29.0</ns3:atemp>
            <ns3:hr>93</ns3:hr>
            <ns3:cad>51</ns3:cad>
          </ns3:TrackPointExtension>
        </extensions>
      </trkpt>
      <trkpt lat="48.83163951337337493896484375" lon="-3.5109232552349567413330078125">
        <ele>-19</ele>
        <time>2026-07-23T16:40:38.000Z</time>
        <extensions>
          <ns3:TrackPointExtension>
            <ns3:atemp>29.0</ns3:atemp>
            <ns3:hr>93</ns3:hr>
            <ns3:cad>52</ns3:cad>
          </ns3:TrackPointExtension>
        </extensions>
      </trkpt>
      <trkpt lat="48.83162937127053737640380859375" lon="-3.5109136998653411865234375">
        <ele>-19</ele>
        <time>2026-07-23T16:40:39.000Z</time>
        <extensions>
          <ns3:TrackPointExtension>
            <ns3:atemp>29.0</ns3:atemp>
            <ns3:hr>92</ns3:hr>
            <ns3:cad>52</ns3:cad>
          </ns3:TrackPointExtension>
        </extensions>
      </trkpt>
      <trkpt lat="48.83161042816936969757080078125" lon="-3.510890901088714599609375">
        <ele>-18.799999237060546875</ele>
        <time>2026-07-23T16:40:41.000Z</time>
        <extensions>
          <ns3:TrackPointExtension>
            <ns3:atemp>28.0</ns3:atemp>
            <ns3:hr>92</ns3:hr>
            <ns3:cad>53</ns3:cad>
          </ns3:TrackPointExtension>
        </extensions>
      </trkpt>
      <trkpt lat="48.8315075822174549102783203125" lon="-3.510792665183544158935546875">
        <ele>-18.6000003814697265625</ele>
        <time>2026-07-23T16:40:50.000Z</time>
        <extensions>
          <ns3:TrackPointExtension>
            <ns3:atemp>29.0</ns3:atemp>
            <ns3:hr>92</ns3:hr>
            <ns3:cad>55</ns3:cad>
          </ns3:TrackPointExtension>
        </extensions>
      </trkpt>
      <trkpt lat="48.831377327442169189453125" lon="-3.51069434545934200286865234375">
        <ele>-18</ele>
        <time>2026-07-23T16:41:02.000Z</time>
        <extensions>
          <ns3:TrackPointExtension>
            <ns3:atemp>28.0</ns3:atemp>
            <ns3:hr>93</ns3:hr>
            <ns3:cad>53</ns3:cad>
          </ns3:TrackPointExtension>
        </extensions>
      </trkpt>
      <trkpt lat="48.8313679397106170654296875" lon="-3.51068562828004360198974609375">
        <ele>-17.6000003814697265625</ele>
        <time>2026-07-23T16:41:03.000Z</time>
        <extensions>
          <ns3:TrackPointExtension>
            <ns3:atemp>28.0</ns3:atemp>
            <ns3:hr>92</ns3:hr>
            <ns3:cad>53</ns3:cad>
          </ns3:TrackPointExtension>
        </extensions>
      </trkpt>
      <trkpt lat="48.831255622208118438720703125" lon="-3.51063433103263378143310546875">
        <ele>-17.799999237060546875</ele>
        <time>2026-07-23T16:41:13.000Z</time>
        <extensions>
          <ns3:TrackPointExtension>
            <ns3:atemp>29.0</ns3:atemp>
            <ns3:hr>89</ns3:hr>
            <ns3:cad>53</ns3:cad>
          </ns3:TrackPointExtension>
        </extensions>
      </trkpt>
      <trkpt lat="48.83116048760712146759033203125" lon="-3.51060331799089908599853515625">
        <ele>-17.799999237060546875</ele>
        <time>2026-07-23T16:41:21.000Z</time>
        <extensions>
          <ns3:TrackPointExtension>
            <ns3:atemp>28.0</ns3:atemp>
            <ns3:hr>87</ns3:hr>
            <ns3:cad>55</ns3:cad>
          </ns3:TrackPointExtension>
        </extensions>
      </trkpt>
      <trkpt lat="48.8310636766254901885986328125" lon="-3.51061739958822727203369140625">
        <ele>-17.3999996185302734375</ele>
        <time>2026-07-23T16:41:29.000Z</time>
        <extensions>
          <ns3:TrackPointExtension>
            <ns3:atemp>28.0</ns3:atemp>
            <ns3:hr>87</ns3:hr>
            <ns3:cad>54</ns3:cad>
          </ns3:TrackPointExtension>
        </extensions>
      </trkpt>
      <trkpt lat="48.830951191484928131103515625" lon="-3.51061019115149974822998046875">
        <ele>-16.799999237060546875</ele>
        <time>2026-07-23T16:41:39.000Z</time>
        <extensions>
          <ns3:TrackPointExtension>
            <ns3:atemp>28.0</ns3:atemp>
            <ns3:hr>86</ns3:hr>
            <ns3:cad>53</ns3:cad>
          </ns3:TrackPointExtension>
        </extensions>
      </trkpt>
      <trkpt lat="48.8308601640164852142333984375" lon="-3.51060591638088226318359375">
        <ele>-16.3999996185302734375</ele>
        <time>2026-07-23T16:41:48.000Z</time>
        <extensions>
          <ns3:TrackPointExtension>
            <ns3:atemp>28.0</ns3:atemp>
            <ns3:hr>88</ns3:hr>
            <ns3:cad>54</ns3:cad>
          </ns3:TrackPointExtension>
        </extensions>
      </trkpt>
      <trkpt lat="48.8307609222829341888427734375" lon="-3.51061304099857807159423828125">
        <ele>-15.80000019073486328125</ele>
        <time>2026-07-23T16:41:57.000Z</time>
        <extensions>
          <ns3:TrackPointExtension>
            <ns3:atemp>29.0</ns3:atemp>
            <ns3:hr>90</ns3:hr>
            <ns3:cad>56</ns3:cad>
          </ns3:TrackPointExtension>
        </extensions>
      </trkpt>
      <trkpt lat="48.8307488523423671722412109375" lon="-3.51061605848371982574462890625">
        <ele>-15.80000019073486328125</ele>
        <time>2026-07-23T16:41:58.000Z</time>
        <extensions>
          <ns3:TrackPointExtension>
            <ns3:atemp>28.0</ns3:atemp>
            <ns3:hr>90</ns3:hr>
            <ns3:cad>56</ns3:cad>
          </ns3:TrackPointExtension>
        </extensions>
      </trkpt>
      <trkpt lat="48.83063158951699733734130859375" lon="-3.5106221772730350494384765625">
        <ele>-16</ele>
        <time>2026-07-23T16:42:08.000Z</time>
        <extensions>
          <ns3:TrackPointExtension>
            <ns3:atemp>28.0</ns3:atemp>
            <ns3:hr>90</ns3:hr>
            <ns3:cad>55</ns3:cad>
          </ns3:TrackPointExtension>
        </extensions>
      </trkpt>
      <trkpt lat="48.83050753735005855560302734375" lon="-3.51061538793146610260009765625">
        <ele>-15.6000003814697265625</ele>
        <time>2026-07-23T16:42:19.000Z</time>
        <extensions>
          <ns3:TrackPointExtension>
            <ns3:atemp>28.0</ns3:atemp>
            <ns3:hr>88</ns3:hr>
            <ns3:cad>0</ns3:cad>
          </ns3:TrackPointExtension>
        </extensions>
      </trkpt>
      <trkpt lat="48.83038968779146671295166015625" lon="-3.51062200963497161865234375">
        <ele>-16</ele>
        <time>2026-07-23T16:42:29.000Z</time>
        <extensions>
          <ns3:TrackPointExtension>
            <ns3:atemp>28.0</ns3:atemp>
            <ns3:hr>89</ns3:hr>
            <ns3:cad>53</ns3:cad>
          </ns3:TrackPointExtension>
        </extensions>
      </trkpt>
      <trkpt lat="48.8302787952125072479248046875" lon="-3.5106178186833858489990234375">
        <ele>-16.200000762939453125</ele>
        <time>2026-07-23T16:42:38.000Z</time>
        <extensions>
          <ns3:TrackPointExtension>
            <ns3:atemp>28.0</ns3:atemp>
            <ns3:hr>88</ns3:hr>
            <ns3:cad>53</ns3:cad>
          </ns3:TrackPointExtension>
        </extensions>
      </trkpt>
      <trkpt lat="48.830167315900325775146484375" lon="-3.5106023959815502166748046875">
        <ele>-16.200000762939453125</ele>
        <time>2026-07-23T16:42:48.000Z</time>
        <extensions>
          <ns3:TrackPointExtension>
            <ns3:atemp>28.0</ns3:atemp>
            <ns3:hr>87</ns3:hr>
            <ns3:cad>55</ns3:cad>
          </ns3:TrackPointExtension>
        </extensions>
      </trkpt>
      <trkpt lat="48.83008693344891071319580078125" lon="-3.510597534477710723876953125">
        <ele>-16.200000762939453125</ele>
        <time>2026-07-23T16:42:55.000Z</time>
        <extensions>
          <ns3:TrackPointExtension>
            <ns3:atemp>29.0</ns3:atemp>
            <ns3:hr>84</ns3:hr>
            <ns3:cad>56</ns3:cad>
          </ns3:TrackPointExtension>
        </extensions>
      </trkpt>
      <trkpt lat="48.830057345330715179443359375" lon="-3.51060197688639163970947265625">
        <ele>-16.200000762939453125</ele>
        <time>2026-07-23T16:42:57.000Z</time>
        <extensions>
          <ns3:TrackPointExtension>
            <ns3:atemp>28.0</ns3:atemp>
            <ns3:hr>82</ns3:hr>
            <ns3:cad>56</ns3:cad>
          </ns3:TrackPointExtension>
        </extensions>
      </trkpt>
      <trkpt lat="48.83000512607395648956298828125" lon="-3.51060767658054828643798828125">
        <ele>-16.200000762939453125</ele>
        <time>2026-07-23T16:43:01.000Z</time>
        <extensions>
          <ns3:TrackPointExtension>
            <ns3:atemp>29.0</ns3:atemp>
            <ns3:hr>85</ns3:hr>
            <ns3:cad>56</ns3:cad>
          </ns3:TrackPointExtension>
        </extensions>
      </trkpt>
      <trkpt lat="48.82994075305759906768798828125" lon="-3.5106037370860576629638671875">
        <ele>-16.3999996185302734375</ele>
        <time>2026-07-23T16:43:07.000Z</time>
        <extensions>
          <ns3:TrackPointExtension>
            <ns3:atemp>29.0</ns3:atemp>
            <ns3:hr>87</ns3:hr>
            <ns3:cad>56</ns3:cad>
          </ns3:TrackPointExtension>
        </extensions>
      </trkpt>
      <trkpt lat="48.82982441224157810211181640625" lon="-3.5106158070266246795654296875">
        <ele>-16.799999237060546875</ele>
        <time>2026-07-23T16:43:17.000Z</time>
        <extensions>
          <ns3:TrackPointExtension>
            <ns3:atemp>29.0</ns3:atemp>
            <ns3:hr>86</ns3:hr>
            <ns3:cad>54</ns3:cad>
          </ns3:TrackPointExtension>
        </extensions>
      </trkpt>
      <trkpt lat="48.82982290349900722503662109375" lon="-3.5106168128550052642822265625">
        <ele>-16.799999237060546875</ele>
        <time>2026-07-23T16:43:18.000Z</time>
        <extensions>
          <ns3:TrackPointExtension>
            <ns3:atemp>29.0</ns3:atemp>
            <ns3:hr>87</ns3:hr>
            <ns3:cad>0</ns3:cad>
          </ns3:TrackPointExtension>
        </extensions>
      </trkpt>
      <trkpt lat="48.82981829345226287841796875" lon="-3.51061723195016384124755859375">
        <ele>-16.799999237060546875</ele>
        <time>2026-07-23T16:43:20.000Z</time>
        <extensions>
          <ns3:TrackPointExtension>
            <ns3:atemp>29.0</ns3:atemp>
            <ns3:hr>86</ns3:hr>
            <ns3:cad>0</ns3:cad>
          </ns3:TrackPointExtension>
        </extensions>
      </trkpt>
      <trkpt lat="48.8298167847096920013427734375" lon="-3.510620333254337310791015625">
        <ele>-16.799999237060546875</ele>
        <time>2026-07-23T16:43:21.000Z</time>
        <extensions>
          <ns3:TrackPointExtension>
            <ns3:atemp>29.0</ns3:atemp>
            <ns3:hr>86</ns3:hr>
            <ns3:cad>0</ns3:cad>
          </ns3:TrackPointExtension>
        </extensions>
      </trkpt>
      <trkpt lat="48.82981603033840656280517578125" lon="-3.51062863133847713470458984375">
        <ele>-16.799999237060546875</ele>
        <time>2026-07-23T16:43:25.000Z</time>
        <extensions>
          <ns3:TrackPointExtension>
            <ns3:atemp>29.0</ns3:atemp>
            <ns3:hr>84</ns3:hr>
            <ns3:cad>0</ns3:cad>
          </ns3:TrackPointExtension>
        </extensions>
      </trkpt>
      <trkpt lat="48.82982273586094379425048828125" lon="-3.51062645204365253448486328125">
        <ele>-16.799999237060546875</ele>
        <time>2026-07-23T16:43:29.000Z</time>
        <extensions>
          <ns3:TrackPointExtension>
            <ns3:atemp>29.0</ns3:atemp>
            <ns3:hr>83</ns3:hr>
            <ns3:cad>0</ns3:cad>
          </ns3:TrackPointExtension>
        </extensions>
      </trkpt>
      <trkpt lat="48.8297668285667896270751953125" lon="-3.51061262190341949462890625">
        <ele>-16.6000003814697265625</ele>
        <time>2026-07-23T16:43:36.000Z</time>
        <extensions>
          <ns3:TrackPointExtension>
            <ns3:atemp>29.0</ns3:atemp>
            <ns3:hr>82</ns3:hr>
            <ns3:cad>0</ns3:cad>
          </ns3:TrackPointExtension>
        </extensions>
      </trkpt>
      <trkpt lat="48.82970304228365421295166015625" lon="-3.51060365326702594757080078125">
        <ele>-16.799999237060546875</ele>
        <time>2026-07-23T16:43:42.000Z</time>
        <extensions>
          <ns3:TrackPointExtension>
            <ns3:atemp>29.0</ns3:atemp>
            <ns3:hr>83</ns3:hr>
            <ns3:cad>55</ns3:cad>
          </ns3:TrackPointExtension>
        </extensions>
      </trkpt>
      <trkpt lat="48.8295881263911724090576171875" lon="-3.51058269850909709930419921875">
        <ele>-17</ele>
        <time>2026-07-23T16:43:52.000Z</time>
        <extensions>
          <ns3:TrackPointExtension>
            <ns3:atemp>29.0</ns3:atemp>
            <ns3:hr>85</ns3:hr>
            <ns3:cad>57</ns3:cad>
          </ns3:TrackPointExtension>
        </extensions>
      </trkpt>
      <trkpt lat="48.82952618412673473358154296875" lon="-3.51057029329240322113037109375">
        <ele>-17.200000762939453125</ele>
        <time>2026-07-23T16:43:59.000Z</time>
        <extensions>
          <ns3:TrackPointExtension>
            <ns3:atemp>29.0</ns3:atemp>
            <ns3:hr>86</ns3:hr>
            <ns3:cad>54</ns3:cad>
          </ns3:TrackPointExtension>
        </extensions>
      </trkpt>
      <trkpt lat="48.82946432568132877349853515625" lon="-3.5105799324810504913330078125">
        <ele>-17.6000003814697265625</ele>
        <time>2026-07-23T16:44:08.000Z</time>
        <extensions>
          <ns3:TrackPointExtension>
            <ns3:atemp>29.0</ns3:atemp>
            <ns3:hr>86</ns3:hr>
            <ns3:cad>47</ns3:cad>
          </ns3:TrackPointExtension>
        </extensions>
      </trkpt>
      <trkpt lat="48.82941462099552154541015625" lon="-3.51058353669941425323486328125">
        <ele>-17.200000762939453125</ele>
        <time>2026-07-23T16:44:13.000Z</time>
        <extensions>
          <ns3:TrackPointExtension>
            <ns3:atemp>29.0</ns3:atemp>
            <ns3:hr>87</ns3:hr>
            <ns3:cad>53</ns3:cad>
          </ns3:TrackPointExtension>
        </extensions>
      </trkpt>
      <trkpt lat="48.829384110867977142333984375" lon="-3.5105802677571773529052734375">
        <ele>-17.3999996185302734375</ele>
        <time>2026-07-23T16:44:16.000Z</time>
        <extensions>
          <ns3:TrackPointExtension>
            <ns3:atemp>29.0</ns3:atemp>
            <ns3:hr>86</ns3:hr>
            <ns3:cad>53</ns3:cad>
          </ns3:TrackPointExtension>
        </extensions>
      </trkpt>
      <trkpt lat="48.8293222524225711822509765625" lon="-3.51058236323297023773193359375">
        <ele>-17.6000003814697265625</ele>
        <time>2026-07-23T16:44:21.000Z</time>
        <extensions>
          <ns3:TrackPointExtension>
            <ns3:atemp>29.0</ns3:atemp>
            <ns3:hr>83</ns3:hr>
            <ns3:cad>55</ns3:cad>
          </ns3:TrackPointExtension>
        </extensions>
      </trkpt>
      <trkpt lat="48.82926014252007007598876953125" lon="-3.51058202795684337615966796875">
        <ele>-17.6000003814697265625</ele>
        <time>2026-07-23T16:44:26.000Z</time>
        <extensions>
          <ns3:TrackPointExtension>
            <ns3:atemp>29.0</ns3:atemp>
            <ns3:hr>81</ns3:hr>
            <ns3:cad>53</ns3:cad>
          </ns3:TrackPointExtension>
        </extensions>
      </trkpt>
      <trkpt lat="48.8291958533227443695068359375" lon="-3.51057264022529125213623046875">
        <ele>-18</ele>
        <time>2026-07-23T16:44:32.000Z</time>
        <extensions>
          <ns3:TrackPointExtension>
            <ns3:atemp>28.0</ns3:atemp>
            <ns3:hr>80</ns3:hr>
            <ns3:cad>56</ns3:cad>
          </ns3:TrackPointExtension>
        </extensions>
      </trkpt>
      <trkpt lat="48.82913324050605297088623046875" lon="-3.51056191138923168182373046875">
        <ele>-17.799999237060546875</ele>
        <time>2026-07-23T16:44:37.000Z</time>
        <extensions>
          <ns3:TrackPointExtension>
            <ns3:atemp>28.0</ns3:atemp>
            <ns3:hr>82</ns3:hr>
            <ns3:cad>54</ns3:cad>
          </ns3:TrackPointExtension>
        </extensions>
      </trkpt>
      <trkpt lat="48.8290208391845226287841796875" lon="-3.51054363884031772613525390625">
        <ele>-17.3999996185302734375</ele>
        <time>2026-07-23T16:44:47.000Z</time>
        <extensions>
          <ns3:TrackPointExtension>
            <ns3:atemp>28.0</ns3:atemp>
            <ns3:hr>83</ns3:hr>
            <ns3:cad>55</ns3:cad>
          </ns3:TrackPointExtension>
        </extensions>
      </trkpt>
      <trkpt lat="48.82891707122325897216796875" lon="-3.51055319420993328094482421875">
        <ele>-17.3999996185302734375</ele>
        <time>2026-07-23T16:44:56.000Z</time>
        <extensions>
          <ns3:TrackPointExtension>
            <ns3:atemp>28.0</ns3:atemp>
            <ns3:hr>84</ns3:hr>
            <ns3:cad>55</ns3:cad>
          </ns3:TrackPointExtension>
        </extensions>
      </trkpt>
      <trkpt lat="48.8288059271872043609619140625" lon="-3.5105329938232898712158203125">
        <ele>-17</ele>
        <time>2026-07-23T16:45:06.000Z</time>
        <extensions>
          <ns3:TrackPointExtension>
            <ns3:atemp>28.0</ns3:atemp>
            <ns3:hr>85</ns3:hr>
            <ns3:cad>55</ns3:cad>
          </ns3:TrackPointExtension>
        </extensions>
      </trkpt>
      <trkpt lat="48.82879528217017650604248046875" lon="-3.51053349673748016357421875">
        <ele>-16.799999237060546875</ele>
        <time>2026-07-23T16:45:07.000Z</time>
        <extensions>
          <ns3:TrackPointExtension>
            <ns3:atemp>28.0</ns3:atemp>
            <ns3:hr>86</ns3:hr>
            <ns3:cad>55</ns3:cad>
          </ns3:TrackPointExtension>
        </extensions>
      </trkpt>
      <trkpt lat="48.82870727218687534332275390625" lon="-3.51053676567971706390380859375">
        <ele>-17</ele>
        <time>2026-07-23T16:45:14.000Z</time>
        <extensions>
          <ns3:TrackPointExtension>
            <ns3:atemp>28.0</ns3:atemp>
            <ns3:hr>87</ns3:hr>
            <ns3:cad>54</ns3:cad>
          </ns3:TrackPointExtension>
        </extensions>
      </trkpt>
      <trkpt lat="48.82861859165132045745849609375" lon="-3.51052368991076946258544921875">
        <ele>-16.799999237060546875</ele>
        <time>2026-07-23T16:45:22.000Z</time>
        <extensions>
          <ns3:TrackPointExtension>
            <ns3:atemp>28.0</ns3:atemp>
            <ns3:hr>87</ns3:hr>
            <ns3:cad>55</ns3:cad>
          </ns3:TrackPointExtension>
        </extensions>
      </trkpt>
      <trkpt lat="48.82849328219890594482421875" lon="-3.51051606237888336181640625">
        <ele>-16.6000003814697265625</ele>
        <time>2026-07-23T16:45:31.000Z</time>
        <extensions>
          <ns3:TrackPointExtension>
            <ns3:atemp>28.0</ns3:atemp>
            <ns3:hr>87</ns3:hr>
            <ns3:cad>54</ns3:cad>
          </ns3:TrackPointExtension>
        </extensions>
      </trkpt>
      <trkpt lat="48.828444667160511016845703125" lon="-3.510520420968532562255859375">
        <ele>-16.6000003814697265625</ele>
        <time>2026-07-23T16:45:35.000Z</time>
        <extensions>
          <ns3:TrackPointExtension>
            <ns3:atemp>28.0</ns3:atemp>
            <ns3:hr>87</ns3:hr>
            <ns3:cad>54</ns3:cad>
          </ns3:TrackPointExtension>
        </extensions>
      </trkpt>
      <trkpt lat="48.82839865051209926605224609375" lon="-3.51054028607904911041259765625">
        <ele>-16.6000003814697265625</ele>
        <time>2026-07-23T16:45:39.000Z</time>
        <extensions>
          <ns3:TrackPointExtension>
            <ns3:atemp>28.0</ns3:atemp>
            <ns3:hr>87</ns3:hr>
            <ns3:cad>54</ns3:cad>
          </ns3:TrackPointExtension>
        </extensions>
      </trkpt>
      <trkpt lat="48.82828113622963428497314453125" lon="-3.51052670739591121673583984375">
        <ele>-16.799999237060546875</ele>
        <time>2026-07-23T16:45:49.000Z</time>
        <extensions>
          <ns3:TrackPointExtension>
            <ns3:atemp>28.0</ns3:atemp>
            <ns3:hr>86</ns3:hr>
            <ns3:cad>55</ns3:cad>
          </ns3:TrackPointExtension>
        </extensions>
      </trkpt>
      <trkpt lat="48.82818357087671756744384765625" lon="-3.51051581092178821563720703125">
        <ele>-16.3999996185302734375</ele>
        <time>2026-07-23T16:45:57.000Z</time>
        <extensions>
          <ns3:TrackPointExtension>
            <ns3:atemp>28.0</ns3:atemp>
            <ns3:hr>86</ns3:hr>
            <ns3:cad>54</ns3:cad>
          </ns3:TrackPointExtension>
        </extensions>
      </trkpt>
      <trkpt lat="48.82817183621227741241455078125" lon="-3.51052117533981800079345703125">
        <ele>-16.3999996185302734375</ele>
        <time>2026-07-23T16:45:58.000Z</time>
        <extensions>
          <ns3:TrackPointExtension>
            <ns3:atemp>28.0</ns3:atemp>
            <ns3:hr>82</ns3:hr>
            <ns3:cad>53</ns3:cad>
          </ns3:TrackPointExtension>
        </extensions>
      </trkpt>
      <trkpt lat="48.82816093973815441131591796875" lon="-3.51052410900592803955078125">
        <ele>-16.200000762939453125</ele>
        <time>2026-07-23T16:45:59.000Z</time>
        <extensions>
          <ns3:TrackPointExtension>
            <ns3:atemp>28.0</ns3:atemp>
            <ns3:hr>86</ns3:hr>
            <ns3:cad>53</ns3:cad>
          </ns3:TrackPointExtension>
        </extensions>
      </trkpt>
      <trkpt lat="48.8281417451798915863037109375" lon="-3.51052084006369113922119140625">
        <ele>-16.3999996185302734375</ele>
        <time>2026-07-23T16:46:01.000Z</time>
        <extensions>
          <ns3:TrackPointExtension>
            <ns3:atemp>28.0</ns3:atemp>
            <ns3:hr>84</ns3:hr>
            <ns3:cad>53</ns3:cad>
          </ns3:TrackPointExtension>
        </extensions>
      </trkpt>
      <trkpt lat="48.828095309436321258544921875" lon="-3.5105095244944095611572265625">
        <ele>-16.200000762939453125</ele>
        <time>2026-07-23T16:46:05.000Z</time>
        <extensions>
          <ns3:TrackPointExtension>
            <ns3:atemp>28.0</ns3:atemp>
            <ns3:hr>87</ns3:hr>
            <ns3:cad>55</ns3:cad>
          </ns3:TrackPointExtension>
        </extensions>
      </trkpt>
      <trkpt lat="48.8280676491558551788330078125" lon="-3.51050340570509433746337890625">
        <ele>-16.200000762939453125</ele>
        <time>2026-07-23T16:46:08.000Z</time>
        <extensions>
          <ns3:TrackPointExtension>
            <ns3:atemp>28.0</ns3:atemp>
            <ns3:hr>86</ns3:hr>
            <ns3:cad>54</ns3:cad>
          </ns3:TrackPointExtension>
        </extensions>
      </trkpt>
      <trkpt lat="48.82804325781762599945068359375" lon="-3.5104736499488353729248046875">
        <ele>-16</ele>
        <time>2026-07-23T16:46:15.000Z</time>
        <extensions>
          <ns3:TrackPointExtension>
            <ns3:atemp>28.0</ns3:atemp>
            <ns3:hr>82</ns3:hr>
            <ns3:cad>0</ns3:cad>
          </ns3:TrackPointExtension>
        </extensions>
      </trkpt>
      <trkpt lat="48.8280438445508480072021484375" lon="-3.51047323085367679595947265625">
        <ele>-15.80000019073486328125</ele>
        <time>2026-07-23T16:46:16.000Z</time>
        <extensions>
          <ns3:TrackPointExtension>
            <ns3:atemp>28.0</ns3:atemp>
            <ns3:hr>85</ns3:hr>
            <ns3:cad>0</ns3:cad>
          </ns3:TrackPointExtension>
        </extensions>
      </trkpt>
      <trkpt lat="48.82800654508173465728759765625" lon="-3.51048831827938556671142578125">
        <ele>-15.80000019073486328125</ele>
        <time>2026-07-23T16:46:26.000Z</time>
        <extensions>
          <ns3:TrackPointExtension>
            <ns3:atemp>28.0</ns3:atemp>
            <ns3:hr>85</ns3:hr>
            <ns3:cad>50</ns3:cad>
          </ns3:TrackPointExtension>
        </extensions>
      </trkpt>
      <trkpt lat="48.8279596902430057525634765625" lon="-3.51049904711544513702392578125">
        <ele>-15</ele>
        <time>2026-07-23T16:46:33.000Z</time>
        <extensions>
          <ns3:TrackPointExtension>
            <ns3:atemp>28.0</ns3:atemp>
            <ns3:hr>87</ns3:hr>
            <ns3:cad>0</ns3:cad>
          </ns3:TrackPointExtension>
        </extensions>
      </trkpt>
      <trkpt lat="48.82787964306771755218505859375" lon="-3.510535843670368194580078125">
        <ele>-16</ele>
        <time>2026-07-23T16:46:41.000Z</time>
        <extensions>
          <ns3:TrackPointExtension>
            <ns3:atemp>28.0</ns3:atemp>
            <ns3:hr>85</ns3:hr>
            <ns3:cad>53</ns3:cad>
          </ns3:TrackPointExtension>
        </extensions>
      </trkpt>
      <trkpt lat="48.8277726061642169952392578125" lon="-3.51052821613848209381103515625">
        <ele>-15.6000003814697265625</ele>
        <time>2026-07-23T16:46:50.000Z</time>
        <extensions>
          <ns3:TrackPointExtension>
            <ns3:atemp>28.0</ns3:atemp>
            <ns3:hr>84</ns3:hr>
            <ns3:cad>55</ns3:cad>
          </ns3:TrackPointExtension>
        </extensions>
      </trkpt>
      <trkpt lat="48.827682919800281524658203125" lon="-3.51049820892512798309326171875">
        <ele>-15.6000003814697265625</ele>
        <time>2026-07-23T16:46:58.000Z</time>
        <extensions>
          <ns3:TrackPointExtension>
            <ns3:atemp>28.0</ns3:atemp>
            <ns3:hr>87</ns3:hr>
            <ns3:cad>54</ns3:cad>
          </ns3:TrackPointExtension>
        </extensions>
      </trkpt>
      <trkpt lat="48.82764436304569244384765625" lon="-3.51049250923097133636474609375">
        <ele>-15.6000003814697265625</ele>
        <time>2026-07-23T16:47:01.000Z</time>
        <extensions>
          <ns3:TrackPointExtension>
            <ns3:atemp>28.0</ns3:atemp>
            <ns3:hr>87</ns3:hr>
            <ns3:cad>55</ns3:cad>
          </ns3:TrackPointExtension>
        </extensions>
      </trkpt>
      <trkpt lat="48.82755140773952007293701171875" lon="-3.510509021580219268798828125">
        <ele>-15.6000003814697265625</ele>
        <time>2026-07-23T16:47:09.000Z</time>
        <extensions>
          <ns3:TrackPointExtension>
            <ns3:atemp>28.0</ns3:atemp>
            <ns3:hr>88</ns3:hr>
            <ns3:cad>56</ns3:cad>
          </ns3:TrackPointExtension>
        </extensions>
      </trkpt>
      <trkpt lat="48.82746892981231212615966796875" lon="-3.5105004720389842987060546875">
        <ele>-15.80000019073486328125</ele>
        <time>2026-07-23T16:47:16.000Z</time>
        <extensions>
          <ns3:TrackPointExtension>
            <ns3:atemp>28.0</ns3:atemp>
            <ns3:hr>87</ns3:hr>
            <ns3:cad>55</ns3:cad>
          </ns3:TrackPointExtension>
        </extensions>
      </trkpt>
      <trkpt lat="48.82732392288744449615478515625" lon="-3.51049938239157199859619140625">
        <ele>-15.3999996185302734375</ele>
        <time>2026-07-23T16:47:28.000Z</time>
        <extensions>
          <ns3:TrackPointExtension>
            <ns3:atemp>27.0</ns3:atemp>
            <ns3:hr>88</ns3:hr>
            <ns3:cad>55</ns3:cad>
          </ns3:TrackPointExtension>
        </extensions>
      </trkpt>
      <trkpt lat="48.827266506850719451904296875" lon="-3.51050659082829952239990234375">
        <ele>-14.80000019073486328125</ele>
        <time>2026-07-23T16:47:33.000Z</time>
        <extensions>
          <ns3:TrackPointExtension>
            <ns3:atemp>28.0</ns3:atemp>
            <ns3:hr>88</ns3:hr>
            <ns3:cad>55</ns3:cad>
          </ns3:TrackPointExtension>
        </extensions>
      </trkpt>
      <trkpt lat="48.82719920016825199127197265625" lon="-3.510513715445995330810546875">
        <ele>-14.6000003814697265625</ele>
        <time>2026-07-23T16:47:38.000Z</time>
        <extensions>
          <ns3:TrackPointExtension>
            <ns3:atemp>27.0</ns3:atemp>
            <ns3:hr>89</ns3:hr>
            <ns3:cad>54</ns3:cad>
          </ns3:TrackPointExtension>
        </extensions>
      </trkpt>
      <trkpt lat="48.827149830758571624755859375" lon="-3.5105165652930736541748046875">
        <ele>-14.3999996185302734375</ele>
        <time>2026-07-23T16:47:42.000Z</time>
        <extensions>
          <ns3:TrackPointExtension>
            <ns3:atemp>27.0</ns3:atemp>
            <ns3:hr>92</ns3:hr>
            <ns3:cad>54</ns3:cad>
          </ns3:TrackPointExtension>
        </extensions>
      </trkpt>
      <trkpt lat="48.827051259577274322509765625" lon="-3.51052687503397464752197265625">
        <ele>-14.19999980926513671875</ele>
        <time>2026-07-23T16:47:50.000Z</time>
        <extensions>
          <ns3:TrackPointExtension>
            <ns3:atemp>27.0</ns3:atemp>
            <ns3:hr>92</ns3:hr>
            <ns3:cad>56</ns3:cad>
          </ns3:TrackPointExtension>
        </extensions>
      </trkpt>
      <trkpt lat="48.82693349383771419525146484375" lon="-3.5105138830840587615966796875">
        <ele>-13.80000019073486328125</ele>
        <time>2026-07-23T16:48:00.000Z</time>
        <extensions>
          <ns3:TrackPointExtension>
            <ns3:atemp>27.0</ns3:atemp>
            <ns3:hr>91</ns3:hr>
            <ns3:cad>56</ns3:cad>
          </ns3:TrackPointExtension>
        </extensions>
      </trkpt>
      <trkpt lat="48.82690935395658016204833984375" lon="-3.51051078177988529205322265625">
        <ele>-13.6000003814697265625</ele>
        <time>2026-07-23T16:48:02.000Z</time>
        <extensions>
          <ns3:TrackPointExtension>
            <ns3:atemp>27.0</ns3:atemp>
            <ns3:hr>91</ns3:hr>
            <ns3:cad>55</ns3:cad>
          </ns3:TrackPointExtension>
        </extensions>
      </trkpt>
      <trkpt lat="48.8268482498824596405029296875" lon="-3.5105001367628574371337890625">
        <ele>-13.6000003814697265625</ele>
        <time>2026-07-23T16:48:09.000Z</time>
        <extensions>
          <ns3:TrackPointExtension>
            <ns3:atemp>27.0</ns3:atemp>
            <ns3:hr>90</ns3:hr>
            <ns3:cad>0</ns3:cad>
          </ns3:TrackPointExtension>
        </extensions>
      </trkpt>
      <trkpt lat="48.8267905823886394500732421875" lon="-3.51049192249774932861328125">
        <ele>-13.6000003814697265625</ele>
        <time>2026-07-23T16:48:17.000Z</time>
        <extensions>
          <ns3:TrackPointExtension>
            <ns3:atemp>27.0</ns3:atemp>
            <ns3:hr>89</ns3:hr>
            <ns3:cad>0</ns3:cad>
          </ns3:TrackPointExtension>
        </extensions>
      </trkpt>
      <trkpt lat="48.82669745944440364837646484375" lon="-3.510500304400920867919921875">
        <ele>-13.19999980926513671875</ele>
        <time>2026-07-23T16:48:25.000Z</time>
        <extensions>
          <ns3:TrackPointExtension>
            <ns3:atemp>27.0</ns3:atemp>
            <ns3:hr>88</ns3:hr>
            <ns3:cad>53</ns3:cad>
          </ns3:TrackPointExtension>
        </extensions>
      </trkpt>
      <trkpt lat="48.82663241587579250335693359375" lon="-3.5105014778673648834228515625">
        <ele>-13</ele>
        <time>2026-07-23T16:48:31.000Z</time>
        <extensions>
          <ns3:TrackPointExtension>
            <ns3:atemp>27.0</ns3:atemp>
            <ns3:hr>88</ns3:hr>
            <ns3:cad>55</ns3:cad>
          </ns3:TrackPointExtension>
        </extensions>
      </trkpt>
      <trkpt lat="48.82656200788915157318115234375" lon="-3.5104941017925739288330078125">
        <ele>-12.6000003814697265625</ele>
        <time>2026-07-23T16:48:35.000Z</time>
        <extensions>
          <ns3:TrackPointExtension>
            <ns3:atemp>27.0</ns3:atemp>
            <ns3:hr>89</ns3:hr>
            <ns3:cad>55</ns3:cad>
          </ns3:TrackPointExtension>
        </extensions>
      </trkpt>
      <trkpt lat="48.82652076892554759979248046875" lon="-3.510490916669368743896484375">
        <ele>-12.3999996185302734375</ele>
        <time>2026-07-23T16:48:38.000Z</time>
        <extensions>
          <ns3:TrackPointExtension>
            <ns3:atemp>27.0</ns3:atemp>
            <ns3:hr>92</ns3:hr>
            <ns3:cad>55</ns3:cad>
          </ns3:TrackPointExtension>
        </extensions>
      </trkpt>
      <trkpt lat="48.8264693878591060638427734375" lon="-3.5104900784790515899658203125">
        <ele>-12.3999996185302734375</ele>
        <time>2026-07-23T16:48:43.000Z</time>
        <extensions>
          <ns3:TrackPointExtension>
            <ns3:atemp>27.0</ns3:atemp>
            <ns3:hr>93</ns3:hr>
            <ns3:cad>56</ns3:cad>
          </ns3:TrackPointExtension>
        </extensions>
      </trkpt>
      <trkpt lat="48.82644264958798885345458984375" lon="-3.51049820892512798309326171875">
        <ele>-12.3999996185302734375</ele>
        <time>2026-07-23T16:48:45.000Z</time>
        <extensions>
          <ns3:TrackPointExtension>
            <ns3:atemp>27.0</ns3:atemp>
            <ns3:hr>94</ns3:hr>
            <ns3:cad>55</ns3:cad>
          </ns3:TrackPointExtension>
        </extensions>
      </trkpt>
      <trkpt lat="48.82639805786311626434326171875" lon="-3.51051740348339080810546875">
        <ele>-12.3999996185302734375</ele>
        <time>2026-07-23T16:48:48.000Z</time>
        <extensions>
          <ns3:TrackPointExtension>
            <ns3:atemp>27.0</ns3:atemp>
            <ns3:hr>93</ns3:hr>
            <ns3:cad>54</ns3:cad>
          </ns3:TrackPointExtension>
        </extensions>
      </trkpt>
      <trkpt lat="48.82637970149517059326171875" lon="-3.51051899604499340057373046875">
        <ele>-12.3999996185302734375</ele>
        <time>2026-07-23T16:48:49.000Z</time>
        <extensions>
          <ns3:TrackPointExtension>
            <ns3:atemp>27.0</ns3:atemp>
            <ns3:hr>94</ns3:hr>
            <ns3:cad>54</ns3:cad>
          </ns3:TrackPointExtension>
        </extensions>
      </trkpt>
      <trkpt lat="48.826347850263118743896484375" lon="-3.5105274617671966552734375">
        <ele>-12</ele>
        <time>2026-07-23T16:48:51.000Z</time>
        <extensions>
          <ns3:TrackPointExtension>
            <ns3:atemp>27.0</ns3:atemp>
            <ns3:hr>94</ns3:hr>
            <ns3:cad>53</ns3:cad>
          </ns3:TrackPointExtension>
        </extensions>
      </trkpt>
      <trkpt lat="48.82633008062839508056640625" lon="-3.5105172358453273773193359375">
        <ele>-12</ele>
        <time>2026-07-23T16:48:53.000Z</time>
        <extensions>
          <ns3:TrackPointExtension>
            <ns3:atemp>27.0</ns3:atemp>
            <ns3:hr>94</ns3:hr>
            <ns3:cad>55</ns3:cad>
          </ns3:TrackPointExtension>
        </extensions>
      </trkpt>
      <trkpt lat="48.82622689940035343170166015625" lon="-3.5104454867541790008544921875">
        <ele>-11.6000003814697265625</ele>
        <time>2026-07-23T16:49:02.000Z</time>
        <extensions>
          <ns3:TrackPointExtension>
            <ns3:atemp>27.0</ns3:atemp>
            <ns3:hr>96</ns3:hr>
            <ns3:cad>55</ns3:cad>
          </ns3:TrackPointExtension>
        </extensions>
      </trkpt>
      <trkpt lat="48.82621742784976959228515625" lon="-3.51044137962162494659423828125">
        <ele>-11.6000003814697265625</ele>
        <time>2026-07-23T16:49:03.000Z</time>
        <extensions>
          <ns3:TrackPointExtension>
            <ns3:atemp>27.0</ns3:atemp>
            <ns3:hr>96</ns3:hr>
            <ns3:cad>55</ns3:cad>
          </ns3:TrackPointExtension>
        </extensions>
      </trkpt>
      <trkpt lat="48.826093375682830810546875" lon="-3.51040533743798732757568359375">
        <ele>-10.80000019073486328125</ele>
        <time>2026-07-23T16:49:14.000Z</time>
        <extensions>
          <ns3:TrackPointExtension>
            <ns3:atemp>27.0</ns3:atemp>
            <ns3:hr>95</ns3:hr>
            <ns3:cad>55</ns3:cad>
          </ns3:TrackPointExtension>
        </extensions>
      </trkpt>
      <trkpt lat="48.82601701654493808746337890625" lon="-3.510380946099758148193359375">
        <ele>-10.6000003814697265625</ele>
        <time>2026-07-23T16:49:21.000Z</time>
        <extensions>
          <ns3:TrackPointExtension>
            <ns3:atemp>28.0</ns3:atemp>
            <ns3:hr>95</ns3:hr>
            <ns3:cad>53</ns3:cad>
          </ns3:TrackPointExtension>
        </extensions>
      </trkpt>
      <trkpt lat="48.82600662298500537872314453125" lon="-3.5103861428797245025634765625">
        <ele>-10.6000003814697265625</ele>
        <time>2026-07-23T16:49:22.000Z</time>
        <extensions>
          <ns3:TrackPointExtension>
            <ns3:atemp>28.0</ns3:atemp>
            <ns3:hr>96</ns3:hr>
            <ns3:cad>53</ns3:cad>
          </ns3:TrackPointExtension>
        </extensions>
      </trkpt>
      <trkpt lat="48.8259882666170597076416015625" lon="-3.5103945247828960418701171875">
        <ele>-10.6000003814697265625</ele>
        <time>2026-07-23T16:49:24.000Z</time>
        <extensions>
          <ns3:TrackPointExtension>
            <ns3:atemp>27.0</ns3:atemp>
            <ns3:hr>96</ns3:hr>
            <ns3:cad>53</ns3:cad>
          </ns3:TrackPointExtension>
        </extensions>
      </trkpt>
      <trkpt lat="48.82595381699502468109130859375" lon="-3.5104067623615264892578125">
        <ele>-10.3999996185302734375</ele>
        <time>2026-07-23T16:49:27.000Z</time>
        <extensions>
          <ns3:TrackPointExtension>
            <ns3:atemp>28.0</ns3:atemp>
            <ns3:hr>97</ns3:hr>
            <ns3:cad>54</ns3:cad>
          </ns3:TrackPointExtension>
        </extensions>
      </trkpt>
      <trkpt lat="48.82593386806547641754150390625" lon="-3.51039125584065914154052734375">
        <ele>-10.3999996185302734375</ele>
        <time>2026-07-23T16:49:30.000Z</time>
        <extensions>
          <ns3:TrackPointExtension>
            <ns3:atemp>27.0</ns3:atemp>
            <ns3:hr>94</ns3:hr>
            <ns3:cad>0</ns3:cad>
          </ns3:TrackPointExtension>
        </extensions>
      </trkpt>
      <trkpt lat="48.82593302987515926361083984375" lon="-3.51039025001227855682373046875">
        <ele>-10.3999996185302734375</ele>
        <time>2026-07-23T16:49:31.000Z</time>
        <extensions>
          <ns3:TrackPointExtension>
            <ns3:atemp>28.0</ns3:atemp>
            <ns3:hr>97</ns3:hr>
            <ns3:cad>0</ns3:cad>
          </ns3:TrackPointExtension>
        </extensions>
      </trkpt>
      <trkpt lat="48.82593638263642787933349609375" lon="-3.51039075292646884918212890625">
        <ele>-10</ele>
        <time>2026-07-23T16:49:37.000Z</time>
        <extensions>
          <ns3:TrackPointExtension>
            <ns3:atemp>28.0</ns3:atemp>
            <ns3:hr>99</ns3:hr>
            <ns3:cad>0</ns3:cad>
          </ns3:TrackPointExtension>
        </extensions>
      </trkpt>
      <trkpt lat="48.82593587972223758697509765625" lon="-3.51039058528840541839599609375">
        <ele>-10.19999980926513671875</ele>
        <time>2026-07-23T16:49:53.000Z</time>
        <extensions>
          <ns3:TrackPointExtension>
            <ns3:atemp>28.0</ns3:atemp>
            <ns3:hr>96</ns3:hr>
            <ns3:cad>0</ns3:cad>
          </ns3:TrackPointExtension>
        </extensions>
      </trkpt>
      <trkpt lat="48.82593587972223758697509765625" lon="-3.51039025001227855682373046875">
        <ele>-10</ele>
        <time>2026-07-23T16:49:55.000Z</time>
        <extensions>
          <ns3:TrackPointExtension>
            <ns3:atemp>28.0</ns3:atemp>
            <ns3:hr>93</ns3:hr>
            <ns3:cad>0</ns3:cad>
          </ns3:TrackPointExtension>
        </extensions>
      </trkpt>
      <trkpt lat="48.82593604736030101776123046875" lon="-3.5103884898126125335693359375">
        <ele>-10</ele>
        <time>2026-07-23T16:49:58.000Z</time>
        <extensions>
          <ns3:TrackPointExtension>
            <ns3:atemp>28.0</ns3:atemp>
            <ns3:hr>90</ns3:hr>
            <ns3:cad>0</ns3:cad>
          </ns3:TrackPointExtension>
        </extensions>
      </trkpt>
      <trkpt lat="48.82593621499836444854736328125" lon="-3.51038438268005847930908203125">
        <ele>-9.3999996185302734375</ele>
        <time>2026-07-23T16:50:01.000Z</time>
        <extensions>
          <ns3:TrackPointExtension>
            <ns3:atemp>28.0</ns3:atemp>
            <ns3:hr>87</ns3:hr>
            <ns3:cad>0</ns3:cad>
          </ns3:TrackPointExtension>
        </extensions>
      </trkpt>
      <trkpt lat="48.8259364664554595947265625" lon="-3.51038061082363128662109375">
        <ele>-9</ele>
        <time>2026-07-23T16:50:06.000Z</time>
        <extensions>
          <ns3:TrackPointExtension>
            <ns3:atemp>28.0</ns3:atemp>
            <ns3:hr>84</ns3:hr>
            <ns3:cad>0</ns3:cad>
          </ns3:TrackPointExtension>
        </extensions>
      </trkpt>
      <trkpt lat="48.825893215835094451904296875" lon="-3.5103945247828960418701171875">
        <ele>-9.80000019073486328125</ele>
        <time>2026-07-23T16:50:30.000Z</time>
        <extensions>
          <ns3:TrackPointExtension>
            <ns3:atemp>28.0</ns3:atemp>
            <ns3:hr>84</ns3:hr>
            <ns3:cad>51</ns3:cad>
          </ns3:TrackPointExtension>
        </extensions>
      </trkpt>
      <trkpt lat="48.82579137571156024932861328125" lon="-3.51051933132112026214599609375">
        <ele>-9.3999996185302734375</ele>
        <time>2026-07-23T16:50:40.000Z</time>
        <extensions>
          <ns3:TrackPointExtension>
            <ns3:atemp>28.0</ns3:atemp>
            <ns3:hr>84</ns3:hr>
            <ns3:cad>50</ns3:cad>
          </ns3:TrackPointExtension>
        </extensions>
      </trkpt>
      <trkpt lat="48.82578383199870586395263671875" lon="-3.5105323232710361480712890625">
        <ele>-9.6000003814697265625</ele>
        <time>2026-07-23T16:50:41.000Z</time>
        <extensions>
          <ns3:TrackPointExtension>
            <ns3:atemp>28.0</ns3:atemp>
            <ns3:hr>84</ns3:hr>
            <ns3:cad>51</ns3:cad>
          </ns3:TrackPointExtension>
        </extensions>
      </trkpt>
      <trkpt lat="48.825730942189693450927734375" lon="-3.51060516200959682464599609375">
        <ele>-9.6000003814697265625</ele>
        <time>2026-07-23T16:50:47.000Z</time>
        <extensions>
          <ns3:TrackPointExtension>
            <ns3:atemp>28.0</ns3:atemp>
            <ns3:hr>84</ns3:hr>
            <ns3:cad>51</ns3:cad>
          </ns3:TrackPointExtension>
        </extensions>
      </trkpt>
      <trkpt lat="48.825659863650798797607421875" lon="-3.5107140429317951202392578125">
        <ele>-9.3999996185302734375</ele>
        <time>2026-07-23T16:50:57.000Z</time>
        <extensions>
          <ns3:TrackPointExtension>
            <ns3:atemp>28.0</ns3:atemp>
            <ns3:hr>86</ns3:hr>
            <ns3:cad>50</ns3:cad>
          </ns3:TrackPointExtension>
        </extensions>
      </trkpt>
      <trkpt lat="48.82565793581306934356689453125" lon="-3.51072468794882297515869140625">
        <ele>-8.80000019073486328125</ele>
        <time>2026-07-23T16:51:02.000Z</time>
        <extensions>
          <ns3:TrackPointExtension>
            <ns3:atemp>28.0</ns3:atemp>
            <ns3:hr>89</ns3:hr>
            <ns3:cad>0</ns3:cad>
          </ns3:TrackPointExtension>
        </extensions>
      </trkpt>
      <trkpt lat="48.82565491832792758941650390625" lon="-3.51072384975850582122802734375">
        <ele>-8.6000003814697265625</ele>
        <time>2026-07-23T16:51:03.000Z</time>
        <extensions>
          <ns3:TrackPointExtension>
            <ns3:atemp>28.0</ns3:atemp>
            <ns3:hr>89</ns3:hr>
            <ns3:cad>0</ns3:cad>
          </ns3:TrackPointExtension>
        </extensions>
      </trkpt>
      <trkpt lat="48.8256543315947055816650390625" lon="-3.51072519086301326751708984375">
        <ele>-8.3999996185302734375</ele>
        <time>2026-07-23T16:51:05.000Z</time>
        <extensions>
          <ns3:TrackPointExtension>
            <ns3:atemp>28.0</ns3:atemp>
            <ns3:hr>89</ns3:hr>
            <ns3:cad>0</ns3:cad>
          </ns3:TrackPointExtension>
        </extensions>
      </trkpt>
      <trkpt lat="48.82566229440271854400634765625" lon="-3.51075586862862110137939453125">
        <ele>-8.6000003814697265625</ele>
        <time>2026-07-23T16:51:10.000Z</time>
        <extensions>
          <ns3:TrackPointExtension>
            <ns3:atemp>28.0</ns3:atemp>
            <ns3:hr>88</ns3:hr>
            <ns3:cad>75</ns3:cad>
          </ns3:TrackPointExtension>
        </extensions>
      </trkpt>
      <trkpt lat="48.8256506435573101043701171875" lon="-3.5107676871120929718017578125">
        <ele>-8.80000019073486328125</ele>
        <time>2026-07-23T16:51:15.000Z</time>
        <extensions>
          <ns3:TrackPointExtension>
            <ns3:atemp>28.0</ns3:atemp>
            <ns3:hr>87</ns3:hr>
            <ns3:cad>48</ns3:cad>
          </ns3:TrackPointExtension>
        </extensions>
      </trkpt>
      <trkpt lat="48.8256414234638214111328125" lon="-3.5107670165598392486572265625">
        <ele>-8.6000003814697265625</ele>
        <time>2026-07-23T16:51:20.000Z</time>
        <extensions>
          <ns3:TrackPointExtension>
            <ns3:atemp>28.0</ns3:atemp>
            <ns3:hr>86</ns3:hr>
            <ns3:cad>0</ns3:cad>
          </ns3:TrackPointExtension>
        </extensions>
      </trkpt>
      <trkpt lat="48.82564418949186801910400390625" lon="-3.51076894439756870269775390625">
        <ele>-8.3999996185302734375</ele>
        <time>2026-07-23T16:51:34.000Z</time>
        <extensions>
          <ns3:TrackPointExtension>
            <ns3:atemp>28.0</ns3:atemp>
            <ns3:hr>85</ns3:hr>
            <ns3:cad>0</ns3:cad>
          </ns3:TrackPointExtension>
        </extensions>
      </trkpt>
      <trkpt lat="48.82564477622509002685546875" lon="-3.51077087223529815673828125">
        <ele>-8.6000003814697265625</ele>
        <time>2026-07-23T16:51:59.000Z</time>
        <extensions>
          <ns3:TrackPointExtension>
            <ns3:atemp>28.0</ns3:atemp>
            <ns3:hr>82</ns3:hr>
            <ns3:cad>0</ns3:cad>
          </ns3:TrackPointExtension>
        </extensions>
      </trkpt>
      <trkpt lat="48.82564477622509002685546875" lon="-3.51075871847569942474365234375">
        <ele>-8.19999980926513671875</ele>
        <time>2026-07-23T16:52:33.000Z</time>
        <extensions>
          <ns3:TrackPointExtension>
            <ns3:atemp>28.0</ns3:atemp>
            <ns3:hr>85</ns3:hr>
            <ns3:cad>0</ns3:cad>
          </ns3:TrackPointExtension>
        </extensions>
      </trkpt>
      <trkpt lat="48.82564955390989780426025390625" lon="-3.51075653918087482452392578125">
        <ele>-7.400000095367431640625</ele>
        <time>2026-07-23T16:52:43.000Z</time>
        <extensions>
          <ns3:TrackPointExtension>
            <ns3:atemp>28.0</ns3:atemp>
            <ns3:hr>88</ns3:hr>
            <ns3:cad>0</ns3:cad>
          </ns3:TrackPointExtension>
        </extensions>
      </trkpt>
      <trkpt lat="48.82565072737634181976318359375" lon="-3.5107495822012424468994140625">
        <ele>-8.6000003814697265625</ele>
        <time>2026-07-23T16:52:54.000Z</time>
        <extensions>
          <ns3:TrackPointExtension>
            <ns3:atemp>28.0</ns3:atemp>
            <ns3:hr>89</ns3:hr>
            <ns3:cad>0</ns3:cad>
          </ns3:TrackPointExtension>
        </extensions>
      </trkpt>
    </trkseg>
  </trk>
</gpx>
