<?xml version="1.0" encoding="UTF-8"?>
<TrainingCenterDatabase
  xsi:schemaLocation="http://www.garmin.com/xmlschemas/TrainingCenterDatabase/v2 http://www.garmin.com/xmlschemas/TrainingCenterDatabasev2.xsd"
  xmlns:ns5="http://www.garmin.com/xmlschemas/ActivityGoals/v1"
  xmlns:ns3="http://www.garmin.com/xmlschemas/ActivityExtension/v2"
  xmlns:ns2="http://www.garmin.com/xmlschemas/UserProfile/v2"
  xmlns="http://www.garmin.com/xmlschemas/TrainingCenterDatabase/v2"
  xmlns:xsi="http://www.w3.org/2001/XMLSchema-instance" xmlns:ns4="http://www.garmin.com/xmlschemas/ProfileExtension/v1">
  <Activities>
    <Activity Sport="Running">
      <Id>2026-06-21T06:06:15.000Z</Id>
      <Lap StartTime="2026-06-21T06:06:15.000Z">
        <TotalTimeSeconds>3101.005</TotalTimeSeconds>
        <DistanceMeters>7365.88</DistanceMeters>
        <MaximumSpeed>3.0980000495910645</MaximumSpeed>
        <Calories>541</Calories>
        <AverageHeartRateBpm>
          <Value>131</Value>
        </AverageHeartRateBpm>
        <MaximumHeartRateBpm>
          <Value>148</Value>
        </MaximumHeartRateBpm>
        <Intensity>Active</Intensity>
        <TriggerMethod>Manual</TriggerMethod>
        <Track>
          <Trackpoint>
            <Time>2026-06-21T06:06:15.000Z</Time>
            <Position>
              <LatitudeDegrees>50.65990509465337</LatitudeDegrees>
              <LongitudeDegrees>3.078030562028289</LongitudeDegrees>
            </Position>
            <AltitudeMeters>27.0</AltitudeMeters>
            <DistanceMeters>0.0</DistanceMeters>
            <HeartRateBpm>
              <Value>66</Value>
            </HeartRateBpm>
            <Extensions>
              <ns3:TPX>
                <ns3:Speed>0.0</ns3:Speed>
                <ns3:RunCadence>0</ns3:RunCadence>
              </ns3:TPX>
            </Extensions>
          </Trackpoint>
          <Trackpoint>
            <Time>2026-06-21T06:06:16.000Z</Time>
            <Position>
              <LatitudeDegrees>50.65989746712148</LatitudeDegrees>
              <LongitudeDegrees>3.0780206713825464</LongitudeDegrees>
            </Position>
            <AltitudeMeters>27.0</AltitudeMeters>
            <DistanceMeters>1.100000023841858</DistanceMeters>
            <HeartRateBpm>
              <Value>66</Value>
            </HeartRateBpm>
            <Extensions>
              <ns3:TPX>
                <ns3:Speed>0.0</ns3:Speed>
                <ns3:RunCadence>0</ns3:RunCadence>
              </ns3:TPX>
            </Extensions>
          </Trackpoint>
          <Trackpoint>
            <Time>2026-06-21T06:06:26.000Z</Time>
            <Position>
              <LatitudeDegrees>50.65974893979728</LatitudeDegrees>
              <LongitudeDegrees>3.077848507091403</LongitudeDegrees>
            </Position>
            <AltitudeMeters>27.600000381469727</AltitudeMeters>
            <DistanceMeters>1.100000023841858</DistanceMeters>
            <HeartRateBpm>
              <Value>72</Value>
            </HeartRateBpm>
            <Extensions>
              <ns3:TPX>
                <ns3:Speed>1.4930000305175781</ns3:Speed>
                <ns3:RunCadence>83</ns3:RunCadence>
              </ns3:TPX>
            </Extensions>
          </Trackpoint>
          <Trackpoint>
            <Time>2026-06-21T06:06:27.000Z</Time>
            <Position>
              <LatitudeDegrees>50.65973167307675</LatitudeDegrees>
              <LongitudeDegrees>3.0778291448950768</LongitudeDegrees>
            </Position>
            <AltitudeMeters>27.600000381469727</AltitudeMeters>
            <DistanceMeters>3.4600000381469727</DistanceMeters>
            <HeartRateBpm>
              <Value>72</Value>
            </HeartRateBpm>
            <Extensions>
              <ns3:TPX>
                <ns3:Speed>2.240000009536743</ns3:Speed>
                <ns3:RunCadence>83</ns3:RunCadence>
              </ns3:TPX>
            </Extensions>
          </Trackpoint>
          <Trackpoint>
            <Time>2026-06-21T06:06:28.000Z</Time>
            <Position>
              <LatitudeDegrees>50.65971474163234</LatitudeDegrees>
              <LongitudeDegrees>3.0778061784803867</LongitudeDegrees>
            </Position>
            <AltitudeMeters>27.600000381469727</AltitudeMeters>
            <DistanceMeters>5.949999809265137</DistanceMeters>
            <HeartRateBpm>
              <Value>75</Value>
            </HeartRateBpm>
            <Extensions>
              <ns3:TPX>
                <ns3:Speed>2.305000066757202</ns3:Speed>
                <ns3:RunCadence>83</ns3:RunCadence>
              </ns3:TPX>
            </Extensions>
          </Trackpoint>
          <Trackpoint>
            <Time>2026-06-21T06:06:29.000Z</Time>
            <Position>
              <LatitudeDegrees>50.659700240939856</LatitudeDegrees>
              <LongitudeDegrees>3.077781116589904</LongitudeDegrees>
            </Position>
            <AltitudeMeters>27.799999237060547</AltitudeMeters>
            <DistanceMeters>8.34000015258789</DistanceMeters>
            <HeartRateBpm>
              <Value>77</Value>
            </HeartRateBpm>
            <Extensions>
              <ns3:TPX>
                <ns3:Speed>2.369999885559082</ns3:Speed>
                <ns3:RunCadence>83</ns3:RunCadence>
              </ns3:TPX>
            </Extensions>
          </Trackpoint>
          <Trackpoint>
            <Time>2026-06-21T06:06:31.000Z</Time>
            <Position>
              <LatitudeDegrees>50.65966461785138</LatitudeDegrees>
              <LongitudeDegrees>3.0777316633611917</LongitudeDegrees>
            </Position>
            <AltitudeMeters>27.799999237060547</AltitudeMeters>
            <DistanceMeters>13.619999885559082</DistanceMeters>
            <HeartRateBpm>
              <Value>81</Value>
            </HeartRateBpm>
            <Extensions>
              <ns3:TPX>
                <ns3:Speed>2.4170000553131104</ns3:Speed>
                <ns3:RunCadence>83</ns3:RunCadence>
              </ns3:TPX>
            </Extensions>
          </Trackpoint>
          <Trackpoint>
            <Time>2026-06-21T06:06:33.000Z</Time>
            <Position>
              <LatitudeDegrees>50.659635281190276</LatitudeDegrees>
              <LongitudeDegrees>3.077683048322797</LongitudeDegrees>
            </Position>
            <AltitudeMeters>27.799999237060547</AltitudeMeters>
            <DistanceMeters>18.34000015258789</DistanceMeters>
            <HeartRateBpm>
              <Value>85</Value>
            </HeartRateBpm>
            <Extensions>
              <ns3:TPX>
                <ns3:Speed>2.444999933242798</ns3:Speed>
                <ns3:RunCadence>83</ns3:RunCadence>
              </ns3:TPX>
            </Extensions>
          </Trackpoint>
          <Trackpoint>
            <Time>2026-06-21T06:06:35.000Z</Time>
            <Position>
              <LatitudeDegrees>50.65959571860731</LatitudeDegrees>
              <LongitudeDegrees>3.077634433284402</LongitudeDegrees>
            </Position>
            <AltitudeMeters>27.799999237060547</AltitudeMeters>
            <DistanceMeters>23.899999618530273</DistanceMeters>
            <HeartRateBpm>
              <Value>89</Value>
            </HeartRateBpm>
            <Extensions>
              <ns3:TPX>
                <ns3:Speed>2.4639999866485596</ns3:Speed>
                <ns3:RunCadence>83</ns3:RunCadence>
              </ns3:TPX>
            </Extensions>
          </Trackpoint>
          <Trackpoint>
            <Time>2026-06-21T06:06:36.000Z</Time>
            <Position>
              <LatitudeDegrees>50.65957543440163</LatitudeDegrees>
              <LongitudeDegrees>3.0776156578212976</LongitudeDegrees>
            </Position>
            <AltitudeMeters>28.0</AltitudeMeters>
            <DistanceMeters>26.520000457763672</DistanceMeters>
            <HeartRateBpm>
              <Value>93</Value>
            </HeartRateBpm>
            <Extensions>
              <ns3:TPX>
                <ns3:Speed>2.4730000495910645</ns3:Speed>
                <ns3:RunCadence>83</ns3:RunCadence>
              </ns3:TPX>
            </Extensions>
          </Trackpoint>
          <Trackpoint>
            <Time>2026-06-21T06:06:38.000Z</Time>
            <Position>
              <LatitudeDegrees>50.659545846283436</LatitudeDegrees>
              <LongitudeDegrees>3.0775802861899137</LongitudeDegrees>
            </Position>
            <AltitudeMeters>28.0</AltitudeMeters>
            <DistanceMeters>30.690000534057617</DistanceMeters>
            <HeartRateBpm>
              <Value>97</Value>
            </HeartRateBpm>
            <Extensions>
              <ns3:TPX>
                <ns3:Speed>2.4820001125335693</ns3:Speed>
                <ns3:RunCadence>83</ns3:RunCadence>
              </ns3:TPX>
            </Extensions>
          </Trackpoint>
          <Trackpoint>
            <Time>2026-06-21T06:06:40.000Z</Time>
            <Position>
              <LatitudeDegrees>50.65951516851783</LatitudeDegrees>
              <LongitudeDegrees>3.077537538483739</LongitudeDegrees>
            </Position>
            <AltitudeMeters>28.0</AltitudeMeters>
            <DistanceMeters>35.220001220703125</DistanceMeters>
            <HeartRateBpm>
              <Value>100</Value>
            </HeartRateBpm>
            <Extensions>
              <ns3:TPX>
                <ns3:Speed>2.4730000495910645</ns3:Speed>
                <ns3:RunCadence>83</ns3:RunCadence>
              </ns3:TPX>
            </Extensions>
          </Trackpoint>
          <Trackpoint>
            <Time>2026-06-21T06:06:41.000Z</Time>
            <Position>
              <LatitudeDegrees>50.65949555486441</LatitudeDegrees>
              <LongitudeDegrees>3.0775173380970955</LongitudeDegrees>
            </Position>
            <AltitudeMeters>28.0</AltitudeMeters>
            <DistanceMeters>37.81999969482422</DistanceMeters>
            <HeartRateBpm>
              <Value>101</Value>
            </HeartRateBpm>
            <Extensions>
              <ns3:TPX>
                <ns3:Speed>2.4639999866485596</ns3:Speed>
                <ns3:RunCadence>82</ns3:RunCadence>
              </ns3:TPX>
            </Extensions>
          </Trackpoint>
          <Trackpoint>
            <Time>2026-06-21T06:06:44.000Z</Time>
            <Position>
              <LatitudeDegrees>50.659436378628016</LatitudeDegrees>
              <LongitudeDegrees>3.077446175739169</LongitudeDegrees>
            </Position>
            <AltitudeMeters>28.0</AltitudeMeters>
            <DistanceMeters>46.119998931884766</DistanceMeters>
            <HeartRateBpm>
              <Value>103</Value>
            </HeartRateBpm>
            <Extensions>
              <ns3:TPX>
                <ns3:Speed>2.444999933242798</ns3:Speed>
                <ns3:RunCadence>83</ns3:RunCadence>
              </ns3:TPX>
            </Extensions>
          </Trackpoint>
          <Trackpoint>
            <Time>2026-06-21T06:06:50.000Z</Time>
            <Position>
              <LatitudeDegrees>50.659322468563914</LatitudeDegrees>
              <LongitudeDegrees>3.0773202795535326</LongitudeDegrees>
            </Position>
            <AltitudeMeters>28.399999618530273</AltitudeMeters>
            <DistanceMeters>61.65999984741211</DistanceMeters>
            <HeartRateBpm>
              <Value>106</Value>
            </HeartRateBpm>
            <Extensions>
              <ns3:TPX>
                <ns3:Speed>2.4079999923706055</ns3:Speed>
                <ns3:RunCadence>82</ns3:RunCadence>
              </ns3:TPX>
            </Extensions>
          </Trackpoint>
          <Trackpoint>
            <Time>2026-06-21T06:06:51.000Z</Time>
            <Position>
              <LatitudeDegrees>50.659304950386286</LatitudeDegrees>
              <LongitudeDegrees>3.0773004982620478</LongitudeDegrees>
            </Position>
            <AltitudeMeters>28.399999618530273</AltitudeMeters>
            <DistanceMeters>64.04000091552734</DistanceMeters>
            <HeartRateBpm>
              <Value>107</Value>
            </HeartRateBpm>
            <Extensions>
              <ns3:TPX>
                <ns3:Speed>2.4079999923706055</ns3:Speed>
                <ns3:RunCadence>82</ns3:RunCadence>
              </ns3:TPX>
            </Extensions>
          </Trackpoint>
          <Trackpoint>
            <Time>2026-06-21T06:06:56.000Z</Time>
            <Position>
              <LatitudeDegrees>50.659221298992634</LatitudeDegrees>
              <LongitudeDegrees>3.077199747785926</LongitudeDegrees>
            </Position>
            <AltitudeMeters>28.600000381469727</AltitudeMeters>
            <DistanceMeters>76.0</DistanceMeters>
            <HeartRateBpm>
              <Value>109</Value>
            </HeartRateBpm>
            <Extensions>
              <ns3:TPX>
                <ns3:Speed>2.4170000553131104</ns3:Speed>
                <ns3:RunCadence>83</ns3:RunCadence>
              </ns3:TPX>
            </Extensions>
          </Trackpoint>
          <Trackpoint>
            <Time>2026-06-21T06:07:03.000Z</Time>
            <Position>
              <LatitudeDegrees>50.659131444990635</LatitudeDegrees>
              <LongitudeDegrees>3.077061027288437</LongitudeDegrees>
            </Position>
            <AltitudeMeters>28.600000381469727</AltitudeMeters>
            <DistanceMeters>89.97000122070312</DistanceMeters>
            <HeartRateBpm>
              <Value>111</Value>
            </HeartRateBpm>
            <Extensions>
              <ns3:TPX>
                <ns3:Speed>2.4079999923706055</ns3:Speed>
                <ns3:RunCadence>83</ns3:RunCadence>
              </ns3:TPX>
            </Extensions>
          </Trackpoint>
          <Trackpoint>
            <Time>2026-06-21T06:07:09.000Z</Time>
            <Position>
              <LatitudeDegrees>50.65903295762837</LatitudeDegrees>
              <LongitudeDegrees>3.076961701735854</LongitudeDegrees>
            </Position>
            <AltitudeMeters>29.0</AltitudeMeters>
            <DistanceMeters>103.06999969482422</DistanceMeters>
            <HeartRateBpm>
              <Value>113</Value>
            </HeartRateBpm>
            <Extensions>
              <ns3:TPX>
                <ns3:Speed>2.369999885559082</ns3:Speed>
                <ns3:RunCadence>81</ns3:RunCadence>
              </ns3:TPX>
            </Extensions>
          </Trackpoint>
          <Trackpoint>
            <Time>2026-06-21T06:07:10.000Z</Time>
            <Position>
              <LatitudeDegrees>50.65901678055525</LatitudeDegrees>
              <LongitudeDegrees>3.0769297666847706</LongitudeDegrees>
            </Position>
            <AltitudeMeters>29.0</AltitudeMeters>
            <DistanceMeters>105.93000030517578</DistanceMeters>
            <HeartRateBpm>
              <Value>113</Value>
            </HeartRateBpm>
            <Extensions>
              <ns3:TPX>
                <ns3:Speed>2.3610000610351562</ns3:Speed>
                <ns3:RunCadence>81</ns3:RunCadence>
              </ns3:TPX>
            </Extensions>
          </Trackpoint>
          <Trackpoint>
            <Time>2026-06-21T06:07:15.000Z</Time>
            <Position>
              <LatitudeDegrees>50.65895383246243</LatitudeDegrees>
              <LongitudeDegrees>3.076812084764242</LongitudeDegrees>
            </Position>
            <AltitudeMeters>29.200000762939453</AltitudeMeters>
            <DistanceMeters>116.79000091552734</DistanceMeters>
            <HeartRateBpm>
              <Value>116</Value>
            </HeartRateBpm>
            <Extensions>
              <ns3:TPX>
                <ns3:Speed>2.3239998817443848</ns3:Speed>
                <ns3:RunCadence>83</ns3:RunCadence>
              </ns3:TPX>
            </Extensions>
          </Trackpoint>
          <Trackpoint>
            <Time>2026-06-21T06:07:18.000Z</Time>
            <Position>
              <LatitudeDegrees>50.6588950753212</LatitudeDegrees>
              <LongitudeDegrees>3.076751148328185</LongitudeDegrees>
            </Position>
            <AltitudeMeters>29.200000762939453</AltitudeMeters>
            <DistanceMeters>124.63999938964844</DistanceMeters>
            <HeartRateBpm>
              <Value>116</Value>
            </HeartRateBpm>
            <Extensions>
              <ns3:TPX>
                <ns3:Speed>2.305000066757202</ns3:Speed>
                <ns3:RunCadence>83</ns3:RunCadence>
              </ns3:TPX>
            </Extensions>
          </Trackpoint>
          <Trackpoint>
            <Time>2026-06-21T06:07:24.000Z</Time>
            <Position>
              <LatitudeDegrees>50.65879005007446</LatitudeDegrees>
              <LongitudeDegrees>3.076620474457741</LongitudeDegrees>
            </Position>
            <AltitudeMeters>29.399999618530273</AltitudeMeters>
            <DistanceMeters>139.63999938964844</DistanceMeters>
            <HeartRateBpm>
              <Value>118</Value>
            </HeartRateBpm>
            <Extensions>
              <ns3:TPX>
                <ns3:Speed>2.305000066757202</ns3:Speed>
                <ns3:RunCadence>83</ns3:RunCadence>
              </ns3:TPX>
            </Extensions>
          </Trackpoint>
          <Trackpoint>
            <Time>2026-06-21T06:07:31.000Z</Time>
            <Position>
              <LatitudeDegrees>50.658676056191325</LatitudeDegrees>
              <LongitudeDegrees>3.0764436163008213</LongitudeDegrees>
            </Position>
            <AltitudeMeters>29.600000381469727</AltitudeMeters>
            <DistanceMeters>157.3800048828125</DistanceMeters>
            <HeartRateBpm>
              <Value>121</Value>
            </HeartRateBpm>
            <Extensions>
              <ns3:TPX>
                <ns3:Speed>2.322999954223633</ns3:Speed>
                <ns3:RunCadence>84</ns3:RunCadence>
              </ns3:TPX>
            </Extensions>
          </Trackpoint>
          <Trackpoint>
            <Time>2026-06-21T06:07:33.000Z</Time>
            <Position>
              <LatitudeDegrees>50.658652586862445</LatitudeDegrees>
              <LongitudeDegrees>3.0763960909098387</LongitudeDegrees>
            </Position>
            <AltitudeMeters>29.799999237060547</AltitudeMeters>
            <DistanceMeters>161.6199951171875</DistanceMeters>
            <HeartRateBpm>
              <Value>121</Value>
            </HeartRateBpm>
            <Extensions>
              <ns3:TPX>
                <ns3:Speed>2.322999954223633</ns3:Speed>
                <ns3:RunCadence>83</ns3:RunCadence>
              </ns3:TPX>
            </Extensions>
          </Trackpoint>
          <Trackpoint>
            <Time>2026-06-21T06:07:36.000Z</Time>
            <Position>
              <LatitudeDegrees>50.65863573923707</LatitudeDegrees>
              <LongitudeDegrees>3.0763240065425634</LongitudeDegrees>
            </Position>
            <AltitudeMeters>29.799999237060547</AltitudeMeters>
            <DistanceMeters>167.17999267578125</DistanceMeters>
            <HeartRateBpm>
              <Value>122</Value>
            </HeartRateBpm>
            <Extensions>
              <ns3:TPX>
                <ns3:Speed>2.3329999446868896</ns3:Speed>
                <ns3:RunCadence>81</ns3:RunCadence>
              </ns3:TPX>
            </Extensions>
          </Trackpoint>
          <Trackpoint>
            <Time>2026-06-21T06:07:38.000Z</Time>
            <Position>
              <LatitudeDegrees>50.65863825380802</LatitudeDegrees>
              <LongitudeDegrees>3.0762744694948196</LongitudeDegrees>
            </Position>
            <AltitudeMeters>29.799999237060547</AltitudeMeters>
            <DistanceMeters>170.6699981689453</DistanceMeters>
            <HeartRateBpm>
              <Value>122</Value>
            </HeartRateBpm>
            <Extensions>
              <ns3:TPX>
                <ns3:Speed>2.322999954223633</ns3:Speed>
                <ns3:RunCadence>81</ns3:RunCadence>
              </ns3:TPX>
            </Extensions>
          </Trackpoint>
          <Trackpoint>
            <Time>2026-06-21T06:07:43.000Z</Time>
            <Position>
              <LatitudeDegrees>50.65863783471286</LatitudeDegrees>
              <LongitudeDegrees>3.0761018861085176</LongitudeDegrees>
            </Position>
            <AltitudeMeters>29.799999237060547</AltitudeMeters>
            <DistanceMeters>182.9199981689453</DistanceMeters>
            <HeartRateBpm>
              <Value>123</Value>
            </HeartRateBpm>
            <Extensions>
              <ns3:TPX>
                <ns3:Speed>2.2860000133514404</ns3:Speed>
                <ns3:RunCadence>82</ns3:RunCadence>
              </ns3:TPX>
            </Extensions>
          </Trackpoint>
          <Trackpoint>
            <Time>2026-06-21T06:07:51.000Z</Time>
            <Position>
              <LatitudeDegrees>50.65865275450051</LatitudeDegrees>
              <LongitudeDegrees>3.0758369341492653</LongitudeDegrees>
            </Position>
            <AltitudeMeters>29.799999237060547</AltitudeMeters>
            <DistanceMeters>202.0500030517578</DistanceMeters>
            <HeartRateBpm>
              <Value>124</Value>
            </HeartRateBpm>
            <Extensions>
              <ns3:TPX>
                <ns3:Speed>2.2860000133514404</ns3:Speed>
                <ns3:RunCadence>82</ns3:RunCadence>
              </ns3:TPX>
            </Extensions>
          </Trackpoint>
          <Trackpoint>
            <Time>2026-06-21T06:07:55.000Z</Time>
            <Position>
              <LatitudeDegrees>50.65863900817931</LatitudeDegrees>
              <LongitudeDegrees>3.0756771750748158</LongitudeDegrees>
            </Position>
            <AltitudeMeters>29.799999237060547</AltitudeMeters>
            <DistanceMeters>213.6199951171875</DistanceMeters>
            <HeartRateBpm>
              <Value>123</Value>
            </HeartRateBpm>
            <Extensions>
              <ns3:TPX>
                <ns3:Speed>2.2950000762939453</ns3:Speed>
                <ns3:RunCadence>83</ns3:RunCadence>
              </ns3:TPX>
            </Extensions>
          </Trackpoint>
          <Trackpoint>
            <Time>2026-06-21T06:07:59.000Z</Time>
            <Position>
              <LatitudeDegrees>50.6586582865566</LatitudeDegrees>
              <LongitudeDegrees>3.075561337172985</LongitudeDegrees>
            </Position>
            <AltitudeMeters>30.0</AltitudeMeters>
            <DistanceMeters>222.10000610351562</DistanceMeters>
            <HeartRateBpm>
              <Value>123</Value>
            </HeartRateBpm>
            <Extensions>
              <ns3:TPX>
                <ns3:Speed>2.322999954223633</ns3:Speed>
                <ns3:RunCadence>84</ns3:RunCadence>
              </ns3:TPX>
            </Extensions>
          </Trackpoint>
          <Trackpoint>
            <Time>2026-06-21T06:08:01.000Z</Time>
            <Position>
              <LatitudeDegrees>50.65866314806044</LatitudeDegrees>
              <LongitudeDegrees>3.075499478727579</LongitudeDegrees>
            </Position>
            <AltitudeMeters>30.0</AltitudeMeters>
            <DistanceMeters>226.60000610351562</DistanceMeters>
            <HeartRateBpm>
              <Value>123</Value>
            </HeartRateBpm>
            <Extensions>
              <ns3:TPX>
                <ns3:Speed>2.322999954223633</ns3:Speed>
                <ns3:RunCadence>83</ns3:RunCadence>
              </ns3:TPX>
            </Extensions>
          </Trackpoint>
          <Trackpoint>
            <Time>2026-06-21T06:08:04.000Z</Time>
            <Position>
              <LatitudeDegrees>50.6586601305753</LatitudeDegrees>
              <LongitudeDegrees>3.0753956269472837</LongitudeDegrees>
            </Position>
            <AltitudeMeters>30.0</AltitudeMeters>
            <DistanceMeters>233.94000244140625</DistanceMeters>
            <HeartRateBpm>
              <Value>123</Value>
            </HeartRateBpm>
            <Extensions>
              <ns3:TPX>
                <ns3:Speed>2.322999954223633</ns3:Speed>
                <ns3:RunCadence>84</ns3:RunCadence>
              </ns3:TPX>
            </Extensions>
          </Trackpoint>
          <Trackpoint>
            <Time>2026-06-21T06:08:08.000Z</Time>
            <Position>
              <LatitudeDegrees>50.658674547448754</LatitudeDegrees>
              <LongitudeDegrees>3.075277442112565</LongitudeDegrees>
            </Position>
            <AltitudeMeters>29.799999237060547</AltitudeMeters>
            <DistanceMeters>242.6699981689453</DistanceMeters>
            <HeartRateBpm>
              <Value>122</Value>
            </HeartRateBpm>
            <Extensions>
              <ns3:TPX>
                <ns3:Speed>2.3329999446868896</ns3:Speed>
                <ns3:RunCadence>82</ns3:RunCadence>
              </ns3:TPX>
            </Extensions>
          </Trackpoint>
          <Trackpoint>
            <Time>2026-06-21T06:08:13.000Z</Time>
            <Position>
              <LatitudeDegrees>50.65867186523974</LatitudeDegrees>
              <LongitudeDegrees>3.075108462944627</LongitudeDegrees>
            </Position>
            <AltitudeMeters>30.0</AltitudeMeters>
            <DistanceMeters>254.6300048828125</DistanceMeters>
            <HeartRateBpm>
              <Value>122</Value>
            </HeartRateBpm>
            <Extensions>
              <ns3:TPX>
                <ns3:Speed>2.3329999446868896</ns3:Speed>
                <ns3:RunCadence>82</ns3:RunCadence>
              </ns3:TPX>
            </Extensions>
          </Trackpoint>
          <Trackpoint>
            <Time>2026-06-21T06:08:18.000Z</Time>
            <Position>
              <LatitudeDegrees>50.65867152996361</LatitudeDegrees>
              <LongitudeDegrees>3.07493319734931</LongitudeDegrees>
            </Position>
            <AltitudeMeters>30.0</AltitudeMeters>
            <DistanceMeters>267.0199890136719</DistanceMeters>
            <HeartRateBpm>
              <Value>121</Value>
            </HeartRateBpm>
            <Extensions>
              <ns3:TPX>
                <ns3:Speed>2.3329999446868896</ns3:Speed>
                <ns3:RunCadence>83</ns3:RunCadence>
              </ns3:TPX>
            </Extensions>
          </Trackpoint>
          <Trackpoint>
            <Time>2026-06-21T06:08:24.000Z</Time>
            <Position>
              <LatitudeDegrees>50.658651413396</LatitudeDegrees>
              <LongitudeDegrees>3.074702527374029</LongitudeDegrees>
            </Position>
            <AltitudeMeters>29.799999237060547</AltitudeMeters>
            <DistanceMeters>283.5899963378906</DistanceMeters>
            <HeartRateBpm>
              <Value>121</Value>
            </HeartRateBpm>
            <Extensions>
              <ns3:TPX>
                <ns3:Speed>2.3510000705718994</ns3:Speed>
                <ns3:RunCadence>84</ns3:RunCadence>
              </ns3:TPX>
            </Extensions>
          </Trackpoint>
          <Trackpoint>
            <Time>2026-06-21T06:08:32.000Z</Time>
            <Position>
              <LatitudeDegrees>50.65864697098732</LatitudeDegrees>
              <LongitudeDegrees>3.0744567699730396</LongitudeDegrees>
            </Position>
            <AltitudeMeters>29.799999237060547</AltitudeMeters>
            <DistanceMeters>300.8699951171875</DistanceMeters>
            <HeartRateBpm>
              <Value>120</Value>
            </HeartRateBpm>
            <Extensions>
              <ns3:TPX>
                <ns3:Speed>2.3889999389648438</ns3:Speed>
                <ns3:RunCadence>83</ns3:RunCadence>
              </ns3:TPX>
            </Extensions>
          </Trackpoint>
          <Trackpoint>
            <Time>2026-06-21T06:08:38.000Z</Time>
            <Position>
              <LatitudeDegrees>50.65867178142071</LatitudeDegrees>
              <LongitudeDegrees>3.074281169101596</LongitudeDegrees>
            </Position>
            <AltitudeMeters>29.799999237060547</AltitudeMeters>
            <DistanceMeters>313.5400085449219</DistanceMeters>
            <HeartRateBpm>
              <Value>120</Value>
            </HeartRateBpm>
            <Extensions>
              <ns3:TPX>
                <ns3:Speed>2.3889999389648438</ns3:Speed>
                <ns3:RunCadence>83</ns3:RunCadence>
              </ns3:TPX>
            </Extensions>
          </Trackpoint>
          <Trackpoint>
            <Time>2026-06-21T06:08:44.000Z</Time>
            <Position>
              <LatitudeDegrees>50.658690640702844</LatitudeDegrees>
              <LongitudeDegrees>3.0740981083363295</LongitudeDegrees>
            </Position>
            <AltitudeMeters>30.0</AltitudeMeters>
            <DistanceMeters>326.6099853515625</DistanceMeters>
            <HeartRateBpm>
              <Value>122</Value>
            </HeartRateBpm>
            <Extensions>
              <ns3:TPX>
                <ns3:Speed>2.369999885559082</ns3:Speed>
                <ns3:RunCadence>82</ns3:RunCadence>
              </ns3:TPX>
            </Extensions>
          </Trackpoint>
          <Trackpoint>
            <Time>2026-06-21T06:08:49.000Z</Time>
            <Position>
              <LatitudeDegrees>50.658734226599336</LatitudeDegrees>
              <LongitudeDegrees>3.073941618204117</LongitudeDegrees>
            </Position>
            <AltitudeMeters>29.799999237060547</AltitudeMeters>
            <DistanceMeters>338.7099914550781</DistanceMeters>
            <HeartRateBpm>
              <Value>123</Value>
            </HeartRateBpm>
            <Extensions>
              <ns3:TPX>
                <ns3:Speed>2.3610000610351562</ns3:Speed>
                <ns3:RunCadence>82</ns3:RunCadence>
              </ns3:TPX>
            </Extensions>
          </Trackpoint>
          <Trackpoint>
            <Time>2026-06-21T06:08:54.000Z</Time>
            <Position>
              <LatitudeDegrees>50.65883061848581</LatitudeDegrees>
              <LongitudeDegrees>3.0738930869847536</LongitudeDegrees>
            </Position>
            <AltitudeMeters>29.600000381469727</AltitudeMeters>
            <DistanceMeters>350.1300048828125</DistanceMeters>
            <HeartRateBpm>
              <Value>124</Value>
            </HeartRateBpm>
            <Extensions>
              <ns3:TPX>
                <ns3:Speed>2.3510000705718994</ns3:Speed>
                <ns3:RunCadence>82</ns3:RunCadence>
              </ns3:TPX>
            </Extensions>
          </Trackpoint>
          <Trackpoint>
            <Time>2026-06-21T06:09:02.000Z</Time>
            <Position>
              <LatitudeDegrees>50.65898601897061</LatitudeDegrees>
              <LongitudeDegrees>3.0738869681954384</LongitudeDegrees>
            </Position>
            <AltitudeMeters>29.399999618530273</AltitudeMeters>
            <DistanceMeters>367.55999755859375</DistanceMeters>
            <HeartRateBpm>
              <Value>123</Value>
            </HeartRateBpm>
            <Extensions>
              <ns3:TPX>
                <ns3:Speed>2.322999954223633</ns3:Speed>
                <ns3:RunCadence>82</ns3:RunCadence>
              </ns3:TPX>
            </Extensions>
          </Trackpoint>
          <Trackpoint>
            <Time>2026-06-21T06:09:09.000Z</Time>
            <Position>
              <LatitudeDegrees>50.65916723571718</LatitudeDegrees>
              <LongitudeDegrees>3.0739204958081245</LongitudeDegrees>
            </Position>
            <AltitudeMeters>29.399999618530273</AltitudeMeters>
            <DistanceMeters>388.1499938964844</DistanceMeters>
            <HeartRateBpm>
              <Value>122</Value>
            </HeartRateBpm>
            <Extensions>
              <ns3:TPX>
                <ns3:Speed>2.2109999656677246</ns3:Speed>
                <ns3:RunCadence>82</ns3:RunCadence>
              </ns3:TPX>
            </Extensions>
          </Trackpoint>
          <Trackpoint>
            <Time>2026-06-21T06:09:11.000Z</Time>
            <Position>
              <LatitudeDegrees>50.65920897759497</LatitudeDegrees>
              <LongitudeDegrees>3.0739408638328314</LongitudeDegrees>
            </Position>
            <AltitudeMeters>29.600000381469727</AltitudeMeters>
            <DistanceMeters>392.9200134277344</DistanceMeters>
            <HeartRateBpm>
              <Value>122</Value>
            </HeartRateBpm>
            <Extensions>
              <ns3:TPX>
                <ns3:Speed>2.1549999713897705</ns3:Speed>
                <ns3:RunCadence>83</ns3:RunCadence>
              </ns3:TPX>
            </Extensions>
          </Trackpoint>
          <Trackpoint>
            <Time>2026-06-21T06:09:13.000Z</Time>
            <Position>
              <LatitudeDegrees>50.659258430823684</LatitudeDegrees>
              <LongitudeDegrees>3.0739578790962696</LongitudeDegrees>
            </Position>
            <AltitudeMeters>29.600000381469727</AltitudeMeters>
            <DistanceMeters>398.44000244140625</DistanceMeters>
            <HeartRateBpm>
              <Value>122</Value>
            </HeartRateBpm>
            <Extensions>
              <ns3:TPX>
                <ns3:Speed>2.1459999084472656</ns3:Speed>
                <ns3:RunCadence>82</ns3:RunCadence>
              </ns3:TPX>
            </Extensions>
          </Trackpoint>
          <Trackpoint>
            <Time>2026-06-21T06:09:19.000Z</Time>
            <Position>
              <LatitudeDegrees>50.659393798559904</LatitudeDegrees>
              <LongitudeDegrees>3.0739387683570385</LongitudeDegrees>
            </Position>
            <AltitudeMeters>29.399999618530273</AltitudeMeters>
            <DistanceMeters>413.760009765625</DistanceMeters>
            <HeartRateBpm>
              <Value>121</Value>
            </HeartRateBpm>
            <Extensions>
              <ns3:TPX>
                <ns3:Speed>2.2019999027252197</ns3:Speed>
                <ns3:RunCadence>82</ns3:RunCadence>
              </ns3:TPX>
            </Extensions>
          </Trackpoint>
          <Trackpoint>
            <Time>2026-06-21T06:09:27.000Z</Time>
            <Position>
              <LatitudeDegrees>50.65957962535322</LatitudeDegrees>
              <LongitudeDegrees>3.0739625729620457</LongitudeDegrees>
            </Position>
            <AltitudeMeters>30.0</AltitudeMeters>
            <DistanceMeters>434.3800048828125</DistanceMeters>
            <HeartRateBpm>
              <Value>121</Value>
            </HeartRateBpm>
            <Extensions>
              <ns3:TPX>
                <ns3:Speed>2.1740000247955322</ns3:Speed>
                <ns3:RunCadence>82</ns3:RunCadence>
              </ns3:TPX>
            </Extensions>
          </Trackpoint>
          <Trackpoint>
            <Time>2026-06-21T06:09:28.000Z</Time>
            <Position>
              <LatitudeDegrees>50.65959840081632</LatitudeDegrees>
              <LongitudeDegrees>3.073956873267889</LongitudeDegrees>
            </Position>
            <AltitudeMeters>30.0</AltitudeMeters>
            <DistanceMeters>436.489990234375</DistanceMeters>
            <HeartRateBpm>
              <Value>121</Value>
            </HeartRateBpm>
            <Extensions>
              <ns3:TPX>
                <ns3:Speed>2.1740000247955322</ns3:Speed>
                <ns3:RunCadence>82</ns3:RunCadence>
              </ns3:TPX>
            </Extensions>
          </Trackpoint>
          <Trackpoint>
            <Time>2026-06-21T06:09:29.000Z</Time>
            <Position>
              <LatitudeDegrees>50.6596168410033</LatitudeDegrees>
              <LongitudeDegrees>3.0739481560885906</LongitudeDegrees>
            </Position>
            <AltitudeMeters>30.200000762939453</AltitudeMeters>
            <DistanceMeters>438.6300048828125</DistanceMeters>
            <HeartRateBpm>
              <Value>121</Value>
            </HeartRateBpm>
            <Extensions>
              <ns3:TPX>
                <ns3:Speed>2.183000087738037</ns3:Speed>
                <ns3:RunCadence>82</ns3:RunCadence>
              </ns3:TPX>
            </Extensions>
          </Trackpoint>
          <Trackpoint>
            <Time>2026-06-21T06:09:38.000Z</Time>
            <Position>
              <LatitudeDegrees>50.65978732891381</LatitudeDegrees>
              <LongitudeDegrees>3.07393248192966</LongitudeDegrees>
            </Position>
            <AltitudeMeters>30.600000381469727</AltitudeMeters>
            <DistanceMeters>457.70001220703125</DistanceMeters>
            <HeartRateBpm>
              <Value>123</Value>
            </HeartRateBpm>
            <Extensions>
              <ns3:TPX>
                <ns3:Speed>2.1740000247955322</ns3:Speed>
                <ns3:RunCadence>80</ns3:RunCadence>
              </ns3:TPX>
            </Extensions>
          </Trackpoint>
          <Trackpoint>
            <Time>2026-06-21T06:09:45.000Z</Time>
            <Position>
              <LatitudeDegrees>50.65993258729577</LatitudeDegrees>
              <LongitudeDegrees>3.073916221037507</LongitudeDegrees>
            </Position>
            <AltitudeMeters>31.0</AltitudeMeters>
            <DistanceMeters>473.9100036621094</DistanceMeters>
            <HeartRateBpm>
              <Value>126</Value>
            </HeartRateBpm>
            <Extensions>
              <ns3:TPX>
                <ns3:Speed>2.184000015258789</ns3:Speed>
                <ns3:RunCadence>81</ns3:RunCadence>
              </ns3:TPX>
            </Extensions>
          </Trackpoint>
          <Trackpoint>
            <Time>2026-06-21T06:09:46.000Z</Time>
            <Position>
              <LatitudeDegrees>50.65994583070278</LatitudeDegrees>
              <LongitudeDegrees>3.0739317275583744</LongitudeDegrees>
            </Position>
            <AltitudeMeters>31.0</AltitudeMeters>
            <DistanceMeters>475.6199951171875</DistanceMeters>
            <HeartRateBpm>
              <Value>126</Value>
            </HeartRateBpm>
            <Extensions>
              <ns3:TPX>
                <ns3:Speed>2.193000078201294</ns3:Speed>
                <ns3:RunCadence>81</ns3:RunCadence>
              </ns3:TPX>
            </Extensions>
          </Trackpoint>
          <Trackpoint>
            <Time>2026-06-21T06:09:47.000Z</Time>
            <Position>
              <LatitudeDegrees>50.6599604152143</LatitudeDegrees>
              <LongitudeDegrees>3.073943294584751</LongitudeDegrees>
            </Position>
            <AltitudeMeters>31.200000762939453</AltitudeMeters>
            <DistanceMeters>477.3299865722656</DistanceMeters>
            <HeartRateBpm>
              <Value>126</Value>
            </HeartRateBpm>
            <Extensions>
              <ns3:TPX>
                <ns3:Speed>2.2019999027252197</ns3:Speed>
                <ns3:RunCadence>80</ns3:RunCadence>
              </ns3:TPX>
            </Extensions>
          </Trackpoint>
          <Trackpoint>
            <Time>2026-06-21T06:09:49.000Z</Time>
            <Position>
              <LatitudeDegrees>50.65999520011246</LatitudeDegrees>
              <LongitudeDegrees>3.0739331524819136</LongitudeDegrees>
            </Position>
            <AltitudeMeters>31.200000762939453</AltitudeMeters>
            <DistanceMeters>481.17999267578125</DistanceMeters>
            <HeartRateBpm>
              <Value>127</Value>
            </HeartRateBpm>
            <Extensions>
              <ns3:TPX>
                <ns3:Speed>2.2019999027252197</ns3:Speed>
                <ns3:RunCadence>80</ns3:RunCadence>
              </ns3:TPX>
            </Extensions>
          </Trackpoint>
          <Trackpoint>
            <Time>2026-06-21T06:09:57.000Z</Time>
            <Position>
              <LatitudeDegrees>50.66018613986671</LatitudeDegrees>
              <LongitudeDegrees>3.0739194061607122</LongitudeDegrees>
            </Position>
            <AltitudeMeters>31.799999237060547</AltitudeMeters>
            <DistanceMeters>502.3599853515625</DistanceMeters>
            <HeartRateBpm>
              <Value>129</Value>
            </HeartRateBpm>
            <Extensions>
              <ns3:TPX>
                <ns3:Speed>2.3610000610351562</ns3:Speed>
                <ns3:RunCadence>82</ns3:RunCadence>
              </ns3:TPX>
            </Extensions>
          </Trackpoint>
          <Trackpoint>
            <Time>2026-06-21T06:09:58.000Z</Time>
            <Position>
              <LatitudeDegrees>50.660202987492085</LatitudeDegrees>
              <LongitudeDegrees>3.0739116948097944</LongitudeDegrees>
            </Position>
            <AltitudeMeters>31.799999237060547</AltitudeMeters>
            <DistanceMeters>504.260009765625</DistanceMeters>
            <HeartRateBpm>
              <Value>129</Value>
            </HeartRateBpm>
            <Extensions>
              <ns3:TPX>
                <ns3:Speed>2.369999885559082</ns3:Speed>
                <ns3:RunCadence>81</ns3:RunCadence>
              </ns3:TPX>
            </Extensions>
          </Trackpoint>
          <Trackpoint>
            <Time>2026-06-21T06:10:03.000Z</Time>
            <Position>
              <LatitudeDegrees>50.660328632220626</LatitudeDegrees>
              <LongitudeDegrees>3.0738701205700636</LongitudeDegrees>
            </Position>
            <AltitudeMeters>32.20000076293945</AltitudeMeters>
            <DistanceMeters>518.4600219726562</DistanceMeters>
            <HeartRateBpm>
              <Value>130</Value>
            </HeartRateBpm>
            <Extensions>
              <ns3:TPX>
                <ns3:Speed>2.4170000553131104</ns3:Speed>
                <ns3:RunCadence>82</ns3:RunCadence>
              </ns3:TPX>
            </Extensions>
          </Trackpoint>
          <Trackpoint>
            <Time>2026-06-21T06:10:08.000Z</Time>
            <Position>
              <LatitudeDegrees>50.660436507314444</LatitudeDegrees>
              <LongitudeDegrees>3.073866432532668</LongitudeDegrees>
            </Position>
            <AltitudeMeters>32.599998474121094</AltitudeMeters>
            <DistanceMeters>530.5</DistanceMeters>
            <HeartRateBpm>
              <Value>132</Value>
            </HeartRateBpm>
            <Extensions>
              <ns3:TPX>
                <ns3:Speed>2.444999933242798</ns3:Speed>
                <ns3:RunCadence>82</ns3:RunCadence>
              </ns3:TPX>
            </Extensions>
          </Trackpoint>
          <Trackpoint>
            <Time>2026-06-21T06:10:15.000Z</Time>
            <Position>
              <LatitudeDegrees>50.66057304851711</LatitudeDegrees>
              <LongitudeDegrees>3.0738792568445206</LongitudeDegrees>
            </Position>
            <AltitudeMeters>33.20000076293945</AltitudeMeters>
            <DistanceMeters>545.6900024414062</DistanceMeters>
            <HeartRateBpm>
              <Value>134</Value>
            </HeartRateBpm>
            <Extensions>
              <ns3:TPX>
                <ns3:Speed>2.4079999923706055</ns3:Speed>
                <ns3:RunCadence>82</ns3:RunCadence>
              </ns3:TPX>
            </Extensions>
          </Trackpoint>
          <Trackpoint>
            <Time>2026-06-21T06:10:17.000Z</Time>
            <Position>
              <LatitudeDegrees>50.66061126999557</LatitudeDegrees>
              <LongitudeDegrees>3.0738760717213154</LongitudeDegrees>
            </Position>
            <AltitudeMeters>33.400001525878906</AltitudeMeters>
            <DistanceMeters>549.969970703125</DistanceMeters>
            <HeartRateBpm>
              <Value>135</Value>
            </HeartRateBpm>
            <Extensions>
              <ns3:TPX>
                <ns3:Speed>2.3989999294281006</ns3:Speed>
                <ns3:RunCadence>81</ns3:RunCadence>
              </ns3:TPX>
            </Extensions>
          </Trackpoint>
          <Trackpoint>
            <Time>2026-06-21T06:10:21.000Z</Time>
            <Position>
              <LatitudeDegrees>50.66068754531443</LatitudeDegrees>
              <LongitudeDegrees>3.0738759879022837</LongitudeDegrees>
            </Position>
            <AltitudeMeters>33.79999923706055</AltitudeMeters>
            <DistanceMeters>558.47998046875</DistanceMeters>
            <HeartRateBpm>
              <Value>138</Value>
            </HeartRateBpm>
            <Extensions>
              <ns3:TPX>
                <ns3:Speed>2.361999988555908</ns3:Speed>
                <ns3:RunCadence>81</ns3:RunCadence>
              </ns3:TPX>
            </Extensions>
          </Trackpoint>
          <Trackpoint>
            <Time>2026-06-21T06:10:25.000Z</Time>
            <Position>
              <LatitudeDegrees>50.66075636073947</LatitudeDegrees>
              <LongitudeDegrees>3.073881436139345</LongitudeDegrees>
            </Position>
            <AltitudeMeters>34.20000076293945</AltitudeMeters>
            <DistanceMeters>566.1900024414062</DistanceMeters>
            <HeartRateBpm>
              <Value>139</Value>
            </HeartRateBpm>
            <Extensions>
              <ns3:TPX>
                <ns3:Speed>2.3429999351501465</ns3:Speed>
                <ns3:RunCadence>81</ns3:RunCadence>
              </ns3:TPX>
            </Extensions>
          </Trackpoint>
          <Trackpoint>
            <Time>2026-06-21T06:10:33.000Z</Time>
            <Position>
              <LatitudeDegrees>50.66090002655983</LatitudeDegrees>
              <LongitudeDegrees>3.0738721322268248</LongitudeDegrees>
            </Position>
            <AltitudeMeters>34.400001525878906</AltitudeMeters>
            <DistanceMeters>582.25</DistanceMeters>
            <HeartRateBpm>
              <Value>139</Value>
            </HeartRateBpm>
            <Extensions>
              <ns3:TPX>
                <ns3:Speed>2.2869999408721924</ns3:Speed>
                <ns3:RunCadence>84</ns3:RunCadence>
              </ns3:TPX>
            </Extensions>
          </Trackpoint>
          <Trackpoint>
            <Time>2026-06-21T06:10:39.000Z</Time>
            <Position>
              <LatitudeDegrees>50.66100991331041</LatitudeDegrees>
              <LongitudeDegrees>3.0738348327577114</LongitudeDegrees>
            </Position>
            <AltitudeMeters>34.400001525878906</AltitudeMeters>
            <DistanceMeters>594.97998046875</DistanceMeters>
            <HeartRateBpm>
              <Value>138</Value>
            </HeartRateBpm>
            <Extensions>
              <ns3:TPX>
                <ns3:Speed>2.2679998874664307</ns3:Speed>
                <ns3:RunCadence>83</ns3:RunCadence>
              </ns3:TPX>
            </Extensions>
          </Trackpoint>
          <Trackpoint>
            <Time>2026-06-21T06:10:44.000Z</Time>
            <Position>
              <LatitudeDegrees>50.66112491302192</LatitudeDegrees>
              <LongitudeDegrees>3.0738415382802486</LongitudeDegrees>
            </Position>
            <AltitudeMeters>34.20000076293945</AltitudeMeters>
            <DistanceMeters>607.8099975585938</DistanceMeters>
            <HeartRateBpm>
              <Value>135</Value>
            </HeartRateBpm>
            <Extensions>
              <ns3:TPX>
                <ns3:Speed>2.25</ns3:Speed>
                <ns3:RunCadence>83</ns3:RunCadence>
              </ns3:TPX>
            </Extensions>
          </Trackpoint>
          <Trackpoint>
            <Time>2026-06-21T06:10:47.000Z</Time>
            <Position>
              <LatitudeDegrees>50.661182161420584</LatitudeDegrees>
              <LongitudeDegrees>3.0738485790789127</LongitudeDegrees>
            </Position>
            <AltitudeMeters>34.0</AltitudeMeters>
            <DistanceMeters>614.22998046875</DistanceMeters>
            <HeartRateBpm>
              <Value>134</Value>
            </HeartRateBpm>
            <Extensions>
              <ns3:TPX>
                <ns3:Speed>2.240000009536743</ns3:Speed>
                <ns3:RunCadence>86</ns3:RunCadence>
              </ns3:TPX>
            </Extensions>
          </Trackpoint>
          <Trackpoint>
            <Time>2026-06-21T06:10:51.000Z</Time>
            <Position>
              <LatitudeDegrees>50.66120529547334</LatitudeDegrees>
              <LongitudeDegrees>3.0737619940191507</LongitudeDegrees>
            </Position>
            <AltitudeMeters>33.599998474121094</AltitudeMeters>
            <DistanceMeters>620.97998046875</DistanceMeters>
            <HeartRateBpm>
              <Value>132</Value>
            </HeartRateBpm>
            <Extensions>
              <ns3:TPX>
                <ns3:Speed>2.2309999465942383</ns3:Speed>
                <ns3:RunCadence>80</ns3:RunCadence>
              </ns3:TPX>
            </Extensions>
          </Trackpoint>
          <Trackpoint>
            <Time>2026-06-21T06:10:58.000Z</Time>
            <Position>
              <LatitudeDegrees>50.66128995269537</LatitudeDegrees>
              <LongitudeDegrees>3.073580777272582</LongitudeDegrees>
            </Position>
            <AltitudeMeters>33.599998474121094</AltitudeMeters>
            <DistanceMeters>637.3699951171875</DistanceMeters>
            <HeartRateBpm>
              <Value>131</Value>
            </HeartRateBpm>
            <Extensions>
              <ns3:TPX>
                <ns3:Speed>2.203000068664551</ns3:Speed>
                <ns3:RunCadence>80</ns3:RunCadence>
              </ns3:TPX>
            </Extensions>
          </Trackpoint>
          <Trackpoint>
            <Time>2026-06-21T06:10:59.000Z</Time>
            <Position>
              <LatitudeDegrees>50.66130646504462</LatitudeDegrees>
              <LongitudeDegrees>3.0735506024211645</LongitudeDegrees>
            </Position>
            <AltitudeMeters>33.400001525878906</AltitudeMeters>
            <DistanceMeters>640.1699829101562</DistanceMeters>
            <HeartRateBpm>
              <Value>130</Value>
            </HeartRateBpm>
            <Extensions>
              <ns3:TPX>
                <ns3:Speed>2.193000078201294</ns3:Speed>
                <ns3:RunCadence>81</ns3:RunCadence>
              </ns3:TPX>
            </Extensions>
          </Trackpoint>
          <Trackpoint>
            <Time>2026-06-21T06:11:04.000Z</Time>
            <Position>
              <LatitudeDegrees>50.66135935485363</LatitudeDegrees>
              <LongitudeDegrees>3.0734177492558956</LongitudeDegrees>
            </Position>
            <AltitudeMeters>32.79999923706055</AltitudeMeters>
            <DistanceMeters>651.1099853515625</DistanceMeters>
            <HeartRateBpm>
              <Value>130</Value>
            </HeartRateBpm>
            <Extensions>
              <ns3:TPX>
                <ns3:Speed>2.2209999561309814</ns3:Speed>
                <ns3:RunCadence>82</ns3:RunCadence>
              </ns3:TPX>
            </Extensions>
          </Trackpoint>
          <Trackpoint>
            <Time>2026-06-21T06:11:08.000Z</Time>
            <Position>
              <LatitudeDegrees>50.66140092909336</LatitudeDegrees>
              <LongitudeDegrees>3.0733147356659174</LongitudeDegrees>
            </Position>
            <AltitudeMeters>32.20000076293945</AltitudeMeters>
            <DistanceMeters>659.739990234375</DistanceMeters>
            <HeartRateBpm>
              <Value>128</Value>
            </HeartRateBpm>
            <Extensions>
              <ns3:TPX>
                <ns3:Speed>2.240000009536743</ns3:Speed>
                <ns3:RunCadence>83</ns3:RunCadence>
              </ns3:TPX>
            </Extensions>
          </Trackpoint>
          <Trackpoint>
            <Time>2026-06-21T06:11:10.000Z</Time>
            <Position>
              <LatitudeDegrees>50.66141216084361</LatitudeDegrees>
              <LongitudeDegrees>3.073252961039543</LongitudeDegrees>
            </Position>
            <AltitudeMeters>32.20000076293945</AltitudeMeters>
            <DistanceMeters>664.25</DistanceMeters>
            <HeartRateBpm>
              <Value>127</Value>
            </HeartRateBpm>
            <Extensions>
              <ns3:TPX>
                <ns3:Speed>2.240000009536743</ns3:Speed>
                <ns3:RunCadence>82</ns3:RunCadence>
              </ns3:TPX>
            </Extensions>
          </Trackpoint>
          <Trackpoint>
            <Time>2026-06-21T06:11:14.000Z</Time>
            <Position>
              <LatitudeDegrees>50.66143177449703</LatitudeDegrees>
              <LongitudeDegrees>3.0731467623263597</LongitudeDegrees>
            </Position>
            <AltitudeMeters>31.799999237060547</AltitudeMeters>
            <DistanceMeters>672.1199951171875</DistanceMeters>
            <HeartRateBpm>
              <Value>124</Value>
            </HeartRateBpm>
            <Extensions>
              <ns3:TPX>
                <ns3:Speed>2.240000009536743</ns3:Speed>
                <ns3:RunCadence>83</ns3:RunCadence>
              </ns3:TPX>
            </Extensions>
          </Trackpoint>
          <Trackpoint>
            <Time>2026-06-21T06:11:16.000Z</Time>
            <Position>
              <LatitudeDegrees>50.661451388150454</LatitudeDegrees>
              <LongitudeDegrees>3.0730994045734406</LongitudeDegrees>
            </Position>
            <AltitudeMeters>31.799999237060547</AltitudeMeters>
            <DistanceMeters>675.9099731445312</DistanceMeters>
            <HeartRateBpm>
              <Value>124</Value>
            </HeartRateBpm>
            <Extensions>
              <ns3:TPX>
                <ns3:Speed>2.240000009536743</ns3:Speed>
                <ns3:RunCadence>82</ns3:RunCadence>
              </ns3:TPX>
            </Extensions>
          </Trackpoint>
          <Trackpoint>
            <Time>2026-06-21T06:11:23.000Z</Time>
            <Position>
              <LatitudeDegrees>50.6615009251982</LatitudeDegrees>
              <LongitudeDegrees>3.0729006696492434</LongitudeDegrees>
            </Position>
            <AltitudeMeters>31.200000762939453</AltitudeMeters>
            <DistanceMeters>691.030029296875</DistanceMeters>
            <HeartRateBpm>
              <Value>123</Value>
            </HeartRateBpm>
            <Extensions>
              <ns3:TPX>
                <ns3:Speed>2.203000068664551</ns3:Speed>
                <ns3:RunCadence>83</ns3:RunCadence>
              </ns3:TPX>
            </Extensions>
          </Trackpoint>
          <Trackpoint>
            <Time>2026-06-21T06:11:31.000Z</Time>
            <Position>
              <LatitudeDegrees>50.661578960716724</LatitudeDegrees>
              <LongitudeDegrees>3.0726459436118603</LongitudeDegrees>
            </Position>
            <AltitudeMeters>30.600000381469727</AltitudeMeters>
            <DistanceMeters>710.2999877929688</DistanceMeters>
            <HeartRateBpm>
              <Value>122</Value>
            </HeartRateBpm>
            <Extensions>
              <ns3:TPX>
                <ns3:Speed>2.184000015258789</ns3:Speed>
                <ns3:RunCadence>83</ns3:RunCadence>
              </ns3:TPX>
            </Extensions>
          </Trackpoint>
          <Trackpoint>
            <Time>2026-06-21T06:11:36.000Z</Time>
            <Position>
              <LatitudeDegrees>50.661619612947106</LatitudeDegrees>
              <LongitudeDegrees>3.0724929738789797</LongitudeDegrees>
            </Position>
            <AltitudeMeters>30.200000762939453</AltitudeMeters>
            <DistanceMeters>722.0399780273438</DistanceMeters>
            <HeartRateBpm>
              <Value>121</Value>
            </HeartRateBpm>
            <Extensions>
              <ns3:TPX>
                <ns3:Speed>2.174999952316284</ns3:Speed>
                <ns3:RunCadence>83</ns3:RunCadence>
              </ns3:TPX>
            </Extensions>
          </Trackpoint>
          <Trackpoint>
            <Time>2026-06-21T06:11:39.000Z</Time>
            <Position>
              <LatitudeDegrees>50.66165984608233</LatitudeDegrees>
              <LongitudeDegrees>3.0724005214869976</LongitudeDegrees>
            </Position>
            <AltitudeMeters>30.0</AltitudeMeters>
            <DistanceMeters>730.0399780273438</DistanceMeters>
            <HeartRateBpm>
              <Value>121</Value>
            </HeartRateBpm>
            <Extensions>
              <ns3:TPX>
                <ns3:Speed>2.174999952316284</ns3:Speed>
                <ns3:RunCadence>84</ns3:RunCadence>
              </ns3:TPX>
            </Extensions>
          </Trackpoint>
          <Trackpoint>
            <Time>2026-06-21T06:11:47.000Z</Time>
            <Position>
              <LatitudeDegrees>50.6617372110486</LatitudeDegrees>
              <LongitudeDegrees>3.07215778157115</LongitudeDegrees>
            </Position>
            <AltitudeMeters>29.399999618530273</AltitudeMeters>
            <DistanceMeters>749.4199829101562</DistanceMeters>
            <HeartRateBpm>
              <Value>119</Value>
            </HeartRateBpm>
            <Extensions>
              <ns3:TPX>
                <ns3:Speed>2.203000068664551</ns3:Speed>
                <ns3:RunCadence>82</ns3:RunCadence>
              </ns3:TPX>
            </Extensions>
          </Trackpoint>
          <Trackpoint>
            <Time>2026-06-21T06:11:51.000Z</Time>
            <Position>
              <LatitudeDegrees>50.6617665477097</LatitudeDegrees>
              <LongitudeDegrees>3.0720403511077166</LongitudeDegrees>
            </Position>
            <AltitudeMeters>29.0</AltitudeMeters>
            <DistanceMeters>758.3200073242188</DistanceMeters>
            <HeartRateBpm>
              <Value>119</Value>
            </HeartRateBpm>
            <Extensions>
              <ns3:TPX>
                <ns3:Speed>2.2219998836517334</ns3:Speed>
                <ns3:RunCadence>84</ns3:RunCadence>
              </ns3:TPX>
            </Extensions>
          </Trackpoint>
          <Trackpoint>
            <Time>2026-06-21T06:11:54.000Z</Time>
            <Position>
              <LatitudeDegrees>50.6618011649698</LatitudeDegrees>
              <LongitudeDegrees>3.0719515029340982</LongitudeDegrees>
            </Position>
            <AltitudeMeters>29.0</AltitudeMeters>
            <DistanceMeters>765.6799926757812</DistanceMeters>
            <HeartRateBpm>
              <Value>118</Value>
            </HeartRateBpm>
            <Extensions>
              <ns3:TPX>
                <ns3:Speed>2.2309999465942383</ns3:Speed>
                <ns3:RunCadence>83</ns3:RunCadence>
              </ns3:TPX>
            </Extensions>
          </Trackpoint>
          <Trackpoint>
            <Time>2026-06-21T06:12:01.000Z</Time>
            <Position>
              <LatitudeDegrees>50.66187031567097</LatitudeDegrees>
              <LongitudeDegrees>3.0717366747558117</LongitudeDegrees>
            </Position>
            <AltitudeMeters>28.600000381469727</AltitudeMeters>
            <DistanceMeters>783.0599975585938</DistanceMeters>
            <HeartRateBpm>
              <Value>116</Value>
            </HeartRateBpm>
            <Extensions>
              <ns3:TPX>
                <ns3:Speed>2.25</ns3:Speed>
                <ns3:RunCadence>83</ns3:RunCadence>
              </ns3:TPX>
            </Extensions>
          </Trackpoint>
          <Trackpoint>
            <Time>2026-06-21T06:12:06.000Z</Time>
            <Position>
              <LatitudeDegrees>50.66191557794809</LatitudeDegrees>
              <LongitudeDegrees>3.0715790949761868</LongitudeDegrees>
            </Position>
            <AltitudeMeters>28.0</AltitudeMeters>
            <DistanceMeters>795.5700073242188</DistanceMeters>
            <HeartRateBpm>
              <Value>116</Value>
            </HeartRateBpm>
            <Extensions>
              <ns3:TPX>
                <ns3:Speed>2.2780001163482666</ns3:Speed>
                <ns3:RunCadence>82</ns3:RunCadence>
              </ns3:TPX>
            </Extensions>
          </Trackpoint>
          <Trackpoint>
            <Time>2026-06-21T06:12:08.000Z</Time>
            <Position>
              <LatitudeDegrees>50.661935694515705</LatitudeDegrees>
              <LongitudeDegrees>3.071513632312417</LongitudeDegrees>
            </Position>
            <AltitudeMeters>27.799999237060547</AltitudeMeters>
            <DistanceMeters>800.739990234375</DistanceMeters>
            <HeartRateBpm>
              <Value>116</Value>
            </HeartRateBpm>
            <Extensions>
              <ns3:TPX>
                <ns3:Speed>2.2960000038146973</ns3:Speed>
                <ns3:RunCadence>84</ns3:RunCadence>
              </ns3:TPX>
            </Extensions>
          </Trackpoint>
          <Trackpoint>
            <Time>2026-06-21T06:12:17.000Z</Time>
            <Position>
              <LatitudeDegrees>50.661975257098675</LatitudeDegrees>
              <LongitudeDegrees>3.0712178349494934</LongitudeDegrees>
            </Position>
            <AltitudeMeters>27.600000381469727</AltitudeMeters>
            <DistanceMeters>822.6900024414062</DistanceMeters>
            <HeartRateBpm>
              <Value>116</Value>
            </HeartRateBpm>
            <Extensions>
              <ns3:TPX>
                <ns3:Speed>2.3429999351501465</ns3:Speed>
                <ns3:RunCadence>84</ns3:RunCadence>
              </ns3:TPX>
            </Extensions>
          </Trackpoint>
          <Trackpoint>
            <Time>2026-06-21T06:12:18.000Z</Time>
            <Position>
              <LatitudeDegrees>50.661974335089326</LatitudeDegrees>
              <LongitudeDegrees>3.0711864028126</LongitudeDegrees>
            </Position>
            <AltitudeMeters>27.600000381469727</AltitudeMeters>
            <DistanceMeters>824.9099731445312</DistanceMeters>
            <HeartRateBpm>
              <Value>116</Value>
            </HeartRateBpm>
            <Extensions>
              <ns3:TPX>
                <ns3:Speed>2.3519999980926514</ns3:Speed>
                <ns3:RunCadence>82</ns3:RunCadence>
              </ns3:TPX>
            </Extensions>
          </Trackpoint>
          <Trackpoint>
            <Time>2026-06-21T06:12:26.000Z</Time>
            <Position>
              <LatitudeDegrees>50.66196075640619</LatitudeDegrees>
              <LongitudeDegrees>3.070897813886404</LongitudeDegrees>
            </Position>
            <AltitudeMeters>27.200000762939453</AltitudeMeters>
            <DistanceMeters>845.3599853515625</DistanceMeters>
            <HeartRateBpm>
              <Value>118</Value>
            </HeartRateBpm>
            <Extensions>
              <ns3:TPX>
                <ns3:Speed>2.380000114440918</ns3:Speed>
                <ns3:RunCadence>83</ns3:RunCadence>
              </ns3:TPX>
            </Extensions>
          </Trackpoint>
          <Trackpoint>
            <Time>2026-06-21T06:12:27.000Z</Time>
            <Position>
              <LatitudeDegrees>50.66196134313941</LatitudeDegrees>
              <LongitudeDegrees>3.070863028988242</LongitudeDegrees>
            </Position>
            <AltitudeMeters>27.200000762939453</AltitudeMeters>
            <DistanceMeters>847.8200073242188</DistanceMeters>
            <HeartRateBpm>
              <Value>118</Value>
            </HeartRateBpm>
            <Extensions>
              <ns3:TPX>
                <ns3:Speed>2.380000114440918</ns3:Speed>
                <ns3:RunCadence>83</ns3:RunCadence>
              </ns3:TPX>
            </Extensions>
          </Trackpoint>
          <Trackpoint>
            <Time>2026-06-21T06:12:30.000Z</Time>
            <Position>
              <LatitudeDegrees>50.661968383938074</LatitudeDegrees>
              <LongitudeDegrees>3.070760266855359</LongitudeDegrees>
            </Position>
            <AltitudeMeters>27.0</AltitudeMeters>
            <DistanceMeters>855.0900268554688</DistanceMeters>
            <HeartRateBpm>
              <Value>118</Value>
            </HeartRateBpm>
            <Extensions>
              <ns3:TPX>
                <ns3:Speed>2.3989999294281006</ns3:Speed>
                <ns3:RunCadence>83</ns3:RunCadence>
              </ns3:TPX>
            </Extensions>
          </Trackpoint>
          <Trackpoint>
            <Time>2026-06-21T06:12:39.000Z</Time>
            <Position>
              <LatitudeDegrees>50.66193695180118</LatitudeDegrees>
              <LongitudeDegrees>3.0704601109027863</LongitudeDegrees>
            </Position>
            <AltitudeMeters>27.200000762939453</AltitudeMeters>
            <DistanceMeters>876.47998046875</DistanceMeters>
            <HeartRateBpm>
              <Value>119</Value>
            </HeartRateBpm>
            <Extensions>
              <ns3:TPX>
                <ns3:Speed>2.444999933242798</ns3:Speed>
                <ns3:RunCadence>83</ns3:RunCadence>
              </ns3:TPX>
            </Extensions>
          </Trackpoint>
          <Trackpoint>
            <Time>2026-06-21T06:12:40.000Z</Time>
            <Position>
              <LatitudeDegrees>50.661933179944754</LatitudeDegrees>
              <LongitudeDegrees>3.070424906909466</LongitudeDegrees>
            </Position>
            <AltitudeMeters>27.200000762939453</AltitudeMeters>
            <DistanceMeters>878.9299926757812</DistanceMeters>
            <HeartRateBpm>
              <Value>120</Value>
            </HeartRateBpm>
            <Extensions>
              <ns3:TPX>
                <ns3:Speed>2.444999933242798</ns3:Speed>
                <ns3:RunCadence>83</ns3:RunCadence>
              </ns3:TPX>
            </Extensions>
          </Trackpoint>
          <Trackpoint>
            <Time>2026-06-21T06:12:47.000Z</Time>
            <Position>
              <LatitudeDegrees>50.66191926598549</LatitudeDegrees>
              <LongitudeDegrees>3.0701899621635675</LongitudeDegrees>
            </Position>
            <AltitudeMeters>26.399999618530273</AltitudeMeters>
            <DistanceMeters>895.6500244140625</DistanceMeters>
            <HeartRateBpm>
              <Value>121</Value>
            </HeartRateBpm>
            <Extensions>
              <ns3:TPX>
                <ns3:Speed>2.4549999237060547</ns3:Speed>
                <ns3:RunCadence>83</ns3:RunCadence>
              </ns3:TPX>
            </Extensions>
          </Trackpoint>
          <Trackpoint>
            <Time>2026-06-21T06:12:55.000Z</Time>
            <Position>
              <LatitudeDegrees>50.661906860768795</LatitudeDegrees>
              <LongitudeDegrees>3.0699246749281883</LongitudeDegrees>
            </Position>
            <AltitudeMeters>26.200000762939453</AltitudeMeters>
            <DistanceMeters>914.47998046875</DistanceMeters>
            <HeartRateBpm>
              <Value>122</Value>
            </HeartRateBpm>
            <Extensions>
              <ns3:TPX>
                <ns3:Speed>2.4549999237060547</ns3:Speed>
                <ns3:RunCadence>83</ns3:RunCadence>
              </ns3:TPX>
            </Extensions>
          </Trackpoint>
          <Trackpoint>
            <Time>2026-06-21T06:13:03.000Z</Time>
            <Position>
              <LatitudeDegrees>50.661915326491</LatitudeDegrees>
              <LongitudeDegrees>3.069645557552576</LongitudeDegrees>
            </Position>
            <AltitudeMeters>26.200000762939453</AltitudeMeters>
            <DistanceMeters>934.219970703125</DistanceMeters>
            <HeartRateBpm>
              <Value>121</Value>
            </HeartRateBpm>
            <Extensions>
              <ns3:TPX>
                <ns3:Speed>2.444999933242798</ns3:Speed>
                <ns3:RunCadence>82</ns3:RunCadence>
              </ns3:TPX>
            </Extensions>
          </Trackpoint>
          <Trackpoint>
            <Time>2026-06-21T06:13:12.000Z</Time>
            <Position>
              <LatitudeDegrees>50.661910213530064</LatitudeDegrees>
              <LongitudeDegrees>3.069334253668785</LongitudeDegrees>
            </Position>
            <AltitudeMeters>26.600000381469727</AltitudeMeters>
            <DistanceMeters>956.2899780273438</DistanceMeters>
            <HeartRateBpm>
              <Value>121</Value>
            </HeartRateBpm>
            <Extensions>
              <ns3:TPX>
                <ns3:Speed>2.444999933242798</ns3:Speed>
                <ns3:RunCadence>81</ns3:RunCadence>
              </ns3:TPX>
            </Extensions>
          </Trackpoint>
          <Trackpoint>
            <Time>2026-06-21T06:13:13.000Z</Time>
            <Position>
              <LatitudeDegrees>50.66190853714943</LatitudeDegrees>
              <LongitudeDegrees>3.0692978762090206</LongitudeDegrees>
            </Position>
            <AltitudeMeters>26.600000381469727</AltitudeMeters>
            <DistanceMeters>958.8599853515625</DistanceMeters>
            <HeartRateBpm>
              <Value>121</Value>
            </HeartRateBpm>
            <Extensions>
              <ns3:TPX>
                <ns3:Speed>2.444999933242798</ns3:Speed>
                <ns3:RunCadence>80</ns3:RunCadence>
              </ns3:TPX>
            </Extensions>
          </Trackpoint>
          <Trackpoint>
            <Time>2026-06-21T06:13:22.000Z</Time>
            <Position>
              <LatitudeDegrees>50.66190141253173</LatitudeDegrees>
              <LongitudeDegrees>3.068982381373644</LongitudeDegrees>
            </Position>
            <AltitudeMeters>26.600000381469727</AltitudeMeters>
            <DistanceMeters>981.1799926757812</DistanceMeters>
            <HeartRateBpm>
              <Value>122</Value>
            </HeartRateBpm>
            <Extensions>
              <ns3:TPX>
                <ns3:Speed>2.4539999961853027</ns3:Speed>
                <ns3:RunCadence>83</ns3:RunCadence>
              </ns3:TPX>
            </Extensions>
          </Trackpoint>
          <Trackpoint>
            <Time>2026-06-21T06:13:23.000Z</Time>
            <Position>
              <LatitudeDegrees>50.661901496350765</LatitudeDegrees>
              <LongitudeDegrees>3.0689477641135454</LongitudeDegrees>
            </Position>
            <AltitudeMeters>26.600000381469727</AltitudeMeters>
            <DistanceMeters>983.6099853515625</DistanceMeters>
            <HeartRateBpm>
              <Value>123</Value>
            </HeartRateBpm>
            <Extensions>
              <ns3:TPX>
                <ns3:Speed>2.4539999961853027</ns3:Speed>
                <ns3:RunCadence>83</ns3:RunCadence>
              </ns3:TPX>
            </Extensions>
          </Trackpoint>
          <Trackpoint>
            <Time>2026-06-21T06:13:32.000Z</Time>
            <Position>
              <LatitudeDegrees>50.66192127764225</LatitudeDegrees>
              <LongitudeDegrees>3.068645764142275</LongitudeDegrees>
            </Position>
            <AltitudeMeters>26.399999618530273</AltitudeMeters>
            <DistanceMeters>1005.0700073242188</DistanceMeters>
            <HeartRateBpm>
              <Value>125</Value>
            </HeartRateBpm>
            <Extensions>
              <ns3:TPX>
                <ns3:Speed>2.4630000591278076</ns3:Speed>
                <ns3:RunCadence>82</ns3:RunCadence>
              </ns3:TPX>
            </Extensions>
          </Trackpoint>
          <Trackpoint>
            <Time>2026-06-21T06:13:41.000Z</Time>
            <Position>
              <LatitudeDegrees>50.661923456937075</LatitudeDegrees>
              <LongitudeDegrees>3.068345943465829</LongitudeDegrees>
            </Position>
            <AltitudeMeters>26.200000762939453</AltitudeMeters>
            <DistanceMeters>1026.3399658203125</DistanceMeters>
            <HeartRateBpm>
              <Value>124</Value>
            </HeartRateBpm>
            <Extensions>
              <ns3:TPX>
                <ns3:Speed>2.4630000591278076</ns3:Speed>
                <ns3:RunCadence>82</ns3:RunCadence>
              </ns3:TPX>
            </Extensions>
          </Trackpoint>
          <Trackpoint>
            <Time>2026-06-21T06:13:50.000Z</Time>
            <Position>
              <LatitudeDegrees>50.66191432066262</LatitudeDegrees>
              <LongitudeDegrees>3.068036986514926</LongitudeDegrees>
            </Position>
            <AltitudeMeters>26.200000762939453</AltitudeMeters>
            <DistanceMeters>1048.260009765625</DistanceMeters>
            <HeartRateBpm>
              <Value>125</Value>
            </HeartRateBpm>
            <Extensions>
              <ns3:TPX>
                <ns3:Speed>2.4630000591278076</ns3:Speed>
                <ns3:RunCadence>82</ns3:RunCadence>
              </ns3:TPX>
            </Extensions>
          </Trackpoint>
          <Trackpoint>
            <Time>2026-06-21T06:13:51.000Z</Time>
            <Position>
              <LatitudeDegrees>50.661913733929396</LatitudeDegrees>
              <LongitudeDegrees>3.0680008605122566</LongitudeDegrees>
            </Position>
            <AltitudeMeters>26.200000762939453</AltitudeMeters>
            <DistanceMeters>1050.800048828125</DistanceMeters>
            <HeartRateBpm>
              <Value>125</Value>
            </HeartRateBpm>
            <Extensions>
              <ns3:TPX>
                <ns3:Speed>2.4630000591278076</ns3:Speed>
                <ns3:RunCadence>82</ns3:RunCadence>
              </ns3:TPX>
            </Extensions>
          </Trackpoint>
          <Trackpoint>
            <Time>2026-06-21T06:13:53.000Z</Time>
            <Position>
              <LatitudeDegrees>50.661919098347425</LatitudeDegrees>
              <LongitudeDegrees>3.0679234955459833</LongitudeDegrees>
            </Position>
            <AltitudeMeters>26.0</AltitudeMeters>
            <DistanceMeters>1056.2099609375</DistanceMeters>
            <HeartRateBpm>
              <Value>125</Value>
            </HeartRateBpm>
            <Extensions>
              <ns3:TPX>
                <ns3:Speed>2.4630000591278076</ns3:Speed>
                <ns3:RunCadence>83</ns3:RunCadence>
              </ns3:TPX>
            </Extensions>
          </Trackpoint>
          <Trackpoint>
            <Time>2026-06-21T06:14:01.000Z</Time>
            <Position>
              <LatitudeDegrees>50.66194089129567</LatitudeDegrees>
              <LongitudeDegrees>3.0676380079239607</LongitudeDegrees>
            </Position>
            <AltitudeMeters>26.200000762939453</AltitudeMeters>
            <DistanceMeters>1076.3900146484375</DistanceMeters>
            <HeartRateBpm>
              <Value>127</Value>
            </HeartRateBpm>
            <Extensions>
              <ns3:TPX>
                <ns3:Speed>2.4630000591278076</ns3:Speed>
                <ns3:RunCadence>84</ns3:RunCadence>
              </ns3:TPX>
            </Extensions>
          </Trackpoint>
          <Trackpoint>
            <Time>2026-06-21T06:14:04.000Z</Time>
            <Position>
              <LatitudeDegrees>50.661953296512365</LatitudeDegrees>
              <LongitudeDegrees>3.0675317253917456</LongitudeDegrees>
            </Position>
            <AltitudeMeters>26.399999618530273</AltitudeMeters>
            <DistanceMeters>1083.9100341796875</DistanceMeters>
            <HeartRateBpm>
              <Value>128</Value>
            </HeartRateBpm>
            <Extensions>
              <ns3:TPX>
                <ns3:Speed>2.4630000591278076</ns3:Speed>
                <ns3:RunCadence>82</ns3:RunCadence>
              </ns3:TPX>
            </Extensions>
          </Trackpoint>
          <Trackpoint>
            <Time>2026-06-21T06:14:13.000Z</Time>
            <Position>
              <LatitudeDegrees>50.66192706115544</LatitudeDegrees>
              <LongitudeDegrees>3.067227965220809</LongitudeDegrees>
            </Position>
            <AltitudeMeters>26.0</AltitudeMeters>
            <DistanceMeters>1105.5699462890625</DistanceMeters>
            <HeartRateBpm>
              <Value>128</Value>
            </HeartRateBpm>
            <Extensions>
              <ns3:TPX>
                <ns3:Speed>2.4539999961853027</ns3:Speed>
                <ns3:RunCadence>84</ns3:RunCadence>
              </ns3:TPX>
            </Extensions>
          </Trackpoint>
          <Trackpoint>
            <Time>2026-06-21T06:14:15.000Z</Time>
            <Position>
              <LatitudeDegrees>50.66193234175444</LatitudeDegrees>
              <LongitudeDegrees>3.0671607423573732</LongitudeDegrees>
            </Position>
            <AltitudeMeters>25.799999237060547</AltitudeMeters>
            <DistanceMeters>1110.280029296875</DistanceMeters>
            <HeartRateBpm>
              <Value>128</Value>
            </HeartRateBpm>
            <Extensions>
              <ns3:TPX>
                <ns3:Speed>2.4539999961853027</ns3:Speed>
                <ns3:RunCadence>84</ns3:RunCadence>
              </ns3:TPX>
            </Extensions>
          </Trackpoint>
          <Trackpoint>
            <Time>2026-06-21T06:14:23.000Z</Time>
            <Position>
              <LatitudeDegrees>50.661991434171796</LatitudeDegrees>
              <LongitudeDegrees>3.066838374361396</LongitudeDegrees>
            </Position>
            <AltitudeMeters>25.600000381469727</AltitudeMeters>
            <DistanceMeters>1133.0799560546875</DistanceMeters>
            <HeartRateBpm>
              <Value>129</Value>
            </HeartRateBpm>
            <Extensions>
              <ns3:TPX>
                <ns3:Speed>2.4539999961853027</ns3:Speed>
                <ns3:RunCadence>83</ns3:RunCadence>
              </ns3:TPX>
            </Extensions>
          </Trackpoint>
          <Trackpoint>
            <Time>2026-06-21T06:14:25.000Z</Time>
            <Position>
              <LatitudeDegrees>50.662008030340075</LatitudeDegrees>
              <LongitudeDegrees>3.066759081557393</LongitudeDegrees>
            </Position>
            <AltitudeMeters>25.600000381469727</AltitudeMeters>
            <DistanceMeters>1138.8199462890625</DistanceMeters>
            <HeartRateBpm>
              <Value>129</Value>
            </HeartRateBpm>
            <Extensions>
              <ns3:TPX>
                <ns3:Speed>2.4539999961853027</ns3:Speed>
                <ns3:RunCadence>83</ns3:RunCadence>
              </ns3:TPX>
            </Extensions>
          </Trackpoint>
          <Trackpoint>
            <Time>2026-06-21T06:14:33.000Z</Time>
            <Position>
              <LatitudeDegrees>50.66197735257447</LatitudeDegrees>
              <LongitudeDegrees>3.066529082134366</LongitudeDegrees>
            </Position>
            <AltitudeMeters>25.399999618530273</AltitudeMeters>
            <DistanceMeters>1155.3199462890625</DistanceMeters>
            <HeartRateBpm>
              <Value>129</Value>
            </HeartRateBpm>
            <Extensions>
              <ns3:TPX>
                <ns3:Speed>2.4630000591278076</ns3:Speed>
                <ns3:RunCadence>83</ns3:RunCadence>
              </ns3:TPX>
            </Extensions>
          </Trackpoint>
          <Trackpoint>
            <Time>2026-06-21T06:14:41.000Z</Time>
            <Position>
              <LatitudeDegrees>50.66193401813507</LatitudeDegrees>
              <LongitudeDegrees>3.066283827647567</LongitudeDegrees>
            </Position>
            <AltitudeMeters>25.200000762939453</AltitudeMeters>
            <DistanceMeters>1173.719970703125</DistanceMeters>
            <HeartRateBpm>
              <Value>129</Value>
            </HeartRateBpm>
            <Extensions>
              <ns3:TPX>
                <ns3:Speed>2.444999933242798</ns3:Speed>
                <ns3:RunCadence>83</ns3:RunCadence>
              </ns3:TPX>
            </Extensions>
          </Trackpoint>
          <Trackpoint>
            <Time>2026-06-21T06:14:48.000Z</Time>
            <Position>
              <LatitudeDegrees>50.66197408363223</LatitudeDegrees>
              <LongitudeDegrees>3.066033124923706</LongitudeDegrees>
            </Position>
            <AltitudeMeters>25.200000762939453</AltitudeMeters>
            <DistanceMeters>1191.8599853515625</DistanceMeters>
            <HeartRateBpm>
              <Value>128</Value>
            </HeartRateBpm>
            <Extensions>
              <ns3:TPX>
                <ns3:Speed>2.444999933242798</ns3:Speed>
                <ns3:RunCadence>82</ns3:RunCadence>
              </ns3:TPX>
            </Extensions>
          </Trackpoint>
          <Trackpoint>
            <Time>2026-06-21T06:14:56.000Z</Time>
            <Position>
              <LatitudeDegrees>50.66200585104525</LatitudeDegrees>
              <LongitudeDegrees>3.0657447036355734</LongitudeDegrees>
            </Position>
            <AltitudeMeters>25.399999618530273</AltitudeMeters>
            <DistanceMeters>1212.1199951171875</DistanceMeters>
            <HeartRateBpm>
              <Value>128</Value>
            </HeartRateBpm>
            <Extensions>
              <ns3:TPX>
                <ns3:Speed>2.444999933242798</ns3:Speed>
                <ns3:RunCadence>83</ns3:RunCadence>
              </ns3:TPX>
            </Extensions>
          </Trackpoint>
          <Trackpoint>
            <Time>2026-06-21T06:15:04.000Z</Time>
            <Position>
              <LatitudeDegrees>50.661941561847925</LatitudeDegrees>
              <LongitudeDegrees>3.0655197333544493</LongitudeDegrees>
            </Position>
            <AltitudeMeters>25.399999618530273</AltitudeMeters>
            <DistanceMeters>1228.8399658203125</DistanceMeters>
            <HeartRateBpm>
              <Value>127</Value>
            </HeartRateBpm>
            <Extensions>
              <ns3:TPX>
                <ns3:Speed>2.4260001182556152</ns3:Speed>
                <ns3:RunCadence>83</ns3:RunCadence>
              </ns3:TPX>
            </Extensions>
          </Trackpoint>
          <Trackpoint>
            <Time>2026-06-21T06:15:11.000Z</Time>
            <Position>
              <LatitudeDegrees>50.66193510778248</LatitudeDegrees>
              <LongitudeDegrees>3.0652749817818403</LongitudeDegrees>
            </Position>
            <AltitudeMeters>25.200000762939453</AltitudeMeters>
            <DistanceMeters>1246.1500244140625</DistanceMeters>
            <HeartRateBpm>
              <Value>127</Value>
            </HeartRateBpm>
            <Extensions>
              <ns3:TPX>
                <ns3:Speed>2.3980000019073486</ns3:Speed>
                <ns3:RunCadence>83</ns3:RunCadence>
              </ns3:TPX>
            </Extensions>
          </Trackpoint>
          <Trackpoint>
            <Time>2026-06-21T06:15:13.000Z</Time>
            <Position>
              <LatitudeDegrees>50.66194818355143</LatitudeDegrees>
              <LongitudeDegrees>3.065199963748455</LongitudeDegrees>
            </Position>
            <AltitudeMeters>25.200000762939453</AltitudeMeters>
            <DistanceMeters>1251.4200439453125</DistanceMeters>
            <HeartRateBpm>
              <Value>127</Value>
            </HeartRateBpm>
            <Extensions>
              <ns3:TPX>
                <ns3:Speed>2.3980000019073486</ns3:Speed>
                <ns3:RunCadence>83</ns3:RunCadence>
              </ns3:TPX>
            </Extensions>
          </Trackpoint>
          <Trackpoint>
            <Time>2026-06-21T06:15:16.000Z</Time>
            <Position>
              <LatitudeDegrees>50.66196855157614</LatitudeDegrees>
              <LongitudeDegrees>3.0650893226265907</LongitudeDegrees>
            </Position>
            <AltitudeMeters>25.0</AltitudeMeters>
            <DistanceMeters>1259.22998046875</DistanceMeters>
            <HeartRateBpm>
              <Value>127</Value>
            </HeartRateBpm>
            <Extensions>
              <ns3:TPX>
                <ns3:Speed>2.4070000648498535</ns3:Speed>
                <ns3:RunCadence>83</ns3:RunCadence>
              </ns3:TPX>
            </Extensions>
          </Trackpoint>
          <Trackpoint>
            <Time>2026-06-21T06:15:22.000Z</Time>
            <Position>
              <LatitudeDegrees>50.6619843095541</LatitudeDegrees>
              <LongitudeDegrees>3.0648868158459663</LongitudeDegrees>
            </Position>
            <AltitudeMeters>24.799999237060547</AltitudeMeters>
            <DistanceMeters>1273.469970703125</DistanceMeters>
            <HeartRateBpm>
              <Value>127</Value>
            </HeartRateBpm>
            <Extensions>
              <ns3:TPX>
                <ns3:Speed>2.4170000553131104</ns3:Speed>
                <ns3:RunCadence>84</ns3:RunCadence>
              </ns3:TPX>
            </Extensions>
          </Trackpoint>
          <Trackpoint>
            <Time>2026-06-21T06:15:29.000Z</Time>
            <Position>
              <LatitudeDegrees>50.66198707558215</LatitudeDegrees>
              <LongitudeDegrees>3.0646393820643425</LongitudeDegrees>
            </Position>
            <AltitudeMeters>24.600000381469727</AltitudeMeters>
            <DistanceMeters>1290.780029296875</DistanceMeters>
            <HeartRateBpm>
              <Value>127</Value>
            </HeartRateBpm>
            <Extensions>
              <ns3:TPX>
                <ns3:Speed>2.4170000553131104</ns3:Speed>
                <ns3:RunCadence>83</ns3:RunCadence>
              </ns3:TPX>
            </Extensions>
          </Trackpoint>
          <Trackpoint>
            <Time>2026-06-21T06:15:38.000Z</Time>
            <Position>
              <LatitudeDegrees>50.66200744360685</LatitudeDegrees>
              <LongitudeDegrees>3.064343836158514</LongitudeDegrees>
            </Position>
            <AltitudeMeters>24.0</AltitudeMeters>
            <DistanceMeters>1311.550048828125</DistanceMeters>
            <HeartRateBpm>
              <Value>127</Value>
            </HeartRateBpm>
            <Extensions>
              <ns3:TPX>
                <ns3:Speed>2.4170000553131104</ns3:Speed>
                <ns3:RunCadence>82</ns3:RunCadence>
              </ns3:TPX>
            </Extensions>
          </Trackpoint>
          <Trackpoint>
            <Time>2026-06-21T06:15:39.000Z</Time>
            <Position>
              <LatitudeDegrees>50.66200182773173</LatitudeDegrees>
              <LongitudeDegrees>3.0643100570887327</LongitudeDegrees>
            </Position>
            <AltitudeMeters>23.799999237060547</AltitudeMeters>
            <DistanceMeters>1313.9599609375</DistanceMeters>
            <HeartRateBpm>
              <Value>127</Value>
            </HeartRateBpm>
            <Extensions>
              <ns3:TPX>
                <ns3:Speed>2.4170000553131104</ns3:Speed>
                <ns3:RunCadence>82</ns3:RunCadence>
              </ns3:TPX>
            </Extensions>
          </Trackpoint>
          <Trackpoint>
            <Time>2026-06-21T06:15:44.000Z</Time>
            <Position>
              <LatitudeDegrees>50.661972323432565</LatitudeDegrees>
              <LongitudeDegrees>3.064155410975218</LongitudeDegrees>
            </Position>
            <AltitudeMeters>23.799999237060547</AltitudeMeters>
            <DistanceMeters>1325.2900390625</DistanceMeters>
            <HeartRateBpm>
              <Value>127</Value>
            </HeartRateBpm>
            <Extensions>
              <ns3:TPX>
                <ns3:Speed>2.4070000648498535</ns3:Speed>
                <ns3:RunCadence>83</ns3:RunCadence>
              </ns3:TPX>
            </Extensions>
          </Trackpoint>
          <Trackpoint>
            <Time>2026-06-21T06:15:52.000Z</Time>
            <Position>
              <LatitudeDegrees>50.66188305616379</LatitudeDegrees>
              <LongitudeDegrees>3.0639048758894205</LongitudeDegrees>
            </Position>
            <AltitudeMeters>23.200000762939453</AltitudeMeters>
            <DistanceMeters>1345.5899658203125</DistanceMeters>
            <HeartRateBpm>
              <Value>126</Value>
            </HeartRateBpm>
            <Extensions>
              <ns3:TPX>
                <ns3:Speed>2.3980000019073486</ns3:Speed>
                <ns3:RunCadence>82</ns3:RunCadence>
              </ns3:TPX>
            </Extensions>
          </Trackpoint>
          <Trackpoint>
            <Time>2026-06-21T06:16:00.000Z</Time>
            <Position>
              <LatitudeDegrees>50.66190803423524</LatitudeDegrees>
              <LongitudeDegrees>3.0636303685605526</LongitudeDegrees>
            </Position>
            <AltitudeMeters>23.0</AltitudeMeters>
            <DistanceMeters>1364.969970703125</DistanceMeters>
            <HeartRateBpm>
              <Value>126</Value>
            </HeartRateBpm>
            <Extensions>
              <ns3:TPX>
                <ns3:Speed>2.3980000019073486</ns3:Speed>
                <ns3:RunCadence>83</ns3:RunCadence>
              </ns3:TPX>
            </Extensions>
          </Trackpoint>
          <Trackpoint>
            <Time>2026-06-21T06:16:03.000Z</Time>
            <Position>
              <LatitudeDegrees>50.661914655938745</LatitudeDegrees>
              <LongitudeDegrees>3.0635320488363504</LongitudeDegrees>
            </Position>
            <AltitudeMeters>23.0</AltitudeMeters>
            <DistanceMeters>1371.699951171875</DistanceMeters>
            <HeartRateBpm>
              <Value>125</Value>
            </HeartRateBpm>
            <Extensions>
              <ns3:TPX>
                <ns3:Speed>2.3980000019073486</ns3:Speed>
                <ns3:RunCadence>82</ns3:RunCadence>
              </ns3:TPX>
            </Extensions>
          </Trackpoint>
          <Trackpoint>
            <Time>2026-06-21T06:16:06.000Z</Time>
            <Position>
              <LatitudeDegrees>50.66189395263791</LatitudeDegrees>
              <LongitudeDegrees>3.063463233411312</LongitudeDegrees>
            </Position>
            <AltitudeMeters>23.0</AltitudeMeters>
            <DistanceMeters>1377.050048828125</DistanceMeters>
            <HeartRateBpm>
              <Value>125</Value>
            </HeartRateBpm>
            <Extensions>
              <ns3:TPX>
                <ns3:Speed>2.3980000019073486</ns3:Speed>
                <ns3:RunCadence>0</ns3:RunCadence>
              </ns3:TPX>
            </Extensions>
          </Trackpoint>
          <Trackpoint>
            <Time>2026-06-21T06:16:08.000Z</Time>
            <Position>
              <LatitudeDegrees>50.661879032850266</LatitudeDegrees>
              <LongitudeDegrees>3.0634356569498777</LongitudeDegrees>
            </Position>
            <AltitudeMeters>23.0</AltitudeMeters>
            <DistanceMeters>1379.2099609375</DistanceMeters>
            <HeartRateBpm>
              <Value>125</Value>
            </HeartRateBpm>
            <Extensions>
              <ns3:TPX>
                <ns3:Speed>2.3980000019073486</ns3:Speed>
                <ns3:RunCadence>0</ns3:RunCadence>
              </ns3:TPX>
            </Extensions>
          </Trackpoint>
          <Trackpoint>
            <Time>2026-06-21T06:16:09.000Z</Time>
            <Position>
              <LatitudeDegrees>50.66188179887831</LatitudeDegrees>
              <LongitudeDegrees>3.0634106788784266</LongitudeDegrees>
            </Position>
            <AltitudeMeters>22.799999237060547</AltitudeMeters>
            <DistanceMeters>1381.0</DistanceMeters>
            <HeartRateBpm>
              <Value>124</Value>
            </HeartRateBpm>
            <Extensions>
              <ns3:TPX>
                <ns3:Speed>2.3980000019073486</ns3:Speed>
                <ns3:RunCadence>0</ns3:RunCadence>
              </ns3:TPX>
            </Extensions>
          </Trackpoint>
          <Trackpoint>
            <Time>2026-06-21T06:16:12.000Z</Time>
            <Position>
              <LatitudeDegrees>50.66188313998282</LatitudeDegrees>
              <LongitudeDegrees>3.0633060727268457</LongitudeDegrees>
            </Position>
            <AltitudeMeters>22.799999237060547</AltitudeMeters>
            <DistanceMeters>1388.449951171875</DistanceMeters>
            <HeartRateBpm>
              <Value>124</Value>
            </HeartRateBpm>
            <Extensions>
              <ns3:TPX>
                <ns3:Speed>2.369999885559082</ns3:Speed>
                <ns3:RunCadence>79</ns3:RunCadence>
              </ns3:TPX>
            </Extensions>
          </Trackpoint>
          <Trackpoint>
            <Time>2026-06-21T06:16:16.000Z</Time>
            <Position>
              <LatitudeDegrees>50.661842823028564</LatitudeDegrees>
              <LongitudeDegrees>3.0632103513926268</LongitudeDegrees>
            </Position>
            <AltitudeMeters>22.600000381469727</AltitudeMeters>
            <DistanceMeters>1397.75</DistanceMeters>
            <HeartRateBpm>
              <Value>125</Value>
            </HeartRateBpm>
            <Extensions>
              <ns3:TPX>
                <ns3:Speed>2.4079999923706055</ns3:Speed>
                <ns3:RunCadence>81</ns3:RunCadence>
              </ns3:TPX>
            </Extensions>
          </Trackpoint>
          <Trackpoint>
            <Time>2026-06-21T06:16:17.000Z</Time>
            <Position>
              <LatitudeDegrees>50.66182077862322</LatitudeDegrees>
              <LongitudeDegrees>3.0632044840604067</LongitudeDegrees>
            </Position>
            <AltitudeMeters>22.600000381469727</AltitudeMeters>
            <DistanceMeters>1400.1400146484375</DistanceMeters>
            <HeartRateBpm>
              <Value>125</Value>
            </HeartRateBpm>
            <Extensions>
              <ns3:TPX>
                <ns3:Speed>2.4079999923706055</ns3:Speed>
                <ns3:RunCadence>83</ns3:RunCadence>
              </ns3:TPX>
            </Extensions>
          </Trackpoint>
          <Trackpoint>
            <Time>2026-06-21T06:16:21.000Z</Time>
            <Position>
              <LatitudeDegrees>50.66174835897982</LatitudeDegrees>
              <LongitudeDegrees>3.0631338246166706</LongitudeDegrees>
            </Position>
            <AltitudeMeters>22.600000381469727</AltitudeMeters>
            <DistanceMeters>1409.989990234375</DistanceMeters>
            <HeartRateBpm>
              <Value>123</Value>
            </HeartRateBpm>
            <Extensions>
              <ns3:TPX>
                <ns3:Speed>2.4260001182556152</ns3:Speed>
                <ns3:RunCadence>83</ns3:RunCadence>
              </ns3:TPX>
            </Extensions>
          </Trackpoint>
          <Trackpoint>
            <Time>2026-06-21T06:16:23.000Z</Time>
            <Position>
              <LatitudeDegrees>50.66174886189401</LatitudeDegrees>
              <LongitudeDegrees>3.0630567111074924</LongitudeDegrees>
            </Position>
            <AltitudeMeters>22.600000381469727</AltitudeMeters>
            <DistanceMeters>1415.3900146484375</DistanceMeters>
            <HeartRateBpm>
              <Value>122</Value>
            </HeartRateBpm>
            <Extensions>
              <ns3:TPX>
                <ns3:Speed>2.444999933242798</ns3:Speed>
                <ns3:RunCadence>82</ns3:RunCadence>
              </ns3:TPX>
            </Extensions>
          </Trackpoint>
          <Trackpoint>
            <Time>2026-06-21T06:16:32.000Z</Time>
            <Position>
              <LatitudeDegrees>50.661790519952774</LatitudeDegrees>
              <LongitudeDegrees>3.062750268727541</LongitudeDegrees>
            </Position>
            <AltitudeMeters>22.399999618530273</AltitudeMeters>
            <DistanceMeters>1437.5</DistanceMeters>
            <HeartRateBpm>
              <Value>122</Value>
            </HeartRateBpm>
            <Extensions>
              <ns3:TPX>
                <ns3:Speed>2.500999927520752</ns3:Speed>
                <ns3:RunCadence>84</ns3:RunCadence>
              </ns3:TPX>
            </Extensions>
          </Trackpoint>
          <Trackpoint>
            <Time>2026-06-21T06:16:38.000Z</Time>
            <Position>
              <LatitudeDegrees>50.66181315109134</LatitudeDegrees>
              <LongitudeDegrees>3.0625490192323923</LongitudeDegrees>
            </Position>
            <AltitudeMeters>22.200000762939453</AltitudeMeters>
            <DistanceMeters>1451.9599609375</DistanceMeters>
            <HeartRateBpm>
              <Value>125</Value>
            </HeartRateBpm>
            <Extensions>
              <ns3:TPX>
                <ns3:Speed>2.5850000381469727</ns3:Speed>
                <ns3:RunCadence>84</ns3:RunCadence>
              </ns3:TPX>
            </Extensions>
          </Trackpoint>
          <Trackpoint>
            <Time>2026-06-21T06:16:44.000Z</Time>
            <Position>
              <LatitudeDegrees>50.661823293194175</LatitudeDegrees>
              <LongitudeDegrees>3.062351206317544</LongitudeDegrees>
            </Position>
            <AltitudeMeters>22.200000762939453</AltitudeMeters>
            <DistanceMeters>1465.989990234375</DistanceMeters>
            <HeartRateBpm>
              <Value>126</Value>
            </HeartRateBpm>
            <Extensions>
              <ns3:TPX>
                <ns3:Speed>2.565999984741211</ns3:Speed>
                <ns3:RunCadence>83</ns3:RunCadence>
              </ns3:TPX>
            </Extensions>
          </Trackpoint>
          <Trackpoint>
            <Time>2026-06-21T06:16:53.000Z</Time>
            <Position>
              <LatitudeDegrees>50.66184173338115</LatitudeDegrees>
              <LongitudeDegrees>3.062041662633419</LongitudeDegrees>
            </Position>
            <AltitudeMeters>22.200000762939453</AltitudeMeters>
            <DistanceMeters>1487.989990234375</DistanceMeters>
            <HeartRateBpm>
              <Value>125</Value>
            </HeartRateBpm>
            <Extensions>
              <ns3:TPX>
                <ns3:Speed>2.546999931335449</ns3:Speed>
                <ns3:RunCadence>82</ns3:RunCadence>
              </ns3:TPX>
            </Extensions>
          </Trackpoint>
          <Trackpoint>
            <Time>2026-06-21T06:16:54.000Z</Time>
            <Position>
              <LatitudeDegrees>50.661840895190835</LatitudeDegrees>
              <LongitudeDegrees>3.062007799744606</LongitudeDegrees>
            </Position>
            <AltitudeMeters>22.0</AltitudeMeters>
            <DistanceMeters>1490.3900146484375</DistanceMeters>
            <HeartRateBpm>
              <Value>125</Value>
            </HeartRateBpm>
            <Extensions>
              <ns3:TPX>
                <ns3:Speed>2.546999931335449</ns3:Speed>
                <ns3:RunCadence>82</ns3:RunCadence>
              </ns3:TPX>
            </Extensions>
          </Trackpoint>
          <Trackpoint>
            <Time>2026-06-21T06:16:58.000Z</Time>
            <Position>
              <LatitudeDegrees>50.66184734925628</LatitudeDegrees>
              <LongitudeDegrees>3.0618871841579676</LongitudeDegrees>
            </Position>
            <AltitudeMeters>21.799999237060547</AltitudeMeters>
            <DistanceMeters>1498.969970703125</DistanceMeters>
            <HeartRateBpm>
              <Value>124</Value>
            </HeartRateBpm>
            <Extensions>
              <ns3:TPX>
                <ns3:Speed>2.546999931335449</ns3:Speed>
                <ns3:RunCadence>82</ns3:RunCadence>
              </ns3:TPX>
            </Extensions>
          </Trackpoint>
          <Trackpoint>
            <Time>2026-06-21T06:17:03.000Z</Time>
            <Position>
              <LatitudeDegrees>50.66186268813908</LatitudeDegrees>
              <LongitudeDegrees>3.0617208033800125</LongitudeDegrees>
            </Position>
            <AltitudeMeters>21.399999618530273</AltitudeMeters>
            <DistanceMeters>1510.8800048828125</DistanceMeters>
            <HeartRateBpm>
              <Value>124</Value>
            </HeartRateBpm>
            <Extensions>
              <ns3:TPX>
                <ns3:Speed>2.5290000438690186</ns3:Speed>
                <ns3:RunCadence>83</ns3:RunCadence>
              </ns3:TPX>
            </Extensions>
          </Trackpoint>
          <Trackpoint>
            <Time>2026-06-21T06:17:10.000Z</Time>
            <Position>
              <LatitudeDegrees>50.66188213415444</LatitudeDegrees>
              <LongitudeDegrees>3.061494743451476</LongitudeDegrees>
            </Position>
            <AltitudeMeters>20.799999237060547</AltitudeMeters>
            <DistanceMeters>1527.030029296875</DistanceMeters>
            <HeartRateBpm>
              <Value>124</Value>
            </HeartRateBpm>
            <Extensions>
              <ns3:TPX>
                <ns3:Speed>2.500999927520752</ns3:Speed>
                <ns3:RunCadence>83</ns3:RunCadence>
              </ns3:TPX>
            </Extensions>
          </Trackpoint>
          <Trackpoint>
            <Time>2026-06-21T06:17:13.000Z</Time>
            <Position>
              <LatitudeDegrees>50.66189303062856</LatitudeDegrees>
              <LongitudeDegrees>3.0613935738801956</LongitudeDegrees>
            </Position>
            <AltitudeMeters>20.600000381469727</AltitudeMeters>
            <DistanceMeters>1534.2900390625</DistanceMeters>
            <HeartRateBpm>
              <Value>124</Value>
            </HeartRateBpm>
            <Extensions>
              <ns3:TPX>
                <ns3:Speed>2.492000102996826</ns3:Speed>
                <ns3:RunCadence>83</ns3:RunCadence>
              </ns3:TPX>
            </Extensions>
          </Trackpoint>
          <Trackpoint>
            <Time>2026-06-21T06:17:20.000Z</Time>
            <Position>
              <LatitudeDegrees>50.661922534927726</LatitudeDegrees>
              <LongitudeDegrees>3.0611655861139297</LongitudeDegrees>
            </Position>
            <AltitudeMeters>19.799999237060547</AltitudeMeters>
            <DistanceMeters>1550.6800537109375</DistanceMeters>
            <HeartRateBpm>
              <Value>122</Value>
            </HeartRateBpm>
            <Extensions>
              <ns3:TPX>
                <ns3:Speed>2.4639999866485596</ns3:Speed>
                <ns3:RunCadence>83</ns3:RunCadence>
              </ns3:TPX>
            </Extensions>
          </Trackpoint>
          <Trackpoint>
            <Time>2026-06-21T06:17:22.000Z</Time>
            <Position>
              <LatitudeDegrees>50.661935694515705</LatitudeDegrees>
              <LongitudeDegrees>3.061102470383048</LongitudeDegrees>
            </Position>
            <AltitudeMeters>19.600000381469727</AltitudeMeters>
            <DistanceMeters>1555.4000244140625</DistanceMeters>
            <HeartRateBpm>
              <Value>122</Value>
            </HeartRateBpm>
            <Extensions>
              <ns3:TPX>
                <ns3:Speed>2.4539999961853027</ns3:Speed>
                <ns3:RunCadence>83</ns3:RunCadence>
              </ns3:TPX>
            </Extensions>
          </Trackpoint>
          <Trackpoint>
            <Time>2026-06-21T06:17:23.000Z</Time>
            <Position>
              <LatitudeDegrees>50.66193485632539</LatitudeDegrees>
              <LongitudeDegrees>3.0610702838748693</LongitudeDegrees>
            </Position>
            <AltitudeMeters>19.600000381469727</AltitudeMeters>
            <DistanceMeters>1557.6500244140625</DistanceMeters>
            <HeartRateBpm>
              <Value>122</Value>
            </HeartRateBpm>
            <Extensions>
              <ns3:TPX>
                <ns3:Speed>2.4539999961853027</ns3:Speed>
                <ns3:RunCadence>83</ns3:RunCadence>
              </ns3:TPX>
            </Extensions>
          </Trackpoint>
          <Trackpoint>
            <Time>2026-06-21T06:17:25.000Z</Time>
            <Position>
              <LatitudeDegrees>50.661915661767125</LatitudeDegrees>
              <LongitudeDegrees>3.0610281229019165</LongitudeDegrees>
            </Position>
            <AltitudeMeters>19.399999618530273</AltitudeMeters>
            <DistanceMeters>1561.4200439453125</DistanceMeters>
            <HeartRateBpm>
              <Value>121</Value>
            </HeartRateBpm>
            <Extensions>
              <ns3:TPX>
                <ns3:Speed>2.444999933242798</ns3:Speed>
                <ns3:RunCadence>83</ns3:RunCadence>
              </ns3:TPX>
            </Extensions>
          </Trackpoint>
          <Trackpoint>
            <Time>2026-06-21T06:17:26.000Z</Time>
            <Position>
              <LatitudeDegrees>50.661896048113704</LatitudeDegrees>
              <LongitudeDegrees>3.061019154265523</LongitudeDegrees>
            </Position>
            <AltitudeMeters>19.399999618530273</AltitudeMeters>
            <DistanceMeters>1563.68994140625</DistanceMeters>
            <HeartRateBpm>
              <Value>121</Value>
            </HeartRateBpm>
            <Extensions>
              <ns3:TPX>
                <ns3:Speed>2.444999933242798</ns3:Speed>
                <ns3:RunCadence>83</ns3:RunCadence>
              </ns3:TPX>
            </Extensions>
          </Trackpoint>
          <Trackpoint>
            <Time>2026-06-21T06:17:32.000Z</Time>
            <Position>
              <LatitudeDegrees>50.66178389824927</LatitudeDegrees>
              <LongitudeDegrees>3.060993254184723</LongitudeDegrees>
            </Position>
            <AltitudeMeters>18.799999237060547</AltitudeMeters>
            <DistanceMeters>1576.31005859375</DistanceMeters>
            <HeartRateBpm>
              <Value>121</Value>
            </HeartRateBpm>
            <Extensions>
              <ns3:TPX>
                <ns3:Speed>2.4079999923706055</ns3:Speed>
                <ns3:RunCadence>83</ns3:RunCadence>
              </ns3:TPX>
            </Extensions>
          </Trackpoint>
          <Trackpoint>
            <Time>2026-06-21T06:17:34.000Z</Time>
            <Position>
              <LatitudeDegrees>50.661750454455614</LatitudeDegrees>
              <LongitudeDegrees>3.060981770977378</LongitudeDegrees>
            </Position>
            <AltitudeMeters>18.799999237060547</AltitudeMeters>
            <DistanceMeters>1580.1099853515625</DistanceMeters>
            <HeartRateBpm>
              <Value>121</Value>
            </HeartRateBpm>
            <Extensions>
              <ns3:TPX>
                <ns3:Speed>2.3980000019073486</ns3:Speed>
                <ns3:RunCadence>83</ns3:RunCadence>
              </ns3:TPX>
            </Extensions>
          </Trackpoint>
          <Trackpoint>
            <Time>2026-06-21T06:17:41.000Z</Time>
            <Position>
              <LatitudeDegrees>50.66159832291305</LatitudeDegrees>
              <LongitudeDegrees>3.0609153024852276</LongitudeDegrees>
            </Position>
            <AltitudeMeters>18.600000381469727</AltitudeMeters>
            <DistanceMeters>1597.699951171875</DistanceMeters>
            <HeartRateBpm>
              <Value>122</Value>
            </HeartRateBpm>
            <Extensions>
              <ns3:TPX>
                <ns3:Speed>2.369999885559082</ns3:Speed>
                <ns3:RunCadence>83</ns3:RunCadence>
              </ns3:TPX>
            </Extensions>
          </Trackpoint>
          <Trackpoint>
            <Time>2026-06-21T06:17:43.000Z</Time>
            <Position>
              <LatitudeDegrees>50.661558425053954</LatitudeDegrees>
              <LongitudeDegrees>3.0608935095369816</LongitudeDegrees>
            </Position>
            <AltitudeMeters>18.600000381469727</AltitudeMeters>
            <DistanceMeters>1602.3599853515625</DistanceMeters>
            <HeartRateBpm>
              <Value>122</Value>
            </HeartRateBpm>
            <Extensions>
              <ns3:TPX>
                <ns3:Speed>2.3610000610351562</ns3:Speed>
                <ns3:RunCadence>82</ns3:RunCadence>
              </ns3:TPX>
            </Extensions>
          </Trackpoint>
          <Trackpoint>
            <Time>2026-06-21T06:17:49.000Z</Time>
            <Position>
              <LatitudeDegrees>50.661422135308385</LatitudeDegrees>
              <LongitudeDegrees>3.060822933912277</LongitudeDegrees>
            </Position>
            <AltitudeMeters>18.600000381469727</AltitudeMeters>
            <DistanceMeters>1618.3499755859375</DistanceMeters>
            <HeartRateBpm>
              <Value>124</Value>
            </HeartRateBpm>
            <Extensions>
              <ns3:TPX>
                <ns3:Speed>2.3429999351501465</ns3:Speed>
                <ns3:RunCadence>82</ns3:RunCadence>
              </ns3:TPX>
            </Extensions>
          </Trackpoint>
          <Trackpoint>
            <Time>2026-06-21T06:17:57.000Z</Time>
            <Position>
              <LatitudeDegrees>50.66126103512943</LatitudeDegrees>
              <LongitudeDegrees>3.0607073474675417</LongitudeDegrees>
            </Position>
            <AltitudeMeters>18.600000381469727</AltitudeMeters>
            <DistanceMeters>1638.6800537109375</DistanceMeters>
            <HeartRateBpm>
              <Value>124</Value>
            </HeartRateBpm>
            <Extensions>
              <ns3:TPX>
                <ns3:Speed>2.3519999980926514</ns3:Speed>
                <ns3:RunCadence>82</ns3:RunCadence>
              </ns3:TPX>
            </Extensions>
          </Trackpoint>
          <Trackpoint>
            <Time>2026-06-21T06:17:58.000Z</Time>
            <Position>
              <LatitudeDegrees>50.66124410368502</LatitudeDegrees>
              <LongitudeDegrees>3.0606768373399973</LongitudeDegrees>
            </Position>
            <AltitudeMeters>18.600000381469727</AltitudeMeters>
            <DistanceMeters>1641.530029296875</DistanceMeters>
            <HeartRateBpm>
              <Value>124</Value>
            </HeartRateBpm>
            <Extensions>
              <ns3:TPX>
                <ns3:Speed>2.3519999980926514</ns3:Speed>
                <ns3:RunCadence>83</ns3:RunCadence>
              </ns3:TPX>
            </Extensions>
          </Trackpoint>
          <Trackpoint>
            <Time>2026-06-21T06:18:06.000Z</Time>
            <Position>
              <LatitudeDegrees>50.66112918779254</LatitudeDegrees>
              <LongitudeDegrees>3.060443652793765</LongitudeDegrees>
            </Position>
            <AltitudeMeters>18.399999618530273</AltitudeMeters>
            <DistanceMeters>1662.3699951171875</DistanceMeters>
            <HeartRateBpm>
              <Value>124</Value>
            </HeartRateBpm>
            <Extensions>
              <ns3:TPX>
                <ns3:Speed>2.371000051498413</ns3:Speed>
                <ns3:RunCadence>84</ns3:RunCadence>
              </ns3:TPX>
            </Extensions>
          </Trackpoint>
          <Trackpoint>
            <Time>2026-06-21T06:18:08.000Z</Time>
            <Position>
              <LatitudeDegrees>50.66110127605498</LatitudeDegrees>
              <LongitudeDegrees>3.0603905953466892</LongitudeDegrees>
            </Position>
            <AltitudeMeters>18.600000381469727</AltitudeMeters>
            <DistanceMeters>1667.239990234375</DistanceMeters>
            <HeartRateBpm>
              <Value>73</Value>
            </HeartRateBpm>
            <Extensions>
              <ns3:TPX>
                <ns3:Speed>2.380000114440918</ns3:Speed>
                <ns3:RunCadence>83</ns3:RunCadence>
              </ns3:TPX>
            </Extensions>
          </Trackpoint>
          <Trackpoint>
            <Time>2026-06-21T06:18:14.000Z</Time>
            <Position>
              <LatitudeDegrees>50.66098703071475</LatitudeDegrees>
              <LongitudeDegrees>3.060268387198448</LongitudeDegrees>
            </Position>
            <AltitudeMeters>18.399999618530273</AltitudeMeters>
            <DistanceMeters>1682.800048828125</DistanceMeters>
            <Extensions>
              <ns3:TPX>
                <ns3:Speed>2.4179999828338623</ns3:Speed>
                <ns3:RunCadence>83</ns3:RunCadence>
              </ns3:TPX>
            </Extensions>
          </Trackpoint>
          <Trackpoint>
            <Time>2026-06-21T06:18:21.000Z</Time>
            <Position>
              <LatitudeDegrees>50.660851914435625</LatitudeDegrees>
              <LongitudeDegrees>3.0601652897894382</LongitudeDegrees>
            </Position>
            <AltitudeMeters>18.600000381469727</AltitudeMeters>
            <DistanceMeters>1699.510009765625</DistanceMeters>
            <HeartRateBpm>
              <Value>126</Value>
            </HeartRateBpm>
            <Extensions>
              <ns3:TPX>
                <ns3:Speed>2.434999942779541</ns3:Speed>
                <ns3:RunCadence>83</ns3:RunCadence>
              </ns3:TPX>
            </Extensions>
          </Trackpoint>
          <Trackpoint>
            <Time>2026-06-21T06:18:23.000Z</Time>
            <Position>
              <LatitudeDegrees>50.66084722056985</LatitudeDegrees>
              <LongitudeDegrees>3.060137713328004</LongitudeDegrees>
            </Position>
            <AltitudeMeters>18.399999618530273</AltitudeMeters>
            <DistanceMeters>1701.0899658203125</DistanceMeters>
            <HeartRateBpm>
              <Value>125</Value>
            </HeartRateBpm>
            <Extensions>
              <ns3:TPX>
                <ns3:Speed>2.444999933242798</ns3:Speed>
                <ns3:RunCadence>82</ns3:RunCadence>
              </ns3:TPX>
            </Extensions>
          </Trackpoint>
          <Trackpoint>
            <Time>2026-06-21T06:18:27.000Z</Time>
            <Position>
              <LatitudeDegrees>50.660846466198564</LatitudeDegrees>
              <LongitudeDegrees>3.060107873752713</LongitudeDegrees>
            </Position>
            <AltitudeMeters>18.399999618530273</AltitudeMeters>
            <DistanceMeters>1703.3599853515625</DistanceMeters>
            <HeartRateBpm>
              <Value>125</Value>
            </HeartRateBpm>
            <Extensions>
              <ns3:TPX>
                <ns3:Speed>2.00600004196167</ns3:Speed>
                <ns3:RunCadence>82</ns3:RunCadence>
              </ns3:TPX>
            </Extensions>
          </Trackpoint>
          <Trackpoint>
            <Time>2026-06-21T06:18:29.000Z</Time>
            <Position>
              <LatitudeDegrees>50.66085266880691</LatitudeDegrees>
              <LongitudeDegrees>3.060127068310976</LongitudeDegrees>
            </Position>
            <AltitudeMeters>18.200000762939453</AltitudeMeters>
            <DistanceMeters>1707.1700439453125</DistanceMeters>
            <HeartRateBpm>
              <Value>125</Value>
            </HeartRateBpm>
            <Extensions>
              <ns3:TPX>
                <ns3:Speed>2.00600004196167</ns3:Speed>
                <ns3:RunCadence>83</ns3:RunCadence>
              </ns3:TPX>
            </Extensions>
          </Trackpoint>
          <Trackpoint>
            <Time>2026-06-21T06:18:30.000Z</Time>
            <Position>
              <LatitudeDegrees>50.66085954196751</LatitudeDegrees>
              <LongitudeDegrees>3.0601434130221605</LongitudeDegrees>
            </Position>
            <AltitudeMeters>18.200000762939453</AltitudeMeters>
            <DistanceMeters>1708.56005859375</DistanceMeters>
            <HeartRateBpm>
              <Value>125</Value>
            </HeartRateBpm>
            <Extensions>
              <ns3:TPX>
                <ns3:Speed>2.1089999675750732</ns3:Speed>
                <ns3:RunCadence>83</ns3:RunCadence>
              </ns3:TPX>
            </Extensions>
          </Trackpoint>
          <Trackpoint>
            <Time>2026-06-21T06:18:32.000Z</Time>
            <Position>
              <LatitudeDegrees>50.66087789833546</LatitudeDegrees>
              <LongitudeDegrees>3.0602514557540417</LongitudeDegrees>
            </Position>
            <AltitudeMeters>18.200000762939453</AltitudeMeters>
            <DistanceMeters>1716.4599609375</DistanceMeters>
            <HeartRateBpm>
              <Value>125</Value>
            </HeartRateBpm>
            <Extensions>
              <ns3:TPX>
                <ns3:Speed>2.2300000190734863</ns3:Speed>
                <ns3:RunCadence>82</ns3:RunCadence>
              </ns3:TPX>
            </Extensions>
          </Trackpoint>
          <Trackpoint>
            <Time>2026-06-21T06:18:33.000Z</Time>
            <Position>
              <LatitudeDegrees>50.66086339764297</LatitudeDegrees>
              <LongitudeDegrees>3.0602502822875977</LongitudeDegrees>
            </Position>
            <AltitudeMeters>18.200000762939453</AltitudeMeters>
            <DistanceMeters>1717.3599853515625</DistanceMeters>
            <HeartRateBpm>
              <Value>125</Value>
            </HeartRateBpm>
            <Extensions>
              <ns3:TPX>
                <ns3:Speed>2.257999897003174</ns3:Speed>
                <ns3:RunCadence>82</ns3:RunCadence>
              </ns3:TPX>
            </Extensions>
          </Trackpoint>
          <Trackpoint>
            <Time>2026-06-21T06:18:35.000Z</Time>
            <Position>
              <LatitudeDegrees>50.66082341596484</LatitudeDegrees>
              <LongitudeDegrees>3.060224298387766</LongitudeDegrees>
            </Position>
            <AltitudeMeters>18.200000762939453</AltitudeMeters>
            <DistanceMeters>1722.1600341796875</DistanceMeters>
            <HeartRateBpm>
              <Value>125</Value>
            </HeartRateBpm>
            <Extensions>
              <ns3:TPX>
                <ns3:Speed>2.313999891281128</ns3:Speed>
                <ns3:RunCadence>82</ns3:RunCadence>
              </ns3:TPX>
            </Extensions>
          </Trackpoint>
          <Trackpoint>
            <Time>2026-06-21T06:18:42.000Z</Time>
            <Position>
              <LatitudeDegrees>50.66067463718355</LatitudeDegrees>
              <LongitudeDegrees>3.060170402750373</LongitudeDegrees>
            </Position>
            <AltitudeMeters>18.0</AltitudeMeters>
            <DistanceMeters>1739.260009765625</DistanceMeters>
            <HeartRateBpm>
              <Value>124</Value>
            </HeartRateBpm>
            <Extensions>
              <ns3:TPX>
                <ns3:Speed>2.2769999504089355</ns3:Speed>
                <ns3:RunCadence>83</ns3:RunCadence>
              </ns3:TPX>
            </Extensions>
          </Trackpoint>
          <Trackpoint>
            <Time>2026-06-21T06:18:45.000Z</Time>
            <Position>
              <LatitudeDegrees>50.660593416541815</LatitudeDegrees>
              <LongitudeDegrees>3.06015414185822</LongitudeDegrees>
            </Position>
            <AltitudeMeters>17.600000381469727</AltitudeMeters>
            <DistanceMeters>1748.4100341796875</DistanceMeters>
            <HeartRateBpm>
              <Value>124</Value>
            </HeartRateBpm>
            <Extensions>
              <ns3:TPX>
                <ns3:Speed>2.2860000133514404</ns3:Speed>
                <ns3:RunCadence>82</ns3:RunCadence>
              </ns3:TPX>
            </Extensions>
          </Trackpoint>
          <Trackpoint>
            <Time>2026-06-21T06:18:49.000Z</Time>
            <Position>
              <LatitudeDegrees>50.66045737825334</LatitudeDegrees>
              <LongitudeDegrees>3.0600538104772568</LongitudeDegrees>
            </Position>
            <AltitudeMeters>17.600000381469727</AltitudeMeters>
            <DistanceMeters>1765.1199951171875</DistanceMeters>
            <HeartRateBpm>
              <Value>124</Value>
            </HeartRateBpm>
            <Extensions>
              <ns3:TPX>
                <ns3:Speed>2.3329999446868896</ns3:Speed>
                <ns3:RunCadence>83</ns3:RunCadence>
              </ns3:TPX>
            </Extensions>
          </Trackpoint>
          <Trackpoint>
            <Time>2026-06-21T06:18:54.000Z</Time>
            <Position>
              <LatitudeDegrees>50.66027021035552</LatitudeDegrees>
              <LongitudeDegrees>3.0599430855363607</LongitudeDegrees>
            </Position>
            <AltitudeMeters>17.600000381469727</AltitudeMeters>
            <DistanceMeters>1787.3699951171875</DistanceMeters>
            <HeartRateBpm>
              <Value>125</Value>
            </HeartRateBpm>
            <Extensions>
              <ns3:TPX>
                <ns3:Speed>2.4070000648498535</ns3:Speed>
                <ns3:RunCadence>82</ns3:RunCadence>
              </ns3:TPX>
            </Extensions>
          </Trackpoint>
          <Trackpoint>
            <Time>2026-06-21T06:18:58.000Z</Time>
            <Position>
              <LatitudeDegrees>50.66016451455653</LatitudeDegrees>
              <LongitudeDegrees>3.059869324788451</LongitudeDegrees>
            </Position>
            <AltitudeMeters>17.799999237060547</AltitudeMeters>
            <DistanceMeters>1800.22998046875</DistanceMeters>
            <HeartRateBpm>
              <Value>126</Value>
            </HeartRateBpm>
            <Extensions>
              <ns3:TPX>
                <ns3:Speed>2.4070000648498535</ns3:Speed>
                <ns3:RunCadence>83</ns3:RunCadence>
              </ns3:TPX>
            </Extensions>
          </Trackpoint>
          <Trackpoint>
            <Time>2026-06-21T06:19:05.000Z</Time>
            <Position>
              <LatitudeDegrees>50.65999469719827</LatitudeDegrees>
              <LongitudeDegrees>3.0597532354295254</LongitudeDegrees>
            </Position>
            <AltitudeMeters>17.600000381469727</AltitudeMeters>
            <DistanceMeters>1820.8399658203125</DistanceMeters>
            <HeartRateBpm>
              <Value>128</Value>
            </HeartRateBpm>
            <Extensions>
              <ns3:TPX>
                <ns3:Speed>2.4170000553131104</ns3:Speed>
                <ns3:RunCadence>83</ns3:RunCadence>
              </ns3:TPX>
            </Extensions>
          </Trackpoint>
          <Trackpoint>
            <Time>2026-06-21T06:19:08.000Z</Time>
            <Position>
              <LatitudeDegrees>50.659930408000946</LatitudeDegrees>
              <LongitudeDegrees>3.0597334541380405</LongitudeDegrees>
            </Position>
            <AltitudeMeters>17.600000381469727</AltitudeMeters>
            <DistanceMeters>1828.22998046875</DistanceMeters>
            <HeartRateBpm>
              <Value>128</Value>
            </HeartRateBpm>
            <Extensions>
              <ns3:TPX>
                <ns3:Speed>2.4070000648498535</ns3:Speed>
                <ns3:RunCadence>83</ns3:RunCadence>
              </ns3:TPX>
            </Extensions>
          </Trackpoint>
          <Trackpoint>
            <Time>2026-06-21T06:19:15.000Z</Time>
            <Position>
              <LatitudeDegrees>50.65977333113551</LatitudeDegrees>
              <LongitudeDegrees>3.0596510600298643</LongitudeDegrees>
            </Position>
            <AltitudeMeters>17.600000381469727</AltitudeMeters>
            <DistanceMeters>1846.6099853515625</DistanceMeters>
            <HeartRateBpm>
              <Value>128</Value>
            </HeartRateBpm>
            <Extensions>
              <ns3:TPX>
                <ns3:Speed>2.4070000648498535</ns3:Speed>
                <ns3:RunCadence>82</ns3:RunCadence>
              </ns3:TPX>
            </Extensions>
          </Trackpoint>
          <Trackpoint>
            <Time>2026-06-21T06:19:23.000Z</Time>
            <Position>
              <LatitudeDegrees>50.65959773026407</LatitudeDegrees>
              <LongitudeDegrees>3.0595591105520725</LongitudeDegrees>
            </Position>
            <AltitudeMeters>17.600000381469727</AltitudeMeters>
            <DistanceMeters>1867.18994140625</DistanceMeters>
            <HeartRateBpm>
              <Value>128</Value>
            </HeartRateBpm>
            <Extensions>
              <ns3:TPX>
                <ns3:Speed>2.500999927520752</ns3:Speed>
                <ns3:RunCadence>83</ns3:RunCadence>
              </ns3:TPX>
            </Extensions>
          </Trackpoint>
          <Trackpoint>
            <Time>2026-06-21T06:19:24.000Z</Time>
            <Position>
              <LatitudeDegrees>50.65957627259195</LatitudeDegrees>
              <LongitudeDegrees>3.0595437716692686</LongitudeDegrees>
            </Position>
            <AltitudeMeters>17.600000381469727</AltitudeMeters>
            <DistanceMeters>1869.7900390625</DistanceMeters>
            <HeartRateBpm>
              <Value>128</Value>
            </HeartRateBpm>
            <Extensions>
              <ns3:TPX>
                <ns3:Speed>2.509999990463257</ns3:Speed>
                <ns3:RunCadence>83</ns3:RunCadence>
              </ns3:TPX>
            </Extensions>
          </Trackpoint>
          <Trackpoint>
            <Time>2026-06-21T06:19:33.000Z</Time>
            <Position>
              <LatitudeDegrees>50.65938885323703</LatitudeDegrees>
              <LongitudeDegrees>3.059478895738721</LongitudeDegrees>
            </Position>
            <AltitudeMeters>17.600000381469727</AltitudeMeters>
            <DistanceMeters>1891.1600341796875</DistanceMeters>
            <HeartRateBpm>
              <Value>129</Value>
            </HeartRateBpm>
            <Extensions>
              <ns3:TPX>
                <ns3:Speed>2.5380001068115234</ns3:Speed>
                <ns3:RunCadence>82</ns3:RunCadence>
              </ns3:TPX>
            </Extensions>
          </Trackpoint>
          <Trackpoint>
            <Time>2026-06-21T06:19:34.000Z</Time>
            <Position>
              <LatitudeDegrees>50.65936177968979</LatitudeDegrees>
              <LongitudeDegrees>3.059466239064932</LongitudeDegrees>
            </Position>
            <AltitudeMeters>17.600000381469727</AltitudeMeters>
            <DistanceMeters>1894.31005859375</DistanceMeters>
            <HeartRateBpm>
              <Value>129</Value>
            </HeartRateBpm>
            <Extensions>
              <ns3:TPX>
                <ns3:Speed>2.5380001068115234</ns3:Speed>
                <ns3:RunCadence>82</ns3:RunCadence>
              </ns3:TPX>
            </Extensions>
          </Trackpoint>
          <Trackpoint>
            <Time>2026-06-21T06:19:43.000Z</Time>
            <Position>
              <LatitudeDegrees>50.65918006002903</LatitudeDegrees>
              <LongitudeDegrees>3.0593884550035</LongitudeDegrees>
            </Position>
            <AltitudeMeters>17.600000381469727</AltitudeMeters>
            <DistanceMeters>1915.219970703125</DistanceMeters>
            <HeartRateBpm>
              <Value>129</Value>
            </HeartRateBpm>
            <Extensions>
              <ns3:TPX>
                <ns3:Speed>2.5290000438690186</ns3:Speed>
                <ns3:RunCadence>82</ns3:RunCadence>
              </ns3:TPX>
            </Extensions>
          </Trackpoint>
          <Trackpoint>
            <Time>2026-06-21T06:19:44.000Z</Time>
            <Position>
              <LatitudeDegrees>50.65916086547077</LatitudeDegrees>
              <LongitudeDegrees>3.0593798216432333</LongitudeDegrees>
            </Position>
            <AltitudeMeters>17.600000381469727</AltitudeMeters>
            <DistanceMeters>1917.4100341796875</DistanceMeters>
            <HeartRateBpm>
              <Value>129</Value>
            </HeartRateBpm>
            <Extensions>
              <ns3:TPX>
                <ns3:Speed>2.5290000438690186</ns3:Speed>
                <ns3:RunCadence>82</ns3:RunCadence>
              </ns3:TPX>
            </Extensions>
          </Trackpoint>
          <Trackpoint>
            <Time>2026-06-21T06:19:51.000Z</Time>
            <Position>
              <LatitudeDegrees>50.65902851521969</LatitudeDegrees>
              <LongitudeDegrees>3.05931662209332</LongitudeDegrees>
            </Position>
            <AltitudeMeters>17.600000381469727</AltitudeMeters>
            <DistanceMeters>1932.8599853515625</DistanceMeters>
            <HeartRateBpm>
              <Value>128</Value>
            </HeartRateBpm>
            <Extensions>
              <ns3:TPX>
                <ns3:Speed>2.509999990463257</ns3:Speed>
                <ns3:RunCadence>82</ns3:RunCadence>
              </ns3:TPX>
            </Extensions>
          </Trackpoint>
          <Trackpoint>
            <Time>2026-06-21T06:19:59.000Z</Time>
            <Position>
              <LatitudeDegrees>50.658850986510515</LatitudeDegrees>
              <LongitudeDegrees>3.0592455435544252</LongitudeDegrees>
            </Position>
            <AltitudeMeters>17.600000381469727</AltitudeMeters>
            <DistanceMeters>1953.260009765625</DistanceMeters>
            <HeartRateBpm>
              <Value>128</Value>
            </HeartRateBpm>
            <Extensions>
              <ns3:TPX>
                <ns3:Speed>2.490999937057495</ns3:Speed>
                <ns3:RunCadence>81</ns3:RunCadence>
              </ns3:TPX>
            </Extensions>
          </Trackpoint>
          <Trackpoint>
            <Time>2026-06-21T06:20:00.000Z</Time>
            <Position>
              <LatitudeDegrees>50.65882936120033</LatitudeDegrees>
              <LongitudeDegrees>3.059235066175461</LongitudeDegrees>
            </Position>
            <AltitudeMeters>17.600000381469727</AltitudeMeters>
            <DistanceMeters>1955.77001953125</DistanceMeters>
            <HeartRateBpm>
              <Value>128</Value>
            </HeartRateBpm>
            <Extensions>
              <ns3:TPX>
                <ns3:Speed>2.490999937057495</ns3:Speed>
                <ns3:RunCadence>81</ns3:RunCadence>
              </ns3:TPX>
            </Extensions>
          </Trackpoint>
          <Trackpoint>
            <Time>2026-06-21T06:20:09.000Z</Time>
            <Position>
              <LatitudeDegrees>50.65863540396094</LatitudeDegrees>
              <LongitudeDegrees>3.059188462793827</LongitudeDegrees>
            </Position>
            <AltitudeMeters>17.600000381469727</AltitudeMeters>
            <DistanceMeters>1977.6099853515625</DistanceMeters>
            <HeartRateBpm>
              <Value>128</Value>
            </HeartRateBpm>
            <Extensions>
              <ns3:TPX>
                <ns3:Speed>2.500999927520752</ns3:Speed>
                <ns3:RunCadence>82</ns3:RunCadence>
              </ns3:TPX>
            </Extensions>
          </Trackpoint>
          <Trackpoint>
            <Time>2026-06-21T06:20:11.000Z</Time>
            <Position>
              <LatitudeDegrees>50.65859282389283</LatitudeDegrees>
              <LongitudeDegrees>3.059182344004512</LongitudeDegrees>
            </Position>
            <AltitudeMeters>17.600000381469727</AltitudeMeters>
            <DistanceMeters>1982.3699951171875</DistanceMeters>
            <HeartRateBpm>
              <Value>129</Value>
            </HeartRateBpm>
            <Extensions>
              <ns3:TPX>
                <ns3:Speed>2.500999927520752</ns3:Speed>
                <ns3:RunCadence>82</ns3:RunCadence>
              </ns3:TPX>
            </Extensions>
          </Trackpoint>
          <Trackpoint>
            <Time>2026-06-21T06:20:13.000Z</Time>
            <Position>
              <LatitudeDegrees>50.658556278795004</LatitudeDegrees>
              <LongitudeDegrees>3.0591851100325584</LongitudeDegrees>
            </Position>
            <AltitudeMeters>17.600000381469727</AltitudeMeters>
            <DistanceMeters>1986.469970703125</DistanceMeters>
            <HeartRateBpm>
              <Value>129</Value>
            </HeartRateBpm>
            <Extensions>
              <ns3:TPX>
                <ns3:Speed>2.500999927520752</ns3:Speed>
                <ns3:RunCadence>81</ns3:RunCadence>
              </ns3:TPX>
            </Extensions>
          </Trackpoint>
          <Trackpoint>
            <Time>2026-06-21T06:20:17.000Z</Time>
            <Position>
              <LatitudeDegrees>50.65848285332322</LatitudeDegrees>
              <LongitudeDegrees>3.059161975979805</LongitudeDegrees>
            </Position>
            <AltitudeMeters>17.600000381469727</AltitudeMeters>
            <DistanceMeters>1994.7900390625</DistanceMeters>
            <HeartRateBpm>
              <Value>129</Value>
            </HeartRateBpm>
            <Extensions>
              <ns3:TPX>
                <ns3:Speed>2.490999937057495</ns3:Speed>
                <ns3:RunCadence>81</ns3:RunCadence>
              </ns3:TPX>
            </Extensions>
          </Trackpoint>
          <Trackpoint>
            <Time>2026-06-21T06:20:25.000Z</Time>
            <Position>
              <LatitudeDegrees>50.65832795575261</LatitudeDegrees>
              <LongitudeDegrees>3.0591441225260496</LongitudeDegrees>
            </Position>
            <AltitudeMeters>17.799999237060547</AltitudeMeters>
            <DistanceMeters>2012.0699462890625</DistanceMeters>
            <HeartRateBpm>
              <Value>130</Value>
            </HeartRateBpm>
            <Extensions>
              <ns3:TPX>
                <ns3:Speed>2.444999933242798</ns3:Speed>
                <ns3:RunCadence>83</ns3:RunCadence>
              </ns3:TPX>
            </Extensions>
          </Trackpoint>
          <Trackpoint>
            <Time>2026-06-21T06:20:33.000Z</Time>
            <Position>
              <LatitudeDegrees>50.65814514644444</LatitudeDegrees>
              <LongitudeDegrees>3.059113612398505</LongitudeDegrees>
            </Position>
            <AltitudeMeters>17.600000381469727</AltitudeMeters>
            <DistanceMeters>2032.5400390625</DistanceMeters>
            <HeartRateBpm>
              <Value>130</Value>
            </HeartRateBpm>
            <Extensions>
              <ns3:TPX>
                <ns3:Speed>2.4260001182556152</ns3:Speed>
                <ns3:RunCadence>83</ns3:RunCadence>
              </ns3:TPX>
            </Extensions>
          </Trackpoint>
          <Trackpoint>
            <Time>2026-06-21T06:20:34.000Z</Time>
            <Position>
              <LatitudeDegrees>50.658124443143606</LatitudeDegrees>
              <LongitudeDegrees>3.059116629883647</LongitudeDegrees>
            </Position>
            <AltitudeMeters>17.600000381469727</AltitudeMeters>
            <DistanceMeters>2034.8399658203125</DistanceMeters>
            <HeartRateBpm>
              <Value>131</Value>
            </HeartRateBpm>
            <Extensions>
              <ns3:TPX>
                <ns3:Speed>2.4260001182556152</ns3:Speed>
                <ns3:RunCadence>82</ns3:RunCadence>
              </ns3:TPX>
            </Extensions>
          </Trackpoint>
          <Trackpoint>
            <Time>2026-06-21T06:20:42.000Z</Time>
            <Position>
              <LatitudeDegrees>50.65793953835964</LatitudeDegrees>
              <LongitudeDegrees>3.059128951281309</LongitudeDegrees>
            </Position>
            <AltitudeMeters>17.799999237060547</AltitudeMeters>
            <DistanceMeters>2055.409912109375</DistanceMeters>
            <HeartRateBpm>
              <Value>130</Value>
            </HeartRateBpm>
            <Extensions>
              <ns3:TPX>
                <ns3:Speed>2.434999942779541</ns3:Speed>
                <ns3:RunCadence>82</ns3:RunCadence>
              </ns3:TPX>
            </Extensions>
          </Trackpoint>
          <Trackpoint>
            <Time>2026-06-21T06:20:44.000Z</Time>
            <Position>
              <LatitudeDegrees>50.65789251588285</LatitudeDegrees>
              <LongitudeDegrees>3.059119815006852</LongitudeDegrees>
            </Position>
            <AltitudeMeters>17.799999237060547</AltitudeMeters>
            <DistanceMeters>2060.699951171875</DistanceMeters>
            <HeartRateBpm>
              <Value>130</Value>
            </HeartRateBpm>
            <Extensions>
              <ns3:TPX>
                <ns3:Speed>2.434999942779541</ns3:Speed>
                <ns3:RunCadence>82</ns3:RunCadence>
              </ns3:TPX>
            </Extensions>
          </Trackpoint>
          <Trackpoint>
            <Time>2026-06-21T06:20:53.000Z</Time>
            <Position>
              <LatitudeDegrees>50.65770543180406</LatitudeDegrees>
              <LongitudeDegrees>3.0591110978275537</LongitudeDegrees>
            </Position>
            <AltitudeMeters>17.600000381469727</AltitudeMeters>
            <DistanceMeters>2081.6201171875</DistanceMeters>
            <HeartRateBpm>
              <Value>129</Value>
            </HeartRateBpm>
            <Extensions>
              <ns3:TPX>
                <ns3:Speed>2.434999942779541</ns3:Speed>
                <ns3:RunCadence>82</ns3:RunCadence>
              </ns3:TPX>
            </Extensions>
          </Trackpoint>
          <Trackpoint>
            <Time>2026-06-21T06:20:54.000Z</Time>
            <Position>
              <LatitudeDegrees>50.657686153426766</LatitudeDegrees>
              <LongitudeDegrees>3.059101039543748</LongitudeDegrees>
            </Position>
            <AltitudeMeters>17.600000381469727</AltitudeMeters>
            <DistanceMeters>2083.8701171875</DistanceMeters>
            <HeartRateBpm>
              <Value>129</Value>
            </HeartRateBpm>
            <Extensions>
              <ns3:TPX>
                <ns3:Speed>2.434999942779541</ns3:Speed>
                <ns3:RunCadence>82</ns3:RunCadence>
              </ns3:TPX>
            </Extensions>
          </Trackpoint>
          <Trackpoint>
            <Time>2026-06-21T06:21:00.000Z</Time>
            <Position>
              <LatitudeDegrees>50.65757635049522</LatitudeDegrees>
              <LongitudeDegrees>3.0590637400746346</LongitudeDegrees>
            </Position>
            <AltitudeMeters>17.600000381469727</AltitudeMeters>
            <DistanceMeters>2096.429931640625</DistanceMeters>
            <HeartRateBpm>
              <Value>130</Value>
            </HeartRateBpm>
            <Extensions>
              <ns3:TPX>
                <ns3:Speed>2.4260001182556152</ns3:Speed>
                <ns3:RunCadence>82</ns3:RunCadence>
              </ns3:TPX>
            </Extensions>
          </Trackpoint>
          <Trackpoint>
            <Time>2026-06-21T06:21:09.000Z</Time>
            <Position>
              <LatitudeDegrees>50.65740209072828</LatitudeDegrees>
              <LongitudeDegrees>3.0589815136045218</LongitudeDegrees>
            </Position>
            <AltitudeMeters>17.399999618530273</AltitudeMeters>
            <DistanceMeters>2116.699951171875</DistanceMeters>
            <HeartRateBpm>
              <Value>129</Value>
            </HeartRateBpm>
            <Extensions>
              <ns3:TPX>
                <ns3:Speed>2.3889999389648438</ns3:Speed>
                <ns3:RunCadence>82</ns3:RunCadence>
              </ns3:TPX>
            </Extensions>
          </Trackpoint>
          <Trackpoint>
            <Time>2026-06-21T06:21:17.000Z</Time>
            <Position>
              <LatitudeDegrees>50.6572699919343</LatitudeDegrees>
              <LongitudeDegrees>3.0589416157454252</LongitudeDegrees>
            </Position>
            <AltitudeMeters>17.600000381469727</AltitudeMeters>
            <DistanceMeters>2131.719970703125</DistanceMeters>
            <HeartRateBpm>
              <Value>130</Value>
            </HeartRateBpm>
            <Extensions>
              <ns3:TPX>
                <ns3:Speed>2.2860000133514404</ns3:Speed>
                <ns3:RunCadence>82</ns3:RunCadence>
              </ns3:TPX>
            </Extensions>
          </Trackpoint>
          <Trackpoint>
            <Time>2026-06-21T06:21:26.000Z</Time>
            <Position>
              <LatitudeDegrees>50.65709983929992</LatitudeDegrees>
              <LongitudeDegrees>3.058861903846264</LongitudeDegrees>
            </Position>
            <AltitudeMeters>17.600000381469727</AltitudeMeters>
            <DistanceMeters>2151.550048828125</DistanceMeters>
            <HeartRateBpm>
              <Value>131</Value>
            </HeartRateBpm>
            <Extensions>
              <ns3:TPX>
                <ns3:Speed>2.0429999828338623</ns3:Speed>
                <ns3:RunCadence>81</ns3:RunCadence>
              </ns3:TPX>
            </Extensions>
          </Trackpoint>
          <Trackpoint>
            <Time>2026-06-21T06:21:33.000Z</Time>
            <Position>
              <LatitudeDegrees>50.65697687678039</LatitudeDegrees>
              <LongitudeDegrees>3.0587656795978546</LongitudeDegrees>
            </Position>
            <AltitudeMeters>17.600000381469727</AltitudeMeters>
            <DistanceMeters>2166.85009765625</DistanceMeters>
            <HeartRateBpm>
              <Value>132</Value>
            </HeartRateBpm>
            <Extensions>
              <ns3:TPX>
                <ns3:Speed>1.9500000476837158</ns3:Speed>
                <ns3:RunCadence>83</ns3:RunCadence>
              </ns3:TPX>
            </Extensions>
          </Trackpoint>
          <Trackpoint>
            <Time>2026-06-21T06:21:39.000Z</Time>
            <Position>
              <LatitudeDegrees>50.6568434368819</LatitudeDegrees>
              <LongitudeDegrees>3.0586482491344213</LongitudeDegrees>
            </Position>
            <AltitudeMeters>17.799999237060547</AltitudeMeters>
            <DistanceMeters>2183.7900390625</DistanceMeters>
            <HeartRateBpm>
              <Value>132</Value>
            </HeartRateBpm>
            <Extensions>
              <ns3:TPX>
                <ns3:Speed>1.940999984741211</ns3:Speed>
                <ns3:RunCadence>82</ns3:RunCadence>
              </ns3:TPX>
            </Extensions>
          </Trackpoint>
          <Trackpoint>
            <Time>2026-06-21T06:21:47.000Z</Time>
            <Position>
              <LatitudeDegrees>50.65668283961713</LatitudeDegrees>
              <LongitudeDegrees>3.0584926810115576</LongitudeDegrees>
            </Position>
            <AltitudeMeters>17.799999237060547</AltitudeMeters>
            <DistanceMeters>2204.800048828125</DistanceMeters>
            <HeartRateBpm>
              <Value>130</Value>
            </HeartRateBpm>
            <Extensions>
              <ns3:TPX>
                <ns3:Speed>1.9589999914169312</ns3:Speed>
                <ns3:RunCadence>82</ns3:RunCadence>
              </ns3:TPX>
            </Extensions>
          </Trackpoint>
          <Trackpoint>
            <Time>2026-06-21T06:21:48.000Z</Time>
            <Position>
              <LatitudeDegrees>50.6566674169153</LatitudeDegrees>
              <LongitudeDegrees>3.0584747437387705</LongitudeDegrees>
            </Position>
            <AltitudeMeters>17.799999237060547</AltitudeMeters>
            <DistanceMeters>2206.929931640625</DistanceMeters>
            <HeartRateBpm>
              <Value>130</Value>
            </HeartRateBpm>
            <Extensions>
              <ns3:TPX>
                <ns3:Speed>1.9869999885559082</ns3:Speed>
                <ns3:RunCadence>81</ns3:RunCadence>
              </ns3:TPX>
            </Extensions>
          </Trackpoint>
          <Trackpoint>
            <Time>2026-06-21T06:21:56.000Z</Time>
            <Position>
              <LatitudeDegrees>50.65651075914502</LatitudeDegrees>
              <LongitudeDegrees>3.0583345983177423</LongitudeDegrees>
            </Position>
            <AltitudeMeters>17.600000381469727</AltitudeMeters>
            <DistanceMeters>2227.0400390625</DistanceMeters>
            <HeartRateBpm>
              <Value>128</Value>
            </HeartRateBpm>
            <Extensions>
              <ns3:TPX>
                <ns3:Speed>2.1549999713897705</ns3:Speed>
                <ns3:RunCadence>82</ns3:RunCadence>
              </ns3:TPX>
            </Extensions>
          </Trackpoint>
          <Trackpoint>
            <Time>2026-06-21T06:21:57.000Z</Time>
            <Position>
              <LatitudeDegrees>50.65649416297674</LatitudeDegrees>
              <LongitudeDegrees>3.05831640958786</LongitudeDegrees>
            </Position>
            <AltitudeMeters>17.600000381469727</AltitudeMeters>
            <DistanceMeters>2229.280029296875</DistanceMeters>
            <HeartRateBpm>
              <Value>128</Value>
            </HeartRateBpm>
            <Extensions>
              <ns3:TPX>
                <ns3:Speed>2.1549999713897705</ns3:Speed>
                <ns3:RunCadence>83</ns3:RunCadence>
              </ns3:TPX>
            </Extensions>
          </Trackpoint>
          <Trackpoint>
            <Time>2026-06-21T06:22:06.000Z</Time>
            <Position>
              <LatitudeDegrees>50.65632761456072</LatitudeDegrees>
              <LongitudeDegrees>3.0581607576459646</LongitudeDegrees>
            </Position>
            <AltitudeMeters>17.600000381469727</AltitudeMeters>
            <DistanceMeters>2250.81005859375</DistanceMeters>
            <HeartRateBpm>
              <Value>129</Value>
            </HeartRateBpm>
            <Extensions>
              <ns3:TPX>
                <ns3:Speed>2.2300000190734863</ns3:Speed>
                <ns3:RunCadence>82</ns3:RunCadence>
              </ns3:TPX>
            </Extensions>
          </Trackpoint>
          <Trackpoint>
            <Time>2026-06-21T06:22:14.000Z</Time>
            <Position>
              <LatitudeDegrees>50.65615888684988</LatitudeDegrees>
              <LongitudeDegrees>3.058034023270011</LongitudeDegrees>
            </Position>
            <AltitudeMeters>17.399999618530273</AltitudeMeters>
            <DistanceMeters>2271.580078125</DistanceMeters>
            <HeartRateBpm>
              <Value>129</Value>
            </HeartRateBpm>
            <Extensions>
              <ns3:TPX>
                <ns3:Speed>2.3420000076293945</ns3:Speed>
                <ns3:RunCadence>81</ns3:RunCadence>
              </ns3:TPX>
            </Extensions>
          </Trackpoint>
          <Trackpoint>
            <Time>2026-06-21T06:22:17.000Z</Time>
            <Position>
              <LatitudeDegrees>50.65610557794571</LatitudeDegrees>
              <LongitudeDegrees>3.057973925024271</LongitudeDegrees>
            </Position>
            <AltitudeMeters>17.200000762939453</AltitudeMeters>
            <DistanceMeters>2278.8701171875</DistanceMeters>
            <HeartRateBpm>
              <Value>129</Value>
            </HeartRateBpm>
            <Extensions>
              <ns3:TPX>
                <ns3:Speed>2.3510000705718994</ns3:Speed>
                <ns3:RunCadence>82</ns3:RunCadence>
              </ns3:TPX>
            </Extensions>
          </Trackpoint>
          <Trackpoint>
            <Time>2026-06-21T06:22:25.000Z</Time>
            <Position>
              <LatitudeDegrees>50.655940705910325</LatitudeDegrees>
              <LongitudeDegrees>3.0578253138810396</LongitudeDegrees>
            </Position>
            <AltitudeMeters>17.200000762939453</AltitudeMeters>
            <DistanceMeters>2300.010009765625</DistanceMeters>
            <HeartRateBpm>
              <Value>129</Value>
            </HeartRateBpm>
            <Extensions>
              <ns3:TPX>
                <ns3:Speed>2.4170000553131104</ns3:Speed>
                <ns3:RunCadence>81</ns3:RunCadence>
              </ns3:TPX>
            </Extensions>
          </Trackpoint>
          <Trackpoint>
            <Time>2026-06-21T06:22:27.000Z</Time>
            <Position>
              <LatitudeDegrees>50.65590659156442</LatitudeDegrees>
              <LongitudeDegrees>3.05778868496418</LongitudeDegrees>
            </Position>
            <AltitudeMeters>17.200000762939453</AltitudeMeters>
            <DistanceMeters>2304.610107421875</DistanceMeters>
            <HeartRateBpm>
              <Value>128</Value>
            </HeartRateBpm>
            <Extensions>
              <ns3:TPX>
                <ns3:Speed>2.434999942779541</ns3:Speed>
                <ns3:RunCadence>82</ns3:RunCadence>
              </ns3:TPX>
            </Extensions>
          </Trackpoint>
          <Trackpoint>
            <Time>2026-06-21T06:22:36.000Z</Time>
            <Position>
              <LatitudeDegrees>50.65573727712035</LatitudeDegrees>
              <LongitudeDegrees>3.0576524790376425</LongitudeDegrees>
            </Position>
            <AltitudeMeters>17.200000762939453</AltitudeMeters>
            <DistanceMeters>2325.969970703125</DistanceMeters>
            <HeartRateBpm>
              <Value>129</Value>
            </HeartRateBpm>
            <Extensions>
              <ns3:TPX>
                <ns3:Speed>2.4820001125335693</ns3:Speed>
                <ns3:RunCadence>82</ns3:RunCadence>
              </ns3:TPX>
            </Extensions>
          </Trackpoint>
          <Trackpoint>
            <Time>2026-06-21T06:22:39.000Z</Time>
            <Position>
              <LatitudeDegrees>50.65567458048463</LatitudeDegrees>
              <LongitudeDegrees>3.0576316080987453</LongitudeDegrees>
            </Position>
            <AltitudeMeters>17.0</AltitudeMeters>
            <DistanceMeters>2333.090087890625</DistanceMeters>
            <HeartRateBpm>
              <Value>129</Value>
            </HeartRateBpm>
            <Extensions>
              <ns3:TPX>
                <ns3:Speed>2.490999937057495</ns3:Speed>
                <ns3:RunCadence>83</ns3:RunCadence>
              </ns3:TPX>
            </Extensions>
          </Trackpoint>
          <Trackpoint>
            <Time>2026-06-21T06:22:48.000Z</Time>
            <Position>
              <LatitudeDegrees>50.655512725934386</LatitudeDegrees>
              <LongitudeDegrees>3.057495653629303</LongitudeDegrees>
            </Position>
            <AltitudeMeters>16.799999237060547</AltitudeMeters>
            <DistanceMeters>2353.580078125</DistanceMeters>
            <HeartRateBpm>
              <Value>131</Value>
            </HeartRateBpm>
            <Extensions>
              <ns3:TPX>
                <ns3:Speed>2.4630000591278076</ns3:Speed>
                <ns3:RunCadence>81</ns3:RunCadence>
              </ns3:TPX>
            </Extensions>
          </Trackpoint>
          <Trackpoint>
            <Time>2026-06-21T06:22:57.000Z</Time>
            <Position>
              <LatitudeDegrees>50.65534668043256</LatitudeDegrees>
              <LongitudeDegrees>3.0573364812880754</LongitudeDegrees>
            </Position>
            <AltitudeMeters>16.799999237060547</AltitudeMeters>
            <DistanceMeters>2375.25</DistanceMeters>
            <HeartRateBpm>
              <Value>130</Value>
            </HeartRateBpm>
            <Extensions>
              <ns3:TPX>
                <ns3:Speed>2.4539999961853027</ns3:Speed>
                <ns3:RunCadence>82</ns3:RunCadence>
              </ns3:TPX>
            </Extensions>
          </Trackpoint>
          <Trackpoint>
            <Time>2026-06-21T06:22:58.000Z</Time>
            <Position>
              <LatitudeDegrees>50.65532932989299</LatitudeDegrees>
              <LongitudeDegrees>3.0573125928640366</LongitudeDegrees>
            </Position>
            <AltitudeMeters>16.799999237060547</AltitudeMeters>
            <DistanceMeters>2377.81005859375</DistanceMeters>
            <HeartRateBpm>
              <Value>130</Value>
            </HeartRateBpm>
            <Extensions>
              <ns3:TPX>
                <ns3:Speed>2.4539999961853027</ns3:Speed>
                <ns3:RunCadence>82</ns3:RunCadence>
              </ns3:TPX>
            </Extensions>
          </Trackpoint>
          <Trackpoint>
            <Time>2026-06-21T06:23:06.000Z</Time>
            <Position>
              <LatitudeDegrees>50.65520410425961</LatitudeDegrees>
              <LongitudeDegrees>3.0571364890784025</LongitudeDegrees>
            </Position>
            <AltitudeMeters>16.600000381469727</AltitudeMeters>
            <DistanceMeters>2396.510009765625</DistanceMeters>
            <HeartRateBpm>
              <Value>129</Value>
            </HeartRateBpm>
            <Extensions>
              <ns3:TPX>
                <ns3:Speed>2.444999933242798</ns3:Speed>
                <ns3:RunCadence>82</ns3:RunCadence>
              </ns3:TPX>
            </Extensions>
          </Trackpoint>
          <Trackpoint>
            <Time>2026-06-21T06:23:13.000Z</Time>
            <Position>
              <LatitudeDegrees>50.65509480424225</LatitudeDegrees>
              <LongitudeDegrees>3.0569737125188112</LongitudeDegrees>
            </Position>
            <AltitudeMeters>16.600000381469727</AltitudeMeters>
            <DistanceMeters>2413.2099609375</DistanceMeters>
            <HeartRateBpm>
              <Value>129</Value>
            </HeartRateBpm>
            <Extensions>
              <ns3:TPX>
                <ns3:Speed>2.434999942779541</ns3:Speed>
                <ns3:RunCadence>81</ns3:RunCadence>
              </ns3:TPX>
            </Extensions>
          </Trackpoint>
          <Trackpoint>
            <Time>2026-06-21T06:23:16.000Z</Time>
            <Position>
              <LatitudeDegrees>50.65505557693541</LatitudeDegrees>
              <LongitudeDegrees>3.056907746940851</LongitudeDegrees>
            </Position>
            <AltitudeMeters>16.600000381469727</AltitudeMeters>
            <DistanceMeters>2419.610107421875</DistanceMeters>
            <HeartRateBpm>
              <Value>129</Value>
            </HeartRateBpm>
            <Extensions>
              <ns3:TPX>
                <ns3:Speed>2.4260001182556152</ns3:Speed>
                <ns3:RunCadence>82</ns3:RunCadence>
              </ns3:TPX>
            </Extensions>
          </Trackpoint>
          <Trackpoint>
            <Time>2026-06-21T06:23:24.000Z</Time>
            <Position>
              <LatitudeDegrees>50.65494619309902</LatitudeDegrees>
              <LongitudeDegrees>3.056717896834016</LongitudeDegrees>
            </Position>
            <AltitudeMeters>16.200000762939453</AltitudeMeters>
            <DistanceMeters>2437.860107421875</DistanceMeters>
            <HeartRateBpm>
              <Value>130</Value>
            </HeartRateBpm>
            <Extensions>
              <ns3:TPX>
                <ns3:Speed>2.434999942779541</ns3:Speed>
                <ns3:RunCadence>81</ns3:RunCadence>
              </ns3:TPX>
            </Extensions>
          </Trackpoint>
          <Trackpoint>
            <Time>2026-06-21T06:23:33.000Z</Time>
            <Position>
              <LatitudeDegrees>50.65483429469168</LatitudeDegrees>
              <LongitudeDegrees>3.0564855504781008</LongitudeDegrees>
            </Position>
            <AltitudeMeters>16.0</AltitudeMeters>
            <DistanceMeters>2458.719970703125</DistanceMeters>
            <HeartRateBpm>
              <Value>130</Value>
            </HeartRateBpm>
            <Extensions>
              <ns3:TPX>
                <ns3:Speed>2.4170000553131104</ns3:Speed>
                <ns3:RunCadence>82</ns3:RunCadence>
              </ns3:TPX>
            </Extensions>
          </Trackpoint>
          <Trackpoint>
            <Time>2026-06-21T06:23:42.000Z</Time>
            <Position>
              <LatitudeDegrees>50.654675709083676</LatitudeDegrees>
              <LongitudeDegrees>3.0562973767518997</LongitudeDegrees>
            </Position>
            <AltitudeMeters>15.800000190734863</AltitudeMeters>
            <DistanceMeters>2480.909912109375</DistanceMeters>
            <HeartRateBpm>
              <Value>130</Value>
            </HeartRateBpm>
            <Extensions>
              <ns3:TPX>
                <ns3:Speed>2.4070000648498535</ns3:Speed>
                <ns3:RunCadence>82</ns3:RunCadence>
              </ns3:TPX>
            </Extensions>
          </Trackpoint>
          <Trackpoint>
            <Time>2026-06-21T06:23:43.000Z</Time>
            <Position>
              <LatitudeDegrees>50.654657017439604</LatitudeDegrees>
              <LongitudeDegrees>3.05628664791584</LongitudeDegrees>
            </Position>
            <AltitudeMeters>16.0</AltitudeMeters>
            <DistanceMeters>2483.1201171875</DistanceMeters>
            <HeartRateBpm>
              <Value>130</Value>
            </HeartRateBpm>
            <Extensions>
              <ns3:TPX>
                <ns3:Speed>2.4070000648498535</ns3:Speed>
                <ns3:RunCadence>81</ns3:RunCadence>
              </ns3:TPX>
            </Extensions>
          </Trackpoint>
          <Trackpoint>
            <Time>2026-06-21T06:23:52.000Z</Time>
            <Position>
              <LatitudeDegrees>50.654498767107725</LatitudeDegrees>
              <LongitudeDegrees>3.0561864841729403</LongitudeDegrees>
            </Position>
            <AltitudeMeters>16.200000762939453</AltitudeMeters>
            <DistanceMeters>2502.169921875</DistanceMeters>
            <HeartRateBpm>
              <Value>130</Value>
            </HeartRateBpm>
            <Extensions>
              <ns3:TPX>
                <ns3:Speed>2.378999948501587</ns3:Speed>
                <ns3:RunCadence>81</ns3:RunCadence>
              </ns3:TPX>
            </Extensions>
          </Trackpoint>
          <Trackpoint>
            <Time>2026-06-21T06:23:57.000Z</Time>
            <Position>
              <LatitudeDegrees>50.65445995889604</LatitudeDegrees>
              <LongitudeDegrees>3.0560353584587574</LongitudeDegrees>
            </Position>
            <AltitudeMeters>16.200000762939453</AltitudeMeters>
            <DistanceMeters>2513.9599609375</DistanceMeters>
            <HeartRateBpm>
              <Value>131</Value>
            </HeartRateBpm>
            <Extensions>
              <ns3:TPX>
                <ns3:Speed>2.3510000705718994</ns3:Speed>
                <ns3:RunCadence>81</ns3:RunCadence>
              </ns3:TPX>
            </Extensions>
          </Trackpoint>
          <Trackpoint>
            <Time>2026-06-21T06:24:05.000Z</Time>
            <Position>
              <LatitudeDegrees>50.65441679209471</LatitudeDegrees>
              <LongitudeDegrees>3.0557867512106895</LongitudeDegrees>
            </Position>
            <AltitudeMeters>16.200000762939453</AltitudeMeters>
            <DistanceMeters>2532.239990234375</DistanceMeters>
            <HeartRateBpm>
              <Value>131</Value>
            </HeartRateBpm>
            <Extensions>
              <ns3:TPX>
                <ns3:Speed>2.3510000705718994</ns3:Speed>
                <ns3:RunCadence>82</ns3:RunCadence>
              </ns3:TPX>
            </Extensions>
          </Trackpoint>
          <Trackpoint>
            <Time>2026-06-21T06:24:11.000Z</Time>
            <Position>
              <LatitudeDegrees>50.654308162629604</LatitudeDegrees>
              <LongitudeDegrees>3.055642833933234</LongitudeDegrees>
            </Position>
            <AltitudeMeters>16.200000762939453</AltitudeMeters>
            <DistanceMeters>2548.25</DistanceMeters>
            <HeartRateBpm>
              <Value>131</Value>
            </HeartRateBpm>
            <Extensions>
              <ns3:TPX>
                <ns3:Speed>2.3510000705718994</ns3:Speed>
                <ns3:RunCadence>84</ns3:RunCadence>
              </ns3:TPX>
            </Extensions>
          </Trackpoint>
          <Trackpoint>
            <Time>2026-06-21T06:24:12.000Z</Time>
            <Position>
              <LatitudeDegrees>50.65429030917585</LatitudeDegrees>
              <LongitudeDegrees>3.0556591786444187</LongitudeDegrees>
            </Position>
            <AltitudeMeters>16.200000762939453</AltitudeMeters>
            <DistanceMeters>2550.27001953125</DistanceMeters>
            <HeartRateBpm>
              <Value>131</Value>
            </HeartRateBpm>
            <Extensions>
              <ns3:TPX>
                <ns3:Speed>2.3510000705718994</ns3:Speed>
                <ns3:RunCadence>84</ns3:RunCadence>
              </ns3:TPX>
            </Extensions>
          </Trackpoint>
          <Trackpoint>
            <Time>2026-06-21T06:24:16.000Z</Time>
            <Position>
              <LatitudeDegrees>50.65420917235315</LatitudeDegrees>
              <LongitudeDegrees>3.0556521378457546</LongitudeDegrees>
            </Position>
            <AltitudeMeters>16.600000381469727</AltitudeMeters>
            <DistanceMeters>2559.610107421875</DistanceMeters>
            <HeartRateBpm>
              <Value>131</Value>
            </HeartRateBpm>
            <Extensions>
              <ns3:TPX>
                <ns3:Speed>2.3510000705718994</ns3:Speed>
                <ns3:RunCadence>84</ns3:RunCadence>
              </ns3:TPX>
            </Extensions>
          </Trackpoint>
          <Trackpoint>
            <Time>2026-06-21T06:24:25.000Z</Time>
            <Position>
              <LatitudeDegrees>50.65405050292611</LatitudeDegrees>
              <LongitudeDegrees>3.0554612819105387</LongitudeDegrees>
            </Position>
            <AltitudeMeters>17.0</AltitudeMeters>
            <DistanceMeters>2581.820068359375</DistanceMeters>
            <HeartRateBpm>
              <Value>133</Value>
            </HeartRateBpm>
            <Extensions>
              <ns3:TPX>
                <ns3:Speed>2.3610000610351562</ns3:Speed>
                <ns3:RunCadence>82</ns3:RunCadence>
              </ns3:TPX>
            </Extensions>
          </Trackpoint>
          <Trackpoint>
            <Time>2026-06-21T06:24:26.000Z</Time>
            <Position>
              <LatitudeDegrees>50.654030134901404</LatitudeDegrees>
              <LongitudeDegrees>3.055443512275815</LongitudeDegrees>
            </Position>
            <AltitudeMeters>17.0</AltitudeMeters>
            <DistanceMeters>2584.39990234375</DistanceMeters>
            <HeartRateBpm>
              <Value>133</Value>
            </HeartRateBpm>
            <Extensions>
              <ns3:TPX>
                <ns3:Speed>2.3610000610351562</ns3:Speed>
                <ns3:RunCadence>82</ns3:RunCadence>
              </ns3:TPX>
            </Extensions>
          </Trackpoint>
          <Trackpoint>
            <Time>2026-06-21T06:24:34.000Z</Time>
            <Position>
              <LatitudeDegrees>50.65387632697821</LatitudeDegrees>
              <LongitudeDegrees>3.055298589169979</LongitudeDegrees>
            </Position>
            <AltitudeMeters>16.799999237060547</AltitudeMeters>
            <DistanceMeters>2604.489990234375</DistanceMeters>
            <HeartRateBpm>
              <Value>134</Value>
            </HeartRateBpm>
            <Extensions>
              <ns3:TPX>
                <ns3:Speed>2.369999885559082</ns3:Speed>
                <ns3:RunCadence>83</ns3:RunCadence>
              </ns3:TPX>
            </Extensions>
          </Trackpoint>
          <Trackpoint>
            <Time>2026-06-21T06:24:35.000Z</Time>
            <Position>
              <LatitudeDegrees>50.653856210410595</LatitudeDegrees>
              <LongitudeDegrees>3.0552987568080425</LongitudeDegrees>
            </Position>
            <AltitudeMeters>16.799999237060547</AltitudeMeters>
            <DistanceMeters>2606.719970703125</DistanceMeters>
            <HeartRateBpm>
              <Value>134</Value>
            </HeartRateBpm>
            <Extensions>
              <ns3:TPX>
                <ns3:Speed>2.369999885559082</ns3:Speed>
                <ns3:RunCadence>83</ns3:RunCadence>
              </ns3:TPX>
            </Extensions>
          </Trackpoint>
          <Trackpoint>
            <Time>2026-06-21T06:24:40.000Z</Time>
            <Position>
              <LatitudeDegrees>50.653776498511434</LatitudeDegrees>
              <LongitudeDegrees>3.0552227329462767</LongitudeDegrees>
            </Position>
            <AltitudeMeters>17.200000762939453</AltitudeMeters>
            <DistanceMeters>2617.860107421875</DistanceMeters>
            <HeartRateBpm>
              <Value>133</Value>
            </HeartRateBpm>
            <Extensions>
              <ns3:TPX>
                <ns3:Speed>2.378999948501587</ns3:Speed>
                <ns3:RunCadence>82</ns3:RunCadence>
              </ns3:TPX>
            </Extensions>
          </Trackpoint>
          <Trackpoint>
            <Time>2026-06-21T06:24:49.000Z</Time>
            <Position>
              <LatitudeDegrees>50.65367549657822</LatitudeDegrees>
              <LongitudeDegrees>3.0549842678010464</LongitudeDegrees>
            </Position>
            <AltitudeMeters>17.200000762939453</AltitudeMeters>
            <DistanceMeters>2638.679931640625</DistanceMeters>
            <HeartRateBpm>
              <Value>135</Value>
            </HeartRateBpm>
            <Extensions>
              <ns3:TPX>
                <ns3:Speed>2.3610000610351562</ns3:Speed>
                <ns3:RunCadence>83</ns3:RunCadence>
              </ns3:TPX>
            </Extensions>
          </Trackpoint>
          <Trackpoint>
            <Time>2026-06-21T06:24:56.000Z</Time>
            <Position>
              <LatitudeDegrees>50.653533674776554</LatitudeDegrees>
              <LongitudeDegrees>3.054976975545287</LongitudeDegrees>
            </Position>
            <AltitudeMeters>16.799999237060547</AltitudeMeters>
            <DistanceMeters>2654.52001953125</DistanceMeters>
            <HeartRateBpm>
              <Value>136</Value>
            </HeartRateBpm>
            <Extensions>
              <ns3:TPX>
                <ns3:Speed>2.3510000705718994</ns3:Speed>
                <ns3:RunCadence>83</ns3:RunCadence>
              </ns3:TPX>
            </Extensions>
          </Trackpoint>
          <Trackpoint>
            <Time>2026-06-21T06:25:02.000Z</Time>
            <Position>
              <LatitudeDegrees>50.65343367867172</LatitudeDegrees>
              <LongitudeDegrees>3.054924588650465</LongitudeDegrees>
            </Position>
            <AltitudeMeters>16.600000381469727</AltitudeMeters>
            <DistanceMeters>2667.260009765625</DistanceMeters>
            <HeartRateBpm>
              <Value>135</Value>
            </HeartRateBpm>
            <Extensions>
              <ns3:TPX>
                <ns3:Speed>2.3420000076293945</ns3:Speed>
                <ns3:RunCadence>83</ns3:RunCadence>
              </ns3:TPX>
            </Extensions>
          </Trackpoint>
          <Trackpoint>
            <Time>2026-06-21T06:25:10.000Z</Time>
            <Position>
              <LatitudeDegrees>50.6533567328006</LatitudeDegrees>
              <LongitudeDegrees>3.054725769907236</LongitudeDegrees>
            </Position>
            <AltitudeMeters>15.600000381469727</AltitudeMeters>
            <DistanceMeters>2683.77001953125</DistanceMeters>
            <HeartRateBpm>
              <Value>135</Value>
            </HeartRateBpm>
            <Extensions>
              <ns3:TPX>
                <ns3:Speed>2.313999891281128</ns3:Speed>
                <ns3:RunCadence>81</ns3:RunCadence>
              </ns3:TPX>
            </Extensions>
          </Trackpoint>
          <Trackpoint>
            <Time>2026-06-21T06:25:11.000Z</Time>
            <Position>
              <LatitudeDegrees>50.65334399230778</LatitudeDegrees>
              <LongitudeDegrees>3.054708754643798</LongitudeDegrees>
            </Position>
            <AltitudeMeters>15.399999618530273</AltitudeMeters>
            <DistanceMeters>2685.6201171875</DistanceMeters>
            <HeartRateBpm>
              <Value>135</Value>
            </HeartRateBpm>
            <Extensions>
              <ns3:TPX>
                <ns3:Speed>2.305000066757202</ns3:Speed>
                <ns3:RunCadence>81</ns3:RunCadence>
              </ns3:TPX>
            </Extensions>
          </Trackpoint>
          <Trackpoint>
            <Time>2026-06-21T06:25:20.000Z</Time>
            <Position>
              <LatitudeDegrees>50.65320803783834</LatitudeDegrees>
              <LongitudeDegrees>3.0545158870518208</LongitudeDegrees>
            </Position>
            <AltitudeMeters>14.600000381469727</AltitudeMeters>
            <DistanceMeters>2706.0</DistanceMeters>
            <HeartRateBpm>
              <Value>132</Value>
            </HeartRateBpm>
            <Extensions>
              <ns3:TPX>
                <ns3:Speed>2.257999897003174</ns3:Speed>
                <ns3:RunCadence>82</ns3:RunCadence>
              </ns3:TPX>
            </Extensions>
          </Trackpoint>
          <Trackpoint>
            <Time>2026-06-21T06:25:21.000Z</Time>
            <Position>
              <LatitudeDegrees>50.65319378860295</LatitudeDegrees>
              <LongitudeDegrees>3.054494932293892</LongitudeDegrees>
            </Position>
            <AltitudeMeters>14.600000381469727</AltitudeMeters>
            <DistanceMeters>2708.169921875</DistanceMeters>
            <HeartRateBpm>
              <Value>132</Value>
            </HeartRateBpm>
            <Extensions>
              <ns3:TPX>
                <ns3:Speed>2.249000072479248</ns3:Speed>
                <ns3:RunCadence>82</ns3:RunCadence>
              </ns3:TPX>
            </Extensions>
          </Trackpoint>
          <Trackpoint>
            <Time>2026-06-21T06:25:27.000Z</Time>
            <Position>
              <LatitudeDegrees>50.6530942954123</LatitudeDegrees>
              <LongitudeDegrees>3.054372640326619</LongitudeDegrees>
            </Position>
            <AltitudeMeters>14.399999618530273</AltitudeMeters>
            <DistanceMeters>2722.199951171875</DistanceMeters>
            <HeartRateBpm>
              <Value>130</Value>
            </HeartRateBpm>
            <Extensions>
              <ns3:TPX>
                <ns3:Speed>2.240000009536743</ns3:Speed>
                <ns3:RunCadence>82</ns3:RunCadence>
              </ns3:TPX>
            </Extensions>
          </Trackpoint>
          <Trackpoint>
            <Time>2026-06-21T06:25:34.000Z</Time>
            <Position>
              <LatitudeDegrees>50.65295431762934</LatitudeDegrees>
              <LongitudeDegrees>3.0542209278792143</LongitudeDegrees>
            </Position>
            <AltitudeMeters>14.399999618530273</AltitudeMeters>
            <DistanceMeters>2741.090087890625</DistanceMeters>
            <HeartRateBpm>
              <Value>130</Value>
            </HeartRateBpm>
            <Extensions>
              <ns3:TPX>
                <ns3:Speed>2.240000009536743</ns3:Speed>
                <ns3:RunCadence>82</ns3:RunCadence>
              </ns3:TPX>
            </Extensions>
          </Trackpoint>
          <Trackpoint>
            <Time>2026-06-21T06:25:35.000Z</Time>
            <Position>
              <LatitudeDegrees>50.652934703975916</LatitudeDegrees>
              <LongitudeDegrees>3.05419628508389</LongitudeDegrees>
            </Position>
            <AltitudeMeters>14.399999618530273</AltitudeMeters>
            <DistanceMeters>2743.8798828125</DistanceMeters>
            <HeartRateBpm>
              <Value>130</Value>
            </HeartRateBpm>
            <Extensions>
              <ns3:TPX>
                <ns3:Speed>2.240000009536743</ns3:Speed>
                <ns3:RunCadence>82</ns3:RunCadence>
              </ns3:TPX>
            </Extensions>
          </Trackpoint>
          <Trackpoint>
            <Time>2026-06-21T06:25:43.000Z</Time>
            <Position>
              <LatitudeDegrees>50.652794474735856</LatitudeDegrees>
              <LongitudeDegrees>3.0540115479379892</LongitudeDegrees>
            </Position>
            <AltitudeMeters>14.199999809265137</AltitudeMeters>
            <DistanceMeters>2764.25</DistanceMeters>
            <HeartRateBpm>
              <Value>130</Value>
            </HeartRateBpm>
            <Extensions>
              <ns3:TPX>
                <ns3:Speed>2.2960000038146973</ns3:Speed>
                <ns3:RunCadence>82</ns3:RunCadence>
              </ns3:TPX>
            </Extensions>
          </Trackpoint>
          <Trackpoint>
            <Time>2026-06-21T06:25:49.000Z</Time>
            <Position>
              <LatitudeDegrees>50.65269607119262</LatitudeDegrees>
              <LongitudeDegrees>3.0538729950785637</LongitudeDegrees>
            </Position>
            <AltitudeMeters>14.199999809265137</AltitudeMeters>
            <DistanceMeters>2778.929931640625</DistanceMeters>
            <HeartRateBpm>
              <Value>130</Value>
            </HeartRateBpm>
            <Extensions>
              <ns3:TPX>
                <ns3:Speed>2.3239998817443848</ns3:Speed>
                <ns3:RunCadence>81</ns3:RunCadence>
              </ns3:TPX>
            </Extensions>
          </Trackpoint>
          <Trackpoint>
            <Time>2026-06-21T06:25:58.000Z</Time>
            <Position>
              <LatitudeDegrees>50.65254209563136</LatitudeDegrees>
              <LongitudeDegrees>3.053700076416135</LongitudeDegrees>
            </Position>
            <AltitudeMeters>14.399999618530273</AltitudeMeters>
            <DistanceMeters>2799.969970703125</DistanceMeters>
            <HeartRateBpm>
              <Value>130</Value>
            </HeartRateBpm>
            <Extensions>
              <ns3:TPX>
                <ns3:Speed>2.3329999446868896</ns3:Speed>
                <ns3:RunCadence>81</ns3:RunCadence>
              </ns3:TPX>
            </Extensions>
          </Trackpoint>
          <Trackpoint>
            <Time>2026-06-21T06:26:00.000Z</Time>
            <Position>
              <LatitudeDegrees>50.65250253304839</LatitudeDegrees>
              <LongitudeDegrees>3.0536512937396765</LongitudeDegrees>
            </Position>
            <AltitudeMeters>14.600000381469727</AltitudeMeters>
            <DistanceMeters>2805.550048828125</DistanceMeters>
            <HeartRateBpm>
              <Value>130</Value>
            </HeartRateBpm>
            <Extensions>
              <ns3:TPX>
                <ns3:Speed>2.3329999446868896</ns3:Speed>
                <ns3:RunCadence>82</ns3:RunCadence>
              </ns3:TPX>
            </Extensions>
          </Trackpoint>
          <Trackpoint>
            <Time>2026-06-21T06:26:08.000Z</Time>
            <Position>
              <LatitudeDegrees>50.65241360105574</LatitudeDegrees>
              <LongitudeDegrees>3.053406458348036</LongitudeDegrees>
            </Position>
            <AltitudeMeters>14.600000381469727</AltitudeMeters>
            <DistanceMeters>2825.919921875</DistanceMeters>
            <HeartRateBpm>
              <Value>130</Value>
            </HeartRateBpm>
            <Extensions>
              <ns3:TPX>
                <ns3:Speed>2.3519999980926514</ns3:Speed>
                <ns3:RunCadence>82</ns3:RunCadence>
              </ns3:TPX>
            </Extensions>
          </Trackpoint>
          <Trackpoint>
            <Time>2026-06-21T06:26:15.000Z</Time>
            <Position>
              <LatitudeDegrees>50.65231427550316</LatitudeDegrees>
              <LongitudeDegrees>3.053227085620165</LongitudeDegrees>
            </Position>
            <AltitudeMeters>14.600000381469727</AltitudeMeters>
            <DistanceMeters>2843.2900390625</DistanceMeters>
            <HeartRateBpm>
              <Value>130</Value>
            </HeartRateBpm>
            <Extensions>
              <ns3:TPX>
                <ns3:Speed>2.369999885559082</ns3:Speed>
                <ns3:RunCadence>82</ns3:RunCadence>
              </ns3:TPX>
            </Extensions>
          </Trackpoint>
          <Trackpoint>
            <Time>2026-06-21T06:26:24.000Z</Time>
            <Position>
              <LatitudeDegrees>50.65215837210417</LatitudeDegrees>
              <LongitudeDegrees>3.053033798933029</LongitudeDegrees>
            </Position>
            <AltitudeMeters>14.600000381469727</AltitudeMeters>
            <DistanceMeters>2865.3798828125</DistanceMeters>
            <HeartRateBpm>
              <Value>131</Value>
            </HeartRateBpm>
            <Extensions>
              <ns3:TPX>
                <ns3:Speed>2.3889999389648438</ns3:Speed>
                <ns3:RunCadence>83</ns3:RunCadence>
              </ns3:TPX>
            </Extensions>
          </Trackpoint>
          <Trackpoint>
            <Time>2026-06-21T06:26:28.000Z</Time>
            <Position>
              <LatitudeDegrees>50.65209098160267</LatitudeDegrees>
              <LongitudeDegrees>3.0529515724629164</LongitudeDegrees>
            </Position>
            <AltitudeMeters>14.600000381469727</AltitudeMeters>
            <DistanceMeters>2874.8701171875</DistanceMeters>
            <HeartRateBpm>
              <Value>130</Value>
            </HeartRateBpm>
            <Extensions>
              <ns3:TPX>
                <ns3:Speed>2.3980000019073486</ns3:Speed>
                <ns3:RunCadence>82</ns3:RunCadence>
              </ns3:TPX>
            </Extensions>
          </Trackpoint>
          <Trackpoint>
            <Time>2026-06-21T06:26:37.000Z</Time>
            <Position>
              <LatitudeDegrees>50.65194086171687</LatitudeDegrees>
              <LongitudeDegrees>3.0527654103934765</LongitudeDegrees>
            </Position>
            <AltitudeMeters>14.399999618530273</AltitudeMeters>
            <DistanceMeters>2896.1298828125</DistanceMeters>
            <HeartRateBpm>
              <Value>130</Value>
            </HeartRateBpm>
            <Extensions>
              <ns3:TPX>
                <ns3:Speed>2.4170000553131104</ns3:Speed>
                <ns3:RunCadence>82</ns3:RunCadence>
              </ns3:TPX>
            </Extensions>
          </Trackpoint>
          <Trackpoint>
            <Time>2026-06-21T06:26:44.000Z</Time>
            <Position>
              <LatitudeDegrees>50.651816725730896</LatitudeDegrees>
              <LongitudeDegrees>3.052614200860262</LongitudeDegrees>
            </Position>
            <AltitudeMeters>14.199999809265137</AltitudeMeters>
            <DistanceMeters>2913.570068359375</DistanceMeters>
            <HeartRateBpm>
              <Value>130</Value>
            </HeartRateBpm>
            <Extensions>
              <ns3:TPX>
                <ns3:Speed>2.4260001182556152</ns3:Speed>
                <ns3:RunCadence>83</ns3:RunCadence>
              </ns3:TPX>
            </Extensions>
          </Trackpoint>
          <Trackpoint>
            <Time>2026-06-21T06:26:53.000Z</Time>
            <Position>
              <LatitudeDegrees>50.65167565830052</LatitudeDegrees>
              <LongitudeDegrees>3.052420914173126</LongitudeDegrees>
            </Position>
            <AltitudeMeters>14.199999809265137</AltitudeMeters>
            <DistanceMeters>2934.389892578125</DistanceMeters>
            <HeartRateBpm>
              <Value>130</Value>
            </HeartRateBpm>
            <Extensions>
              <ns3:TPX>
                <ns3:Speed>2.444999933242798</ns3:Speed>
                <ns3:RunCadence>82</ns3:RunCadence>
              </ns3:TPX>
            </Extensions>
          </Trackpoint>
          <Trackpoint>
            <Time>2026-06-21T06:26:57.000Z</Time>
            <Position>
              <LatitudeDegrees>50.651596281677485</LatitudeDegrees>
              <LongitudeDegrees>3.0523743107914925</LongitudeDegrees>
            </Position>
            <AltitudeMeters>14.199999809265137</AltitudeMeters>
            <DistanceMeters>2943.7900390625</DistanceMeters>
            <HeartRateBpm>
              <Value>130</Value>
            </HeartRateBpm>
            <Extensions>
              <ns3:TPX>
                <ns3:Speed>2.434999942779541</ns3:Speed>
                <ns3:RunCadence>84</ns3:RunCadence>
              </ns3:TPX>
            </Extensions>
          </Trackpoint>
          <Trackpoint>
            <Time>2026-06-21T06:26:58.000Z</Time>
            <Position>
              <LatitudeDegrees>50.65158127807081</LatitudeDegrees>
              <LongitudeDegrees>3.052357630804181</LongitudeDegrees>
            </Position>
            <AltitudeMeters>14.199999809265137</AltitudeMeters>
            <DistanceMeters>2945.81005859375</DistanceMeters>
            <HeartRateBpm>
              <Value>130</Value>
            </HeartRateBpm>
            <Extensions>
              <ns3:TPX>
                <ns3:Speed>2.434999942779541</ns3:Speed>
                <ns3:RunCadence>84</ns3:RunCadence>
              </ns3:TPX>
            </Extensions>
          </Trackpoint>
          <Trackpoint>
            <Time>2026-06-21T06:27:05.000Z</Time>
            <Position>
              <LatitudeDegrees>50.65144029445946</LatitudeDegrees>
              <LongitudeDegrees>3.0522918328642845</LongitudeDegrees>
            </Position>
            <AltitudeMeters>14.0</AltitudeMeters>
            <DistanceMeters>2962.43994140625</DistanceMeters>
            <HeartRateBpm>
              <Value>131</Value>
            </HeartRateBpm>
            <Extensions>
              <ns3:TPX>
                <ns3:Speed>2.4170000553131104</ns3:Speed>
                <ns3:RunCadence>84</ns3:RunCadence>
              </ns3:TPX>
            </Extensions>
          </Trackpoint>
          <Trackpoint>
            <Time>2026-06-21T06:27:14.000Z</Time>
            <Position>
              <LatitudeDegrees>50.65126150846481</LatitudeDegrees>
              <LongitudeDegrees>3.052196279168129</LongitudeDegrees>
            </Position>
            <AltitudeMeters>14.0</AltitudeMeters>
            <DistanceMeters>2984.27001953125</DistanceMeters>
            <HeartRateBpm>
              <Value>133</Value>
            </HeartRateBpm>
            <Extensions>
              <ns3:TPX>
                <ns3:Speed>2.4070000648498535</ns3:Speed>
                <ns3:RunCadence>82</ns3:RunCadence>
              </ns3:TPX>
            </Extensions>
          </Trackpoint>
          <Trackpoint>
            <Time>2026-06-21T06:27:15.000Z</Time>
            <Position>
              <LatitudeDegrees>50.65124558284879</LatitudeDegrees>
              <LongitudeDegrees>3.05217482149601</LongitudeDegrees>
            </Position>
            <AltitudeMeters>14.0</AltitudeMeters>
            <DistanceMeters>2986.60009765625</DistanceMeters>
            <HeartRateBpm>
              <Value>133</Value>
            </HeartRateBpm>
            <Extensions>
              <ns3:TPX>
                <ns3:Speed>2.4070000648498535</ns3:Speed>
                <ns3:RunCadence>82</ns3:RunCadence>
              </ns3:TPX>
            </Extensions>
          </Trackpoint>
          <Trackpoint>
            <Time>2026-06-21T06:27:24.000Z</Time>
            <Position>
              <LatitudeDegrees>50.65109965391457</LatitudeDegrees>
              <LongitudeDegrees>3.0519631784409285</LongitudeDegrees>
            </Position>
            <AltitudeMeters>13.800000190734863</AltitudeMeters>
            <DistanceMeters>3008.7099609375</DistanceMeters>
            <HeartRateBpm>
              <Value>133</Value>
            </HeartRateBpm>
            <Extensions>
              <ns3:TPX>
                <ns3:Speed>2.4170000553131104</ns3:Speed>
                <ns3:RunCadence>82</ns3:RunCadence>
              </ns3:TPX>
            </Extensions>
          </Trackpoint>
          <Trackpoint>
            <Time>2026-06-21T06:27:26.000Z</Time>
            <Position>
              <LatitudeDegrees>50.65106436610222</LatitudeDegrees>
              <LongitudeDegrees>3.0519195925444365</LongitudeDegrees>
            </Position>
            <AltitudeMeters>13.800000190734863</AltitudeMeters>
            <DistanceMeters>3013.68994140625</DistanceMeters>
            <HeartRateBpm>
              <Value>133</Value>
            </HeartRateBpm>
            <Extensions>
              <ns3:TPX>
                <ns3:Speed>2.4170000553131104</ns3:Speed>
                <ns3:RunCadence>82</ns3:RunCadence>
              </ns3:TPX>
            </Extensions>
          </Trackpoint>
          <Trackpoint>
            <Time>2026-06-21T06:27:35.000Z</Time>
            <Position>
              <LatitudeDegrees>50.650932770222425</LatitudeDegrees>
              <LongitudeDegrees>3.0517169181257486</LongitudeDegrees>
            </Position>
            <AltitudeMeters>13.600000381469727</AltitudeMeters>
            <DistanceMeters>3034.22998046875</DistanceMeters>
            <HeartRateBpm>
              <Value>133</Value>
            </HeartRateBpm>
            <Extensions>
              <ns3:TPX>
                <ns3:Speed>2.4170000553131104</ns3:Speed>
                <ns3:RunCadence>82</ns3:RunCadence>
              </ns3:TPX>
            </Extensions>
          </Trackpoint>
          <Trackpoint>
            <Time>2026-06-21T06:27:44.000Z</Time>
            <Position>
              <LatitudeDegrees>50.650792038068175</LatitudeDegrees>
              <LongitudeDegrees>3.0514921993017197</LongitudeDegrees>
            </Position>
            <AltitudeMeters>13.800000190734863</AltitudeMeters>
            <DistanceMeters>3056.5400390625</DistanceMeters>
            <HeartRateBpm>
              <Value>131</Value>
            </HeartRateBpm>
            <Extensions>
              <ns3:TPX>
                <ns3:Speed>2.4070000648498535</ns3:Speed>
                <ns3:RunCadence>82</ns3:RunCadence>
              </ns3:TPX>
            </Extensions>
          </Trackpoint>
          <Trackpoint>
            <Time>2026-06-21T06:27:45.000Z</Time>
            <Position>
              <LatitudeDegrees>50.65077502280474</LatitudeDegrees>
              <LongitudeDegrees>3.0514719989150763</LongitudeDegrees>
            </Position>
            <AltitudeMeters>13.800000190734863</AltitudeMeters>
            <DistanceMeters>3058.909912109375</DistanceMeters>
            <HeartRateBpm>
              <Value>131</Value>
            </HeartRateBpm>
            <Extensions>
              <ns3:TPX>
                <ns3:Speed>2.4070000648498535</ns3:Speed>
                <ns3:RunCadence>82</ns3:RunCadence>
              </ns3:TPX>
            </Extensions>
          </Trackpoint>
          <Trackpoint>
            <Time>2026-06-21T06:27:54.000Z</Time>
            <Position>
              <LatitudeDegrees>50.650629848241806</LatitudeDegrees>
              <LongitudeDegrees>3.0512528121471405</LongitudeDegrees>
            </Position>
            <AltitudeMeters>13.800000190734863</AltitudeMeters>
            <DistanceMeters>3081.320068359375</DistanceMeters>
            <HeartRateBpm>
              <Value>130</Value>
            </HeartRateBpm>
            <Extensions>
              <ns3:TPX>
                <ns3:Speed>2.4070000648498535</ns3:Speed>
                <ns3:RunCadence>82</ns3:RunCadence>
              </ns3:TPX>
            </Extensions>
          </Trackpoint>
          <Trackpoint>
            <Time>2026-06-21T06:27:55.000Z</Time>
            <Position>
              <LatitudeDegrees>50.65061643719673</LatitudeDegrees>
              <LongitudeDegrees>3.0512295104563236</LongitudeDegrees>
            </Position>
            <AltitudeMeters>13.800000190734863</AltitudeMeters>
            <DistanceMeters>3083.5400390625</DistanceMeters>
            <HeartRateBpm>
              <Value>130</Value>
            </HeartRateBpm>
            <Extensions>
              <ns3:TPX>
                <ns3:Speed>2.4070000648498535</ns3:Speed>
                <ns3:RunCadence>82</ns3:RunCadence>
              </ns3:TPX>
            </Extensions>
          </Trackpoint>
          <Trackpoint>
            <Time>2026-06-21T06:28:04.000Z</Time>
            <Position>
              <LatitudeDegrees>50.65048484131694</LatitudeDegrees>
              <LongitudeDegrees>3.0510124191641808</LongitudeDegrees>
            </Position>
            <AltitudeMeters>13.800000190734863</AltitudeMeters>
            <DistanceMeters>3104.760009765625</DistanceMeters>
            <HeartRateBpm>
              <Value>131</Value>
            </HeartRateBpm>
            <Extensions>
              <ns3:TPX>
                <ns3:Speed>2.3980000019073486</ns3:Speed>
                <ns3:RunCadence>83</ns3:RunCadence>
              </ns3:TPX>
            </Extensions>
          </Trackpoint>
          <Trackpoint>
            <Time>2026-06-21T06:28:07.000Z</Time>
            <Position>
              <LatitudeDegrees>50.65044301562011</LatitudeDegrees>
              <LongitudeDegrees>3.0509453639388084</LongitudeDegrees>
            </Position>
            <AltitudeMeters>13.800000190734863</AltitudeMeters>
            <DistanceMeters>3111.39990234375</DistanceMeters>
            <HeartRateBpm>
              <Value>132</Value>
            </HeartRateBpm>
            <Extensions>
              <ns3:TPX>
                <ns3:Speed>2.3980000019073486</ns3:Speed>
                <ns3:RunCadence>83</ns3:RunCadence>
              </ns3:TPX>
            </Extensions>
          </Trackpoint>
          <Trackpoint>
            <Time>2026-06-21T06:28:16.000Z</Time>
            <Position>
              <LatitudeDegrees>50.65031980164349</LatitudeDegrees>
              <LongitudeDegrees>3.050716957077384</LongitudeDegrees>
            </Position>
            <AltitudeMeters>13.800000190734863</AltitudeMeters>
            <DistanceMeters>3132.590087890625</DistanceMeters>
            <HeartRateBpm>
              <Value>132</Value>
            </HeartRateBpm>
            <Extensions>
              <ns3:TPX>
                <ns3:Speed>2.378999948501587</ns3:Speed>
                <ns3:RunCadence>83</ns3:RunCadence>
              </ns3:TPX>
            </Extensions>
          </Trackpoint>
          <Trackpoint>
            <Time>2026-06-21T06:28:25.000Z</Time>
            <Position>
              <LatitudeDegrees>50.650183260440826</LatitudeDegrees>
              <LongitudeDegrees>3.0504929926246405</LongitudeDegrees>
            </Position>
            <AltitudeMeters>13.800000190734863</AltitudeMeters>
            <DistanceMeters>3154.550048828125</DistanceMeters>
            <HeartRateBpm>
              <Value>132</Value>
            </HeartRateBpm>
            <Extensions>
              <ns3:TPX>
                <ns3:Speed>2.369999885559082</ns3:Speed>
                <ns3:RunCadence>82</ns3:RunCadence>
              </ns3:TPX>
            </Extensions>
          </Trackpoint>
          <Trackpoint>
            <Time>2026-06-21T06:28:28.000Z</Time>
            <Position>
              <LatitudeDegrees>50.65013816580176</LatitudeDegrees>
              <LongitudeDegrees>3.05041772313416</LongitudeDegrees>
            </Position>
            <AltitudeMeters>13.800000190734863</AltitudeMeters>
            <DistanceMeters>3161.860107421875</DistanceMeters>
            <HeartRateBpm>
              <Value>132</Value>
            </HeartRateBpm>
            <Extensions>
              <ns3:TPX>
                <ns3:Speed>2.369999885559082</ns3:Speed>
                <ns3:RunCadence>83</ns3:RunCadence>
              </ns3:TPX>
            </Extensions>
          </Trackpoint>
          <Trackpoint>
            <Time>2026-06-21T06:28:37.000Z</Time>
            <Position>
              <LatitudeDegrees>50.65001629292965</LatitudeDegrees>
              <LongitudeDegrees>3.0501635000109673</LongitudeDegrees>
            </Position>
            <AltitudeMeters>13.800000190734863</AltitudeMeters>
            <DistanceMeters>3184.39990234375</DistanceMeters>
            <HeartRateBpm>
              <Value>131</Value>
            </HeartRateBpm>
            <Extensions>
              <ns3:TPX>
                <ns3:Speed>2.378999948501587</ns3:Speed>
                <ns3:RunCadence>81</ns3:RunCadence>
              </ns3:TPX>
            </Extensions>
          </Trackpoint>
          <Trackpoint>
            <Time>2026-06-21T06:28:46.000Z</Time>
            <Position>
              <LatitudeDegrees>50.64991571009159</LatitudeDegrees>
              <LongitudeDegrees>3.0499526113271713</LongitudeDegrees>
            </Position>
            <AltitudeMeters>14.0</AltitudeMeters>
            <DistanceMeters>3203.050048828125</DistanceMeters>
            <HeartRateBpm>
              <Value>131</Value>
            </HeartRateBpm>
            <Extensions>
              <ns3:TPX>
                <ns3:Speed>2.3889999389648438</ns3:Speed>
                <ns3:RunCadence>81</ns3:RunCadence>
              </ns3:TPX>
            </Extensions>
          </Trackpoint>
          <Trackpoint>
            <Time>2026-06-21T06:28:55.000Z</Time>
            <Position>
              <LatitudeDegrees>50.649778582155704</LatitudeDegrees>
              <LongitudeDegrees>3.049748931080103</LongitudeDegrees>
            </Position>
            <AltitudeMeters>14.199999809265137</AltitudeMeters>
            <DistanceMeters>3224.030029296875</DistanceMeters>
            <HeartRateBpm>
              <Value>133</Value>
            </HeartRateBpm>
            <Extensions>
              <ns3:TPX>
                <ns3:Speed>2.3510000705718994</ns3:Speed>
                <ns3:RunCadence>81</ns3:RunCadence>
              </ns3:TPX>
            </Extensions>
          </Trackpoint>
          <Trackpoint>
            <Time>2026-06-21T06:28:56.000Z</Time>
            <Position>
              <LatitudeDegrees>50.64976215362549</LatitudeDegrees>
              <LongitudeDegrees>3.0497293174266815</LongitudeDegrees>
            </Position>
            <AltitudeMeters>14.199999809265137</AltitudeMeters>
            <DistanceMeters>3226.300048828125</DistanceMeters>
            <HeartRateBpm>
              <Value>133</Value>
            </HeartRateBpm>
            <Extensions>
              <ns3:TPX>
                <ns3:Speed>2.3420000076293945</ns3:Speed>
                <ns3:RunCadence>81</ns3:RunCadence>
              </ns3:TPX>
            </Extensions>
          </Trackpoint>
          <Trackpoint>
            <Time>2026-06-21T06:29:04.000Z</Time>
            <Position>
              <LatitudeDegrees>50.649631479755044</LatitudeDegrees>
              <LongitudeDegrees>3.049504179507494</LongitudeDegrees>
            </Position>
            <AltitudeMeters>14.199999809265137</AltitudeMeters>
            <DistanceMeters>3247.860107421875</DistanceMeters>
            <HeartRateBpm>
              <Value>135</Value>
            </HeartRateBpm>
            <Extensions>
              <ns3:TPX>
                <ns3:Speed>2.313999891281128</ns3:Speed>
                <ns3:RunCadence>82</ns3:RunCadence>
              </ns3:TPX>
            </Extensions>
          </Trackpoint>
          <Trackpoint>
            <Time>2026-06-21T06:29:06.000Z</Time>
            <Position>
              <LatitudeDegrees>50.6496044062078</LatitudeDegrees>
              <LongitudeDegrees>3.049460593611002</LongitudeDegrees>
            </Position>
            <AltitudeMeters>14.199999809265137</AltitudeMeters>
            <DistanceMeters>3252.169921875</DistanceMeters>
            <HeartRateBpm>
              <Value>135</Value>
            </HeartRateBpm>
            <Extensions>
              <ns3:TPX>
                <ns3:Speed>2.313999891281128</ns3:Speed>
                <ns3:RunCadence>82</ns3:RunCadence>
              </ns3:TPX>
            </Extensions>
          </Trackpoint>
          <Trackpoint>
            <Time>2026-06-21T06:29:14.000Z</Time>
            <Position>
              <LatitudeDegrees>50.649495692923665</LatitudeDegrees>
              <LongitudeDegrees>3.049261774867773</LongitudeDegrees>
            </Position>
            <AltitudeMeters>14.199999809265137</AltitudeMeters>
            <DistanceMeters>3270.7099609375</DistanceMeters>
            <HeartRateBpm>
              <Value>134</Value>
            </HeartRateBpm>
            <Extensions>
              <ns3:TPX>
                <ns3:Speed>2.3329999446868896</ns3:Speed>
                <ns3:RunCadence>82</ns3:RunCadence>
              </ns3:TPX>
            </Extensions>
          </Trackpoint>
          <Trackpoint>
            <Time>2026-06-21T06:29:18.000Z</Time>
            <Position>
              <LatitudeDegrees>50.6494455691427</LatitudeDegrees>
              <LongitudeDegrees>3.0491579230874777</LongitudeDegrees>
            </Position>
            <AltitudeMeters>14.399999618530273</AltitudeMeters>
            <DistanceMeters>3280.110107421875</DistanceMeters>
            <HeartRateBpm>
              <Value>133</Value>
            </HeartRateBpm>
            <Extensions>
              <ns3:TPX>
                <ns3:Speed>2.3329999446868896</ns3:Speed>
                <ns3:RunCadence>81</ns3:RunCadence>
              </ns3:TPX>
            </Extensions>
          </Trackpoint>
          <Trackpoint>
            <Time>2026-06-21T06:29:26.000Z</Time>
            <Position>
              <LatitudeDegrees>50.649374490603805</LatitudeDegrees>
              <LongitudeDegrees>3.048897832632065</LongitudeDegrees>
            </Position>
            <AltitudeMeters>14.600000381469727</AltitudeMeters>
            <DistanceMeters>3300.14990234375</DistanceMeters>
            <HeartRateBpm>
              <Value>134</Value>
            </HeartRateBpm>
            <Extensions>
              <ns3:TPX>
                <ns3:Speed>2.313999891281128</ns3:Speed>
                <ns3:RunCadence>81</ns3:RunCadence>
              </ns3:TPX>
            </Extensions>
          </Trackpoint>
          <Trackpoint>
            <Time>2026-06-21T06:29:28.000Z</Time>
            <Position>
              <LatitudeDegrees>50.64935127273202</LatitudeDegrees>
              <LongitudeDegrees>3.0488354712724686</LongitudeDegrees>
            </Position>
            <AltitudeMeters>14.399999618530273</AltitudeMeters>
            <DistanceMeters>3305.260009765625</DistanceMeters>
            <HeartRateBpm>
              <Value>134</Value>
            </HeartRateBpm>
            <Extensions>
              <ns3:TPX>
                <ns3:Speed>2.322999954223633</ns3:Speed>
                <ns3:RunCadence>81</ns3:RunCadence>
              </ns3:TPX>
            </Extensions>
          </Trackpoint>
          <Trackpoint>
            <Time>2026-06-21T06:29:36.000Z</Time>
            <Position>
              <LatitudeDegrees>50.6492470856756</LatitudeDegrees>
              <LongitudeDegrees>3.048594994470477</LongitudeDegrees>
            </Position>
            <AltitudeMeters>14.399999618530273</AltitudeMeters>
            <DistanceMeters>3325.89990234375</DistanceMeters>
            <HeartRateBpm>
              <Value>134</Value>
            </HeartRateBpm>
            <Extensions>
              <ns3:TPX>
                <ns3:Speed>2.3420000076293945</ns3:Speed>
                <ns3:RunCadence>81</ns3:RunCadence>
              </ns3:TPX>
            </Extensions>
          </Trackpoint>
          <Trackpoint>
            <Time>2026-06-21T06:29:38.000Z</Time>
            <Position>
              <LatitudeDegrees>50.649217665195465</LatitudeDegrees>
              <LongitudeDegrees>3.0485442001372576</LongitudeDegrees>
            </Position>
            <AltitudeMeters>14.399999618530273</AltitudeMeters>
            <DistanceMeters>3330.760009765625</DistanceMeters>
            <HeartRateBpm>
              <Value>134</Value>
            </HeartRateBpm>
            <Extensions>
              <ns3:TPX>
                <ns3:Speed>2.3510000705718994</ns3:Speed>
                <ns3:RunCadence>82</ns3:RunCadence>
              </ns3:TPX>
            </Extensions>
          </Trackpoint>
          <Trackpoint>
            <Time>2026-06-21T06:29:46.000Z</Time>
            <Position>
              <LatitudeDegrees>50.64910442568362</LatitudeDegrees>
              <LongitudeDegrees>3.0483350716531277</LongitudeDegrees>
            </Position>
            <AltitudeMeters>14.600000381469727</AltitudeMeters>
            <DistanceMeters>3350.18994140625</DistanceMeters>
            <HeartRateBpm>
              <Value>134</Value>
            </HeartRateBpm>
            <Extensions>
              <ns3:TPX>
                <ns3:Speed>2.369999885559082</ns3:Speed>
                <ns3:RunCadence>82</ns3:RunCadence>
              </ns3:TPX>
            </Extensions>
          </Trackpoint>
          <Trackpoint>
            <Time>2026-06-21T06:29:55.000Z</Time>
            <Position>
              <LatitudeDegrees>50.6489880848676</LatitudeDegrees>
              <LongitudeDegrees>3.04808696731925</LongitudeDegrees>
            </Position>
            <AltitudeMeters>14.600000381469727</AltitudeMeters>
            <DistanceMeters>3371.989990234375</DistanceMeters>
            <HeartRateBpm>
              <Value>135</Value>
            </HeartRateBpm>
            <Extensions>
              <ns3:TPX>
                <ns3:Speed>2.3889999389648438</ns3:Speed>
                <ns3:RunCadence>82</ns3:RunCadence>
              </ns3:TPX>
            </Extensions>
          </Trackpoint>
          <Trackpoint>
            <Time>2026-06-21T06:29:56.000Z</Time>
            <Position>
              <LatitudeDegrees>50.64897450618446</LatitudeDegrees>
              <LongitudeDegrees>3.0480579659342766</LongitudeDegrees>
            </Position>
            <AltitudeMeters>14.600000381469727</AltitudeMeters>
            <DistanceMeters>3374.5400390625</DistanceMeters>
            <HeartRateBpm>
              <Value>135</Value>
            </HeartRateBpm>
            <Extensions>
              <ns3:TPX>
                <ns3:Speed>2.3889999389648438</ns3:Speed>
                <ns3:RunCadence>82</ns3:RunCadence>
              </ns3:TPX>
            </Extensions>
          </Trackpoint>
          <Trackpoint>
            <Time>2026-06-21T06:30:05.000Z</Time>
            <Position>
              <LatitudeDegrees>50.64885816536844</LatitudeDegrees>
              <LongitudeDegrees>3.047806676477194</LongitudeDegrees>
            </Position>
            <AltitudeMeters>14.600000381469727</AltitudeMeters>
            <DistanceMeters>3396.5</DistanceMeters>
            <HeartRateBpm>
              <Value>135</Value>
            </HeartRateBpm>
            <Extensions>
              <ns3:TPX>
                <ns3:Speed>2.3980000019073486</ns3:Speed>
                <ns3:RunCadence>82</ns3:RunCadence>
              </ns3:TPX>
            </Extensions>
          </Trackpoint>
          <Trackpoint>
            <Time>2026-06-21T06:30:06.000Z</Time>
            <Position>
              <LatitudeDegrees>50.64884475432336</LatitudeDegrees>
              <LongitudeDegrees>3.0477807763963938</LongitudeDegrees>
            </Position>
            <AltitudeMeters>14.600000381469727</AltitudeMeters>
            <DistanceMeters>3398.860107421875</DistanceMeters>
            <HeartRateBpm>
              <Value>135</Value>
            </HeartRateBpm>
            <Extensions>
              <ns3:TPX>
                <ns3:Speed>2.4070000648498535</ns3:Speed>
                <ns3:RunCadence>82</ns3:RunCadence>
              </ns3:TPX>
            </Extensions>
          </Trackpoint>
          <Trackpoint>
            <Time>2026-06-21T06:30:15.000Z</Time>
            <Position>
              <LatitudeDegrees>50.64872003160417</LatitudeDegrees>
              <LongitudeDegrees>3.047545412555337</LongitudeDegrees>
            </Position>
            <AltitudeMeters>14.800000190734863</AltitudeMeters>
            <DistanceMeters>3420.550048828125</DistanceMeters>
            <HeartRateBpm>
              <Value>135</Value>
            </HeartRateBpm>
            <Extensions>
              <ns3:TPX>
                <ns3:Speed>2.4260001182556152</ns3:Speed>
                <ns3:RunCadence>82</ns3:RunCadence>
              </ns3:TPX>
            </Extensions>
          </Trackpoint>
          <Trackpoint>
            <Time>2026-06-21T06:30:17.000Z</Time>
            <Position>
              <LatitudeDegrees>50.648693377152085</LatitudeDegrees>
              <LongitudeDegrees>3.047497384250164</LongitudeDegrees>
            </Position>
            <AltitudeMeters>14.800000190734863</AltitudeMeters>
            <DistanceMeters>3425.06005859375</DistanceMeters>
            <HeartRateBpm>
              <Value>134</Value>
            </HeartRateBpm>
            <Extensions>
              <ns3:TPX>
                <ns3:Speed>2.4260001182556152</ns3:Speed>
                <ns3:RunCadence>81</ns3:RunCadence>
              </ns3:TPX>
            </Extensions>
          </Trackpoint>
          <Trackpoint>
            <Time>2026-06-21T06:30:23.000Z</Time>
            <Position>
              <LatitudeDegrees>50.64861735329032</LatitudeDegrees>
              <LongitudeDegrees>3.047410463914275</LongitudeDegrees>
            </Position>
            <AltitudeMeters>15.600000381469727</AltitudeMeters>
            <DistanceMeters>3435.679931640625</DistanceMeters>
            <HeartRateBpm>
              <Value>133</Value>
            </HeartRateBpm>
            <Extensions>
              <ns3:TPX>
                <ns3:Speed>2.4260001182556152</ns3:Speed>
                <ns3:RunCadence>81</ns3:RunCadence>
              </ns3:TPX>
            </Extensions>
          </Trackpoint>
          <Trackpoint>
            <Time>2026-06-21T06:30:26.000Z</Time>
            <Position>
              <LatitudeDegrees>50.64856320619583</LatitudeDegrees>
              <LongitudeDegrees>3.0473662074655294</LongitudeDegrees>
            </Position>
            <AltitudeMeters>15.800000190734863</AltitudeMeters>
            <DistanceMeters>3438.889892578125</DistanceMeters>
            <HeartRateBpm>
              <Value>134</Value>
            </HeartRateBpm>
            <Extensions>
              <ns3:TPX>
                <ns3:Speed>2.4260001182556152</ns3:Speed>
                <ns3:RunCadence>81</ns3:RunCadence>
              </ns3:TPX>
            </Extensions>
          </Trackpoint>
          <Trackpoint>
            <Time>2026-06-21T06:30:30.000Z</Time>
            <Position>
              <LatitudeDegrees>50.64850897528231</LatitudeDegrees>
              <LongitudeDegrees>3.047209717333317</LongitudeDegrees>
            </Position>
            <AltitudeMeters>15.800000190734863</AltitudeMeters>
            <DistanceMeters>3450.5400390625</DistanceMeters>
            <HeartRateBpm>
              <Value>136</Value>
            </HeartRateBpm>
            <Extensions>
              <ns3:TPX>
                <ns3:Speed>3.0980000495910645</ns3:Speed>
                <ns3:RunCadence>81</ns3:RunCadence>
              </ns3:TPX>
            </Extensions>
          </Trackpoint>
          <Trackpoint>
            <Time>2026-06-21T06:30:33.000Z</Time>
            <Position>
              <LatitudeDegrees>50.64846748486161</LatitudeDegrees>
              <LongitudeDegrees>3.047142829746008</LongitudeDegrees>
            </Position>
            <AltitudeMeters>15.800000190734863</AltitudeMeters>
            <DistanceMeters>3456.9599609375</DistanceMeters>
            <HeartRateBpm>
              <Value>137</Value>
            </HeartRateBpm>
            <Extensions>
              <ns3:TPX>
                <ns3:Speed>2.239000082015991</ns3:Speed>
                <ns3:RunCadence>82</ns3:RunCadence>
              </ns3:TPX>
            </Extensions>
          </Trackpoint>
          <Trackpoint>
            <Time>2026-06-21T06:30:40.000Z</Time>
            <Position>
              <LatitudeDegrees>50.64837343990803</LatitudeDegrees>
              <LongitudeDegrees>3.0470922868698835</LongitudeDegrees>
            </Position>
            <AltitudeMeters>15.800000190734863</AltitudeMeters>
            <DistanceMeters>3468.02001953125</DistanceMeters>
            <HeartRateBpm>
              <Value>138</Value>
            </HeartRateBpm>
            <Extensions>
              <ns3:TPX>
                <ns3:Speed>2.193000078201294</ns3:Speed>
                <ns3:RunCadence>82</ns3:RunCadence>
              </ns3:TPX>
            </Extensions>
          </Trackpoint>
          <Trackpoint>
            <Time>2026-06-21T06:30:47.000Z</Time>
            <Position>
              <LatitudeDegrees>50.648259026929736</LatitudeDegrees>
              <LongitudeDegrees>3.047015927731991</LongitudeDegrees>
            </Position>
            <AltitudeMeters>16.0</AltitudeMeters>
            <DistanceMeters>3481.64990234375</DistanceMeters>
            <HeartRateBpm>
              <Value>139</Value>
            </HeartRateBpm>
            <Extensions>
              <ns3:TPX>
                <ns3:Speed>2.0339999198913574</ns3:Speed>
                <ns3:RunCadence>82</ns3:RunCadence>
              </ns3:TPX>
            </Extensions>
          </Trackpoint>
          <Trackpoint>
            <Time>2026-06-21T06:30:53.000Z</Time>
            <Position>
              <LatitudeDegrees>50.64809549599886</LatitudeDegrees>
              <LongitudeDegrees>3.0469209607690573</LongitudeDegrees>
            </Position>
            <AltitudeMeters>16.799999237060547</AltitudeMeters>
            <DistanceMeters>3501.139892578125</DistanceMeters>
            <HeartRateBpm>
              <Value>141</Value>
            </HeartRateBpm>
            <Extensions>
              <ns3:TPX>
                <ns3:Speed>1.940999984741211</ns3:Speed>
                <ns3:RunCadence>82</ns3:RunCadence>
              </ns3:TPX>
            </Extensions>
          </Trackpoint>
          <Trackpoint>
            <Time>2026-06-21T06:30:55.000Z</Time>
            <Position>
              <LatitudeDegrees>50.648050820454955</LatitudeDegrees>
              <LongitudeDegrees>3.0469194520264864</LongitudeDegrees>
            </Position>
            <AltitudeMeters>17.399999618530273</AltitudeMeters>
            <DistanceMeters>3506.0400390625</DistanceMeters>
            <HeartRateBpm>
              <Value>141</Value>
            </HeartRateBpm>
            <Extensions>
              <ns3:TPX>
                <ns3:Speed>1.940999984741211</ns3:Speed>
                <ns3:RunCadence>84</ns3:RunCadence>
              </ns3:TPX>
            </Extensions>
          </Trackpoint>
          <Trackpoint>
            <Time>2026-06-21T06:30:58.000Z</Time>
            <Position>
              <LatitudeDegrees>50.64799181185663</LatitudeDegrees>
              <LongitudeDegrees>3.0468949768692255</LongitudeDegrees>
            </Position>
            <AltitudeMeters>18.0</AltitudeMeters>
            <DistanceMeters>3512.77001953125</DistanceMeters>
            <HeartRateBpm>
              <Value>143</Value>
            </HeartRateBpm>
            <Extensions>
              <ns3:TPX>
                <ns3:Speed>1.9500000476837158</ns3:Speed>
                <ns3:RunCadence>83</ns3:RunCadence>
              </ns3:TPX>
            </Extensions>
          </Trackpoint>
          <Trackpoint>
            <Time>2026-06-21T06:30:59.000Z</Time>
            <Position>
              <LatitudeDegrees>50.647986866533756</LatitudeDegrees>
              <LongitudeDegrees>3.046879218891263</LongitudeDegrees>
            </Position>
            <AltitudeMeters>18.200000762939453</AltitudeMeters>
            <DistanceMeters>3513.840087890625</DistanceMeters>
            <HeartRateBpm>
              <Value>143</Value>
            </HeartRateBpm>
            <Extensions>
              <ns3:TPX>
                <ns3:Speed>1.968999981880188</ns3:Speed>
                <ns3:RunCadence>83</ns3:RunCadence>
              </ns3:TPX>
            </Extensions>
          </Trackpoint>
          <Trackpoint>
            <Time>2026-06-21T06:33:05.000Z</Time>
            <Position>
              <LatitudeDegrees>50.6479571107775</LatitudeDegrees>
              <LongitudeDegrees>3.046536650508642</LongitudeDegrees>
            </Position>
            <AltitudeMeters>14.800000190734863</AltitudeMeters>
            <DistanceMeters>3513.840087890625</DistanceMeters>
            <HeartRateBpm>
              <Value>99</Value>
            </HeartRateBpm>
            <Extensions>
              <ns3:TPX>
                <ns3:Speed>0.0</ns3:Speed>
                <ns3:RunCadence>0</ns3:RunCadence>
              </ns3:TPX>
            </Extensions>
          </Trackpoint>
          <Trackpoint>
            <Time>2026-06-21T06:33:06.000Z</Time>
            <Position>
              <LatitudeDegrees>50.647943364456296</LatitudeDegrees>
              <LongitudeDegrees>3.046516450121999</LongitudeDegrees>
            </Position>
            <AltitudeMeters>14.800000190734863</AltitudeMeters>
            <DistanceMeters>3515.860107421875</DistanceMeters>
            <HeartRateBpm>
              <Value>99</Value>
            </HeartRateBpm>
            <Extensions>
              <ns3:TPX>
                <ns3:Speed>0.0</ns3:Speed>
                <ns3:RunCadence>0</ns3:RunCadence>
              </ns3:TPX>
            </Extensions>
          </Trackpoint>
          <Trackpoint>
            <Time>2026-06-21T06:33:17.000Z</Time>
            <Position>
              <LatitudeDegrees>50.64780564978719</LatitudeDegrees>
              <LongitudeDegrees>3.046255689114332</LongitudeDegrees>
            </Position>
            <AltitudeMeters>14.600000381469727</AltitudeMeters>
            <DistanceMeters>3515.860107421875</DistanceMeters>
            <HeartRateBpm>
              <Value>104</Value>
            </HeartRateBpm>
            <Extensions>
              <ns3:TPX>
                <ns3:Speed>1.8660000562667847</ns3:Speed>
                <ns3:RunCadence>86</ns3:RunCadence>
              </ns3:TPX>
            </Extensions>
          </Trackpoint>
          <Trackpoint>
            <Time>2026-06-21T06:33:20.000Z</Time>
            <Position>
              <LatitudeDegrees>50.64775577746332</LatitudeDegrees>
              <LongitudeDegrees>3.046177066862583</LongitudeDegrees>
            </Position>
            <AltitudeMeters>14.399999618530273</AltitudeMeters>
            <DistanceMeters>3523.7099609375</DistanceMeters>
            <HeartRateBpm>
              <Value>107</Value>
            </HeartRateBpm>
            <Extensions>
              <ns3:TPX>
                <ns3:Speed>2.193000078201294</ns3:Speed>
                <ns3:RunCadence>85</ns3:RunCadence>
              </ns3:TPX>
            </Extensions>
          </Trackpoint>
          <Trackpoint>
            <Time>2026-06-21T06:33:24.000Z</Time>
            <Position>
              <LatitudeDegrees>50.64770674332976</LatitudeDegrees>
              <LongitudeDegrees>3.04607137106359</LongitudeDegrees>
            </Position>
            <AltitudeMeters>14.199999809265137</AltitudeMeters>
            <DistanceMeters>3532.9599609375</DistanceMeters>
            <HeartRateBpm>
              <Value>110</Value>
            </HeartRateBpm>
            <Extensions>
              <ns3:TPX>
                <ns3:Speed>2.3510000705718994</ns3:Speed>
                <ns3:RunCadence>84</ns3:RunCadence>
              </ns3:TPX>
            </Extensions>
          </Trackpoint>
          <Trackpoint>
            <Time>2026-06-21T06:33:27.000Z</Time>
            <Position>
              <LatitudeDegrees>50.64767003059387</LatitudeDegrees>
              <LongitudeDegrees>3.045988893136382</LongitudeDegrees>
            </Position>
            <AltitudeMeters>14.199999809265137</AltitudeMeters>
            <DistanceMeters>3540.090087890625</DistanceMeters>
            <HeartRateBpm>
              <Value>112</Value>
            </HeartRateBpm>
            <Extensions>
              <ns3:TPX>
                <ns3:Speed>2.378999948501587</ns3:Speed>
                <ns3:RunCadence>84</ns3:RunCadence>
              </ns3:TPX>
            </Extensions>
          </Trackpoint>
          <Trackpoint>
            <Time>2026-06-21T06:33:30.000Z</Time>
            <Position>
              <LatitudeDegrees>50.647638933733106</LatitudeDegrees>
              <LongitudeDegrees>3.045908845961094</LongitudeDegrees>
            </Position>
            <AltitudeMeters>14.199999809265137</AltitudeMeters>
            <DistanceMeters>3546.68994140625</DistanceMeters>
            <HeartRateBpm>
              <Value>115</Value>
            </HeartRateBpm>
            <Extensions>
              <ns3:TPX>
                <ns3:Speed>2.378999948501587</ns3:Speed>
                <ns3:RunCadence>84</ns3:RunCadence>
              </ns3:TPX>
            </Extensions>
          </Trackpoint>
          <Trackpoint>
            <Time>2026-06-21T06:33:34.000Z</Time>
            <Position>
              <LatitudeDegrees>50.64758889377117</LatitudeDegrees>
              <LongitudeDegrees>3.04579040966928</LongitudeDegrees>
            </Position>
            <AltitudeMeters>14.199999809265137</AltitudeMeters>
            <DistanceMeters>3556.72998046875</DistanceMeters>
            <HeartRateBpm>
              <Value>118</Value>
            </HeartRateBpm>
            <Extensions>
              <ns3:TPX>
                <ns3:Speed>2.3329999446868896</ns3:Speed>
                <ns3:RunCadence>84</ns3:RunCadence>
              </ns3:TPX>
            </Extensions>
          </Trackpoint>
          <Trackpoint>
            <Time>2026-06-21T06:33:37.000Z</Time>
            <Position>
              <LatitudeDegrees>50.64755209721625</LatitudeDegrees>
              <LongitudeDegrees>3.0456989631056786</LongitudeDegrees>
            </Position>
            <AltitudeMeters>14.199999809265137</AltitudeMeters>
            <DistanceMeters>3564.409912109375</DistanceMeters>
            <HeartRateBpm>
              <Value>119</Value>
            </HeartRateBpm>
            <Extensions>
              <ns3:TPX>
                <ns3:Speed>2.2950000762939453</ns3:Speed>
                <ns3:RunCadence>85</ns3:RunCadence>
              </ns3:TPX>
            </Extensions>
          </Trackpoint>
          <Trackpoint>
            <Time>2026-06-21T06:33:43.000Z</Time>
            <Position>
              <LatitudeDegrees>50.64746920019388</LatitudeDegrees>
              <LongitudeDegrees>3.045525625348091</LongitudeDegrees>
            </Position>
            <AltitudeMeters>14.399999618530273</AltitudeMeters>
            <DistanceMeters>3579.840087890625</DistanceMeters>
            <HeartRateBpm>
              <Value>122</Value>
            </HeartRateBpm>
            <Extensions>
              <ns3:TPX>
                <ns3:Speed>2.322999954223633</ns3:Speed>
                <ns3:RunCadence>83</ns3:RunCadence>
              </ns3:TPX>
            </Extensions>
          </Trackpoint>
          <Trackpoint>
            <Time>2026-06-21T06:33:45.000Z</Time>
            <Position>
              <LatitudeDegrees>50.64744514413178</LatitudeDegrees>
              <LongitudeDegrees>3.0454627610743046</LongitudeDegrees>
            </Position>
            <AltitudeMeters>14.600000381469727</AltitudeMeters>
            <DistanceMeters>3585.02001953125</DistanceMeters>
            <HeartRateBpm>
              <Value>122</Value>
            </HeartRateBpm>
            <Extensions>
              <ns3:TPX>
                <ns3:Speed>2.3510000705718994</ns3:Speed>
                <ns3:RunCadence>82</ns3:RunCadence>
              </ns3:TPX>
            </Extensions>
          </Trackpoint>
          <Trackpoint>
            <Time>2026-06-21T06:33:54.000Z</Time>
            <Position>
              <LatitudeDegrees>50.647318325936794</LatitudeDegrees>
              <LongitudeDegrees>3.045236449688673</LongitudeDegrees>
            </Position>
            <AltitudeMeters>15.399999618530273</AltitudeMeters>
            <DistanceMeters>3606.260009765625</DistanceMeters>
            <HeartRateBpm>
              <Value>124</Value>
            </HeartRateBpm>
            <Extensions>
              <ns3:TPX>
                <ns3:Speed>2.3980000019073486</ns3:Speed>
                <ns3:RunCadence>84</ns3:RunCadence>
              </ns3:TPX>
            </Extensions>
          </Trackpoint>
          <Trackpoint>
            <Time>2026-06-21T06:33:55.000Z</Time>
            <Position>
              <LatitudeDegrees>50.64730483107269</LatitudeDegrees>
              <LongitudeDegrees>3.045248268172145</LongitudeDegrees>
            </Position>
            <AltitudeMeters>15.399999618530273</AltitudeMeters>
            <DistanceMeters>3607.590087890625</DistanceMeters>
            <HeartRateBpm>
              <Value>125</Value>
            </HeartRateBpm>
            <Extensions>
              <ns3:TPX>
                <ns3:Speed>2.3980000019073486</ns3:Speed>
                <ns3:RunCadence>84</ns3:RunCadence>
              </ns3:TPX>
            </Extensions>
          </Trackpoint>
          <Trackpoint>
            <Time>2026-06-21T06:33:59.000Z</Time>
            <Position>
              <LatitudeDegrees>50.64723903313279</LatitudeDegrees>
              <LongitudeDegrees>3.0453630164265633</LongitudeDegrees>
            </Position>
            <AltitudeMeters>15.600000381469727</AltitudeMeters>
            <DistanceMeters>3617.929931640625</DistanceMeters>
            <HeartRateBpm>
              <Value>127</Value>
            </HeartRateBpm>
            <Extensions>
              <ns3:TPX>
                <ns3:Speed>2.369999885559082</ns3:Speed>
                <ns3:RunCadence>85</ns3:RunCadence>
              </ns3:TPX>
            </Extensions>
          </Trackpoint>
          <Trackpoint>
            <Time>2026-06-21T06:34:06.000Z</Time>
            <Position>
              <LatitudeDegrees>50.647110203281045</LatitudeDegrees>
              <LongitudeDegrees>3.0454180855304003</LongitudeDegrees>
            </Position>
            <AltitudeMeters>15.800000190734863</AltitudeMeters>
            <DistanceMeters>3632.969970703125</DistanceMeters>
            <HeartRateBpm>
              <Value>130</Value>
            </HeartRateBpm>
            <Extensions>
              <ns3:TPX>
                <ns3:Speed>2.313999891281128</ns3:Speed>
                <ns3:RunCadence>83</ns3:RunCadence>
              </ns3:TPX>
            </Extensions>
          </Trackpoint>
          <Trackpoint>
            <Time>2026-06-21T06:34:11.000Z</Time>
            <Position>
              <LatitudeDegrees>50.64699411392212</LatitudeDegrees>
              <LongitudeDegrees>3.0454174149781466</LongitudeDegrees>
            </Position>
            <AltitudeMeters>15.600000381469727</AltitudeMeters>
            <DistanceMeters>3645.800048828125</DistanceMeters>
            <HeartRateBpm>
              <Value>131</Value>
            </HeartRateBpm>
            <Extensions>
              <ns3:TPX>
                <ns3:Speed>2.2769999504089355</ns3:Speed>
                <ns3:RunCadence>84</ns3:RunCadence>
              </ns3:TPX>
            </Extensions>
          </Trackpoint>
          <Trackpoint>
            <Time>2026-06-21T06:34:18.000Z</Time>
            <Position>
              <LatitudeDegrees>50.64682806842029</LatitudeDegrees>
              <LongitudeDegrees>3.045412302017212</LongitudeDegrees>
            </Position>
            <AltitudeMeters>15.600000381469727</AltitudeMeters>
            <DistanceMeters>3664.590087890625</DistanceMeters>
            <HeartRateBpm>
              <Value>133</Value>
            </HeartRateBpm>
            <Extensions>
              <ns3:TPX>
                <ns3:Speed>2.2669999599456787</ns3:Speed>
                <ns3:RunCadence>83</ns3:RunCadence>
              </ns3:TPX>
            </Extensions>
          </Trackpoint>
          <Trackpoint>
            <Time>2026-06-21T06:34:25.000Z</Time>
            <Position>
              <LatitudeDegrees>50.64667350612581</LatitudeDegrees>
              <LongitudeDegrees>3.0454153195023537</LongitudeDegrees>
            </Position>
            <AltitudeMeters>15.600000381469727</AltitudeMeters>
            <DistanceMeters>3681.610107421875</DistanceMeters>
            <HeartRateBpm>
              <Value>133</Value>
            </HeartRateBpm>
            <Extensions>
              <ns3:TPX>
                <ns3:Speed>2.2679998874664307</ns3:Speed>
                <ns3:RunCadence>83</ns3:RunCadence>
              </ns3:TPX>
            </Extensions>
          </Trackpoint>
          <Trackpoint>
            <Time>2026-06-21T06:34:31.000Z</Time>
            <Position>
              <LatitudeDegrees>50.646587843075395</LatitudeDegrees>
              <LongitudeDegrees>3.045430826023221</LongitudeDegrees>
            </Position>
            <AltitudeMeters>15.600000381469727</AltitudeMeters>
            <DistanceMeters>3691.219970703125</DistanceMeters>
            <HeartRateBpm>
              <Value>133</Value>
            </HeartRateBpm>
            <Extensions>
              <ns3:TPX>
                <ns3:Speed>2.249000072479248</ns3:Speed>
                <ns3:RunCadence>83</ns3:RunCadence>
              </ns3:TPX>
            </Extensions>
          </Trackpoint>
          <Trackpoint>
            <Time>2026-06-21T06:34:38.000Z</Time>
            <Position>
              <LatitudeDegrees>50.64647510647774</LatitudeDegrees>
              <LongitudeDegrees>3.0454709753394127</LongitudeDegrees>
            </Position>
            <AltitudeMeters>15.399999618530273</AltitudeMeters>
            <DistanceMeters>3704.139892578125</DistanceMeters>
            <HeartRateBpm>
              <Value>132</Value>
            </HeartRateBpm>
            <Extensions>
              <ns3:TPX>
                <ns3:Speed>2.0999999046325684</ns3:Speed>
                <ns3:RunCadence>82</ns3:RunCadence>
              </ns3:TPX>
            </Extensions>
          </Trackpoint>
          <Trackpoint>
            <Time>2026-06-21T06:34:46.000Z</Time>
            <Position>
              <LatitudeDegrees>50.646309312433004</LatitudeDegrees>
              <LongitudeDegrees>3.045525373890996</LongitudeDegrees>
            </Position>
            <AltitudeMeters>15.600000381469727</AltitudeMeters>
            <DistanceMeters>3723.0400390625</DistanceMeters>
            <HeartRateBpm>
              <Value>130</Value>
            </HeartRateBpm>
            <Extensions>
              <ns3:TPX>
                <ns3:Speed>1.8289999961853027</ns3:Speed>
                <ns3:RunCadence>83</ns3:RunCadence>
              </ns3:TPX>
            </Extensions>
          </Trackpoint>
          <Trackpoint>
            <Time>2026-06-21T06:34:52.000Z</Time>
            <Position>
              <LatitudeDegrees>50.64612097106874</LatitudeDegrees>
              <LongitudeDegrees>3.0455351807177067</LongitudeDegrees>
            </Position>
            <AltitudeMeters>15.600000381469727</AltitudeMeters>
            <DistanceMeters>3743.820068359375</DistanceMeters>
            <HeartRateBpm>
              <Value>129</Value>
            </HeartRateBpm>
            <Extensions>
              <ns3:TPX>
                <ns3:Speed>1.8849999904632568</ns3:Speed>
                <ns3:RunCadence>82</ns3:RunCadence>
              </ns3:TPX>
            </Extensions>
          </Trackpoint>
          <Trackpoint>
            <Time>2026-06-21T06:34:53.000Z</Time>
            <Position>
              <LatitudeDegrees>50.6460902094841</LatitudeDegrees>
              <LongitudeDegrees>3.045538952574134</LongitudeDegrees>
            </Position>
            <AltitudeMeters>15.600000381469727</AltitudeMeters>
            <DistanceMeters>3747.25</DistanceMeters>
            <HeartRateBpm>
              <Value>129</Value>
            </HeartRateBpm>
            <Extensions>
              <ns3:TPX>
                <ns3:Speed>1.9129999876022339</ns3:Speed>
                <ns3:RunCadence>83</ns3:RunCadence>
              </ns3:TPX>
            </Extensions>
          </Trackpoint>
          <Trackpoint>
            <Time>2026-06-21T06:34:59.000Z</Time>
            <Position>
              <LatitudeDegrees>50.645972695201635</LatitudeDegrees>
              <LongitudeDegrees>3.045591590926051</LongitudeDegrees>
            </Position>
            <AltitudeMeters>15.800000190734863</AltitudeMeters>
            <DistanceMeters>3761.1201171875</DistanceMeters>
            <HeartRateBpm>
              <Value>130</Value>
            </HeartRateBpm>
            <Extensions>
              <ns3:TPX>
                <ns3:Speed>1.968999981880188</ns3:Speed>
                <ns3:RunCadence>84</ns3:RunCadence>
              </ns3:TPX>
            </Extensions>
          </Trackpoint>
          <Trackpoint>
            <Time>2026-06-21T06:35:07.000Z</Time>
            <Position>
              <LatitudeDegrees>50.64578326418996</LatitudeDegrees>
              <LongitudeDegrees>3.0456127133220434</LongitudeDegrees>
            </Position>
            <AltitudeMeters>15.800000190734863</AltitudeMeters>
            <DistanceMeters>3782.27001953125</DistanceMeters>
            <HeartRateBpm>
              <Value>130</Value>
            </HeartRateBpm>
            <Extensions>
              <ns3:TPX>
                <ns3:Speed>1.996999979019165</ns3:Speed>
                <ns3:RunCadence>82</ns3:RunCadence>
              </ns3:TPX>
            </Extensions>
          </Trackpoint>
          <Trackpoint>
            <Time>2026-06-21T06:35:09.000Z</Time>
            <Position>
              <LatitudeDegrees>50.64573255367577</LatitudeDegrees>
              <LongitudeDegrees>3.0455923452973366</LongitudeDegrees>
            </Position>
            <AltitudeMeters>15.800000190734863</AltitudeMeters>
            <DistanceMeters>3787.949951171875</DistanceMeters>
            <HeartRateBpm>
              <Value>130</Value>
            </HeartRateBpm>
            <Extensions>
              <ns3:TPX>
                <ns3:Speed>2.071000099182129</ns3:Speed>
                <ns3:RunCadence>82</ns3:RunCadence>
              </ns3:TPX>
            </Extensions>
          </Trackpoint>
          <Trackpoint>
            <Time>2026-06-21T06:35:10.000Z</Time>
            <Position>
              <LatitudeDegrees>50.64570908434689</LatitudeDegrees>
              <LongitudeDegrees>3.0456003081053495</LongitudeDegrees>
            </Position>
            <AltitudeMeters>15.800000190734863</AltitudeMeters>
            <DistanceMeters>3790.6201171875</DistanceMeters>
            <HeartRateBpm>
              <Value>130</Value>
            </HeartRateBpm>
            <Extensions>
              <ns3:TPX>
                <ns3:Speed>2.0899999141693115</ns3:Speed>
                <ns3:RunCadence>82</ns3:RunCadence>
              </ns3:TPX>
            </Extensions>
          </Trackpoint>
          <Trackpoint>
            <Time>2026-06-21T06:35:15.000Z</Time>
            <Position>
              <LatitudeDegrees>50.645587630569935</LatitudeDegrees>
              <LongitudeDegrees>3.045649593695998</LongitudeDegrees>
            </Position>
            <AltitudeMeters>16.0</AltitudeMeters>
            <DistanceMeters>3804.35009765625</DistanceMeters>
            <HeartRateBpm>
              <Value>130</Value>
            </HeartRateBpm>
            <Extensions>
              <ns3:TPX>
                <ns3:Speed>2.118000030517578</ns3:Speed>
                <ns3:RunCadence>83</ns3:RunCadence>
              </ns3:TPX>
            </Extensions>
          </Trackpoint>
          <Trackpoint>
            <Time>2026-06-21T06:35:24.000Z</Time>
            <Position>
              <LatitudeDegrees>50.64543591812253</LatitudeDegrees>
              <LongitudeDegrees>3.0456775054335594</LongitudeDegrees>
            </Position>
            <AltitudeMeters>16.399999618530273</AltitudeMeters>
            <DistanceMeters>3821.18994140625</DistanceMeters>
            <HeartRateBpm>
              <Value>131</Value>
            </HeartRateBpm>
            <Extensions>
              <ns3:TPX>
                <ns3:Speed>2.0989999771118164</ns3:Speed>
                <ns3:RunCadence>83</ns3:RunCadence>
              </ns3:TPX>
            </Extensions>
          </Trackpoint>
          <Trackpoint>
            <Time>2026-06-21T06:35:32.000Z</Time>
            <Position>
              <LatitudeDegrees>50.64525989815593</LatitudeDegrees>
              <LongitudeDegrees>3.0457172356545925</LongitudeDegrees>
            </Position>
            <AltitudeMeters>16.200000762939453</AltitudeMeters>
            <DistanceMeters>3840.8701171875</DistanceMeters>
            <HeartRateBpm>
              <Value>131</Value>
            </HeartRateBpm>
            <Extensions>
              <ns3:TPX>
                <ns3:Speed>2.0810000896453857</ns3:Speed>
                <ns3:RunCadence>82</ns3:RunCadence>
              </ns3:TPX>
            </Extensions>
          </Trackpoint>
          <Trackpoint>
            <Time>2026-06-21T06:35:40.000Z</Time>
            <Position>
              <LatitudeDegrees>50.64506845548749</LatitudeDegrees>
              <LongitudeDegrees>3.045812789350748</LongitudeDegrees>
            </Position>
            <AltitudeMeters>16.200000762939453</AltitudeMeters>
            <DistanceMeters>3863.340087890625</DistanceMeters>
            <HeartRateBpm>
              <Value>131</Value>
            </HeartRateBpm>
            <Extensions>
              <ns3:TPX>
                <ns3:Speed>2.193000078201294</ns3:Speed>
                <ns3:RunCadence>83</ns3:RunCadence>
              </ns3:TPX>
            </Extensions>
          </Trackpoint>
          <Trackpoint>
            <Time>2026-06-21T06:35:47.000Z</Time>
            <Position>
              <LatitudeDegrees>50.6449107080698</LatitudeDegrees>
              <LongitudeDegrees>3.0458509270101786</LongitudeDegrees>
            </Position>
            <AltitudeMeters>16.200000762939453</AltitudeMeters>
            <DistanceMeters>3881.090087890625</DistanceMeters>
            <HeartRateBpm>
              <Value>131</Value>
            </HeartRateBpm>
            <Extensions>
              <ns3:TPX>
                <ns3:Speed>2.257999897003174</ns3:Speed>
                <ns3:RunCadence>83</ns3:RunCadence>
              </ns3:TPX>
            </Extensions>
          </Trackpoint>
          <Trackpoint>
            <Time>2026-06-21T06:35:53.000Z</Time>
            <Position>
              <LatitudeDegrees>50.644808700308204</LatitudeDegrees>
              <LongitudeDegrees>3.045781943947077</LongitudeDegrees>
            </Position>
            <AltitudeMeters>16.399999618530273</AltitudeMeters>
            <DistanceMeters>3894.800048828125</DistanceMeters>
            <HeartRateBpm>
              <Value>131</Value>
            </HeartRateBpm>
            <Extensions>
              <ns3:TPX>
                <ns3:Speed>2.3329999446868896</ns3:Speed>
                <ns3:RunCadence>82</ns3:RunCadence>
              </ns3:TPX>
            </Extensions>
          </Trackpoint>
          <Trackpoint>
            <Time>2026-06-21T06:36:01.000Z</Time>
            <Position>
              <LatitudeDegrees>50.64472949132323</LatitudeDegrees>
              <LongitudeDegrees>3.0455419700592756</LongitudeDegrees>
            </Position>
            <AltitudeMeters>16.399999618530273</AltitudeMeters>
            <DistanceMeters>3914.35009765625</DistanceMeters>
            <HeartRateBpm>
              <Value>131</Value>
            </HeartRateBpm>
            <Extensions>
              <ns3:TPX>
                <ns3:Speed>2.500999927520752</ns3:Speed>
                <ns3:RunCadence>81</ns3:RunCadence>
              </ns3:TPX>
            </Extensions>
          </Trackpoint>
          <Trackpoint>
            <Time>2026-06-21T06:36:06.000Z</Time>
            <Position>
              <LatitudeDegrees>50.64472647383809</LatitudeDegrees>
              <LongitudeDegrees>3.045400818809867</LongitudeDegrees>
            </Position>
            <AltitudeMeters>16.399999618530273</AltitudeMeters>
            <DistanceMeters>3924.3701171875</DistanceMeters>
            <HeartRateBpm>
              <Value>130</Value>
            </HeartRateBpm>
            <Extensions>
              <ns3:TPX>
                <ns3:Speed>2.3889999389648438</ns3:Speed>
                <ns3:RunCadence>82</ns3:RunCadence>
              </ns3:TPX>
            </Extensions>
          </Trackpoint>
          <Trackpoint>
            <Time>2026-06-21T06:36:07.000Z</Time>
            <Position>
              <LatitudeDegrees>50.64472999423742</LatitudeDegrees>
              <LongitudeDegrees>3.0453779362142086</LongitudeDegrees>
            </Position>
            <AltitudeMeters>16.399999618530273</AltitudeMeters>
            <DistanceMeters>3925.909912109375</DistanceMeters>
            <HeartRateBpm>
              <Value>131</Value>
            </HeartRateBpm>
            <Extensions>
              <ns3:TPX>
                <ns3:Speed>2.369999885559082</ns3:Speed>
                <ns3:RunCadence>82</ns3:RunCadence>
              </ns3:TPX>
            </Extensions>
          </Trackpoint>
          <Trackpoint>
            <Time>2026-06-21T06:36:14.000Z</Time>
            <Position>
              <LatitudeDegrees>50.64476008526981</LatitudeDegrees>
              <LongitudeDegrees>3.0451269820332527</LongitudeDegrees>
            </Position>
            <AltitudeMeters>16.600000381469727</AltitudeMeters>
            <DistanceMeters>3943.72998046875</DistanceMeters>
            <HeartRateBpm>
              <Value>131</Value>
            </HeartRateBpm>
            <Extensions>
              <ns3:TPX>
                <ns3:Speed>2.313999891281128</ns3:Speed>
                <ns3:RunCadence>81</ns3:RunCadence>
              </ns3:TPX>
            </Extensions>
          </Trackpoint>
          <Trackpoint>
            <Time>2026-06-21T06:36:21.000Z</Time>
            <Position>
              <LatitudeDegrees>50.644750194624066</LatitudeDegrees>
              <LongitudeDegrees>3.0448160972446203</LongitudeDegrees>
            </Position>
            <AltitudeMeters>16.600000381469727</AltitudeMeters>
            <DistanceMeters>3965.820068359375</DistanceMeters>
            <HeartRateBpm>
              <Value>131</Value>
            </HeartRateBpm>
            <Extensions>
              <ns3:TPX>
                <ns3:Speed>2.3510000705718994</ns3:Speed>
                <ns3:RunCadence>81</ns3:RunCadence>
              </ns3:TPX>
            </Extensions>
          </Trackpoint>
          <Trackpoint>
            <Time>2026-06-21T06:36:25.000Z</Time>
            <Position>
              <LatitudeDegrees>50.64475229009986</LatitudeDegrees>
              <LongitudeDegrees>3.0447415821254253</LongitudeDegrees>
            </Position>
            <AltitudeMeters>17.0</AltitudeMeters>
            <DistanceMeters>3971.179931640625</DistanceMeters>
            <HeartRateBpm>
              <Value>131</Value>
            </HeartRateBpm>
            <Extensions>
              <ns3:TPX>
                <ns3:Speed>2.369999885559082</ns3:Speed>
                <ns3:RunCadence>82</ns3:RunCadence>
              </ns3:TPX>
            </Extensions>
          </Trackpoint>
          <Trackpoint>
            <Time>2026-06-21T06:36:28.000Z</Time>
            <Position>
              <LatitudeDegrees>50.64477056264877</LatitudeDegrees>
              <LongitudeDegrees>3.044659523293376</LongitudeDegrees>
            </Position>
            <AltitudeMeters>17.0</AltitudeMeters>
            <DistanceMeters>3977.340087890625</DistanceMeters>
            <HeartRateBpm>
              <Value>131</Value>
            </HeartRateBpm>
            <Extensions>
              <ns3:TPX>
                <ns3:Speed>2.2950000762939453</ns3:Speed>
                <ns3:RunCadence>82</ns3:RunCadence>
              </ns3:TPX>
            </Extensions>
          </Trackpoint>
          <Trackpoint>
            <Time>2026-06-21T06:36:35.000Z</Time>
            <Position>
              <LatitudeDegrees>50.64478715881705</LatitudeDegrees>
              <LongitudeDegrees>3.0444279313087463</LongitudeDegrees>
            </Position>
            <AltitudeMeters>17.799999237060547</AltitudeMeters>
            <DistanceMeters>3993.780029296875</DistanceMeters>
            <HeartRateBpm>
              <Value>132</Value>
            </HeartRateBpm>
            <Extensions>
              <ns3:TPX>
                <ns3:Speed>2.313999891281128</ns3:Speed>
                <ns3:RunCadence>83</ns3:RunCadence>
              </ns3:TPX>
            </Extensions>
          </Trackpoint>
          <Trackpoint>
            <Time>2026-06-21T06:36:38.000Z</Time>
            <Position>
              <LatitudeDegrees>50.644797552376986</LatitudeDegrees>
              <LongitudeDegrees>3.044337658211589</LongitudeDegrees>
            </Position>
            <AltitudeMeters>18.0</AltitudeMeters>
            <DistanceMeters>4000.280029296875</DistanceMeters>
            <HeartRateBpm>
              <Value>133</Value>
            </HeartRateBpm>
            <Extensions>
              <ns3:TPX>
                <ns3:Speed>2.313999891281128</ns3:Speed>
                <ns3:RunCadence>82</ns3:RunCadence>
              </ns3:TPX>
            </Extensions>
          </Trackpoint>
          <Trackpoint>
            <Time>2026-06-21T06:36:42.000Z</Time>
            <Position>
              <LatitudeDegrees>50.644764360040426</LatitudeDegrees>
              <LongitudeDegrees>3.0441796593368053</LongitudeDegrees>
            </Position>
            <AltitudeMeters>18.200000762939453</AltitudeMeters>
            <DistanceMeters>4011.169921875</DistanceMeters>
            <HeartRateBpm>
              <Value>134</Value>
            </HeartRateBpm>
            <Extensions>
              <ns3:TPX>
                <ns3:Speed>2.2860000133514404</ns3:Speed>
                <ns3:RunCadence>82</ns3:RunCadence>
              </ns3:TPX>
            </Extensions>
          </Trackpoint>
          <Trackpoint>
            <Time>2026-06-21T06:36:49.000Z</Time>
            <Position>
              <LatitudeDegrees>50.64470526762307</LatitudeDegrees>
              <LongitudeDegrees>3.0439937487244606</LongitudeDegrees>
            </Position>
            <AltitudeMeters>18.600000381469727</AltitudeMeters>
            <DistanceMeters>4026.110107421875</DistanceMeters>
            <HeartRateBpm>
              <Value>136</Value>
            </HeartRateBpm>
            <Extensions>
              <ns3:TPX>
                <ns3:Speed>2.2209999561309814</ns3:Speed>
                <ns3:RunCadence>82</ns3:RunCadence>
              </ns3:TPX>
            </Extensions>
          </Trackpoint>
          <Trackpoint>
            <Time>2026-06-21T06:36:56.000Z</Time>
            <Position>
              <LatitudeDegrees>50.64460041001439</LatitudeDegrees>
              <LongitudeDegrees>3.043820159509778</LongitudeDegrees>
            </Position>
            <AltitudeMeters>18.600000381469727</AltitudeMeters>
            <DistanceMeters>4043.0400390625</DistanceMeters>
            <HeartRateBpm>
              <Value>139</Value>
            </HeartRateBpm>
            <Extensions>
              <ns3:TPX>
                <ns3:Speed>2.305000066757202</ns3:Speed>
                <ns3:RunCadence>82</ns3:RunCadence>
              </ns3:TPX>
            </Extensions>
          </Trackpoint>
          <Trackpoint>
            <Time>2026-06-21T06:36:59.000Z</Time>
            <Position>
              <LatitudeDegrees>50.644579622894526</LatitudeDegrees>
              <LongitudeDegrees>3.0437296349555254</LongitudeDegrees>
            </Position>
            <AltitudeMeters>18.600000381469727</AltitudeMeters>
            <DistanceMeters>4049.8798828125</DistanceMeters>
            <HeartRateBpm>
              <Value>139</Value>
            </HeartRateBpm>
            <Extensions>
              <ns3:TPX>
                <ns3:Speed>2.322999954223633</ns3:Speed>
                <ns3:RunCadence>82</ns3:RunCadence>
              </ns3:TPX>
            </Extensions>
          </Trackpoint>
          <Trackpoint>
            <Time>2026-06-21T06:37:06.000Z</Time>
            <Position>
              <LatitudeDegrees>50.644623041152954</LatitudeDegrees>
              <LongitudeDegrees>3.043518830090761</LongitudeDegrees>
            </Position>
            <AltitudeMeters>18.399999618530273</AltitudeMeters>
            <DistanceMeters>4065.5</DistanceMeters>
            <HeartRateBpm>
              <Value>140</Value>
            </HeartRateBpm>
            <Extensions>
              <ns3:TPX>
                <ns3:Speed>2.3239998817443848</ns3:Speed>
                <ns3:RunCadence>81</ns3:RunCadence>
              </ns3:TPX>
            </Extensions>
          </Trackpoint>
          <Trackpoint>
            <Time>2026-06-21T06:37:14.000Z</Time>
            <Position>
              <LatitudeDegrees>50.64468054100871</LatitudeDegrees>
              <LongitudeDegrees>3.043273827061057</LongitudeDegrees>
            </Position>
            <AltitudeMeters>17.600000381469727</AltitudeMeters>
            <DistanceMeters>4083.969970703125</DistanceMeters>
            <HeartRateBpm>
              <Value>140</Value>
            </HeartRateBpm>
            <Extensions>
              <ns3:TPX>
                <ns3:Speed>2.3239998817443848</ns3:Speed>
                <ns3:RunCadence>82</ns3:RunCadence>
              </ns3:TPX>
            </Extensions>
          </Trackpoint>
          <Trackpoint>
            <Time>2026-06-21T06:37:22.000Z</Time>
            <Position>
              <LatitudeDegrees>50.64476503059268</LatitudeDegrees>
              <LongitudeDegrees>3.043020023033023</LongitudeDegrees>
            </Position>
            <AltitudeMeters>17.200000762939453</AltitudeMeters>
            <DistanceMeters>4104.1298828125</DistanceMeters>
            <HeartRateBpm>
              <Value>137</Value>
            </HeartRateBpm>
            <Extensions>
              <ns3:TPX>
                <ns3:Speed>2.369999885559082</ns3:Speed>
                <ns3:RunCadence>84</ns3:RunCadence>
              </ns3:TPX>
            </Extensions>
          </Trackpoint>
          <Trackpoint>
            <Time>2026-06-21T06:37:29.000Z</Time>
            <Position>
              <LatitudeDegrees>50.64480174332857</LatitudeDegrees>
              <LongitudeDegrees>3.042815336957574</LongitudeDegrees>
            </Position>
            <AltitudeMeters>17.200000762939453</AltitudeMeters>
            <DistanceMeters>4119.18994140625</DistanceMeters>
            <HeartRateBpm>
              <Value>134</Value>
            </HeartRateBpm>
            <Extensions>
              <ns3:TPX>
                <ns3:Speed>2.4079999923706055</ns3:Speed>
                <ns3:RunCadence>82</ns3:RunCadence>
              </ns3:TPX>
            </Extensions>
          </Trackpoint>
          <Trackpoint>
            <Time>2026-06-21T06:37:35.000Z</Time>
            <Position>
              <LatitudeDegrees>50.64488220959902</LatitudeDegrees>
              <LongitudeDegrees>3.0426240619271994</LongitudeDegrees>
            </Position>
            <AltitudeMeters>17.200000762939453</AltitudeMeters>
            <DistanceMeters>4135.2900390625</DistanceMeters>
            <HeartRateBpm>
              <Value>133</Value>
            </HeartRateBpm>
            <Extensions>
              <ns3:TPX>
                <ns3:Speed>2.4079999923706055</ns3:Speed>
                <ns3:RunCadence>81</ns3:RunCadence>
              </ns3:TPX>
            </Extensions>
          </Trackpoint>
          <Trackpoint>
            <Time>2026-06-21T06:37:42.000Z</Time>
            <Position>
              <LatitudeDegrees>50.644954796880484</LatitudeDegrees>
              <LongitudeDegrees>3.0424136761575937</LongitudeDegrees>
            </Position>
            <AltitudeMeters>17.200000762939453</AltitudeMeters>
            <DistanceMeters>4151.919921875</DistanceMeters>
            <HeartRateBpm>
              <Value>132</Value>
            </HeartRateBpm>
            <Extensions>
              <ns3:TPX>
                <ns3:Speed>2.3980000019073486</ns3:Speed>
                <ns3:RunCadence>81</ns3:RunCadence>
              </ns3:TPX>
            </Extensions>
          </Trackpoint>
          <Trackpoint>
            <Time>2026-06-21T06:37:49.000Z</Time>
            <Position>
              <LatitudeDegrees>50.645080441609025</LatitudeDegrees>
              <LongitudeDegrees>3.0423690006136894</LongitudeDegrees>
            </Position>
            <AltitudeMeters>17.799999237060547</AltitudeMeters>
            <DistanceMeters>4166.35986328125</DistanceMeters>
            <HeartRateBpm>
              <Value>132</Value>
            </HeartRateBpm>
            <Extensions>
              <ns3:TPX>
                <ns3:Speed>2.380000114440918</ns3:Speed>
                <ns3:RunCadence>80</ns3:RunCadence>
              </ns3:TPX>
            </Extensions>
          </Trackpoint>
          <Trackpoint>
            <Time>2026-06-21T06:37:57.000Z</Time>
            <Position>
              <LatitudeDegrees>50.64525352790952</LatitudeDegrees>
              <LongitudeDegrees>3.042369168251753</LongitudeDegrees>
            </Position>
            <AltitudeMeters>17.600000381469727</AltitudeMeters>
            <DistanceMeters>4185.8798828125</DistanceMeters>
            <HeartRateBpm>
              <Value>134</Value>
            </HeartRateBpm>
            <Extensions>
              <ns3:TPX>
                <ns3:Speed>2.3980000019073486</ns3:Speed>
                <ns3:RunCadence>82</ns3:RunCadence>
              </ns3:TPX>
            </Extensions>
          </Trackpoint>
          <Trackpoint>
            <Time>2026-06-21T06:38:04.000Z</Time>
            <Position>
              <LatitudeDegrees>50.64538654871285</LatitudeDegrees>
              <LongitudeDegrees>3.042345028370619</LongitudeDegrees>
            </Position>
            <AltitudeMeters>17.600000381469727</AltitudeMeters>
            <DistanceMeters>4200.7998046875</DistanceMeters>
            <HeartRateBpm>
              <Value>135</Value>
            </HeartRateBpm>
            <Extensions>
              <ns3:TPX>
                <ns3:Speed>2.3980000019073486</ns3:Speed>
                <ns3:RunCadence>81</ns3:RunCadence>
              </ns3:TPX>
            </Extensions>
          </Trackpoint>
          <Trackpoint>
            <Time>2026-06-21T06:38:11.000Z</Time>
            <Position>
              <LatitudeDegrees>50.645506996661425</LatitudeDegrees>
              <LongitudeDegrees>3.0422844272106886</LongitudeDegrees>
            </Position>
            <AltitudeMeters>18.200000762939453</AltitudeMeters>
            <DistanceMeters>4214.1298828125</DistanceMeters>
            <HeartRateBpm>
              <Value>136</Value>
            </HeartRateBpm>
            <Extensions>
              <ns3:TPX>
                <ns3:Speed>2.3329999446868896</ns3:Speed>
                <ns3:RunCadence>81</ns3:RunCadence>
              </ns3:TPX>
            </Extensions>
          </Trackpoint>
          <Trackpoint>
            <Time>2026-06-21T06:38:18.000Z</Time>
            <Position>
              <LatitudeDegrees>50.6456739641726</LatitudeDegrees>
              <LongitudeDegrees>3.0421931482851505</LongitudeDegrees>
            </Position>
            <AltitudeMeters>18.600000381469727</AltitudeMeters>
            <DistanceMeters>4232.7900390625</DistanceMeters>
            <HeartRateBpm>
              <Value>137</Value>
            </HeartRateBpm>
            <Extensions>
              <ns3:TPX>
                <ns3:Speed>2.2769999504089355</ns3:Speed>
                <ns3:RunCadence>82</ns3:RunCadence>
              </ns3:TPX>
            </Extensions>
          </Trackpoint>
          <Trackpoint>
            <Time>2026-06-21T06:38:26.000Z</Time>
            <Position>
              <LatitudeDegrees>50.645862221717834</LatitudeDegrees>
              <LongitudeDegrees>3.042254000902176</LongitudeDegrees>
            </Position>
            <AltitudeMeters>18.799999237060547</AltitudeMeters>
            <DistanceMeters>4254.52978515625</DistanceMeters>
            <HeartRateBpm>
              <Value>139</Value>
            </HeartRateBpm>
            <Extensions>
              <ns3:TPX>
                <ns3:Speed>2.3980000019073486</ns3:Speed>
                <ns3:RunCadence>81</ns3:RunCadence>
              </ns3:TPX>
            </Extensions>
          </Trackpoint>
          <Trackpoint>
            <Time>2026-06-21T06:38:33.000Z</Time>
            <Position>
              <LatitudeDegrees>50.645980490371585</LatitudeDegrees>
              <LongitudeDegrees>3.042426500469446</LongitudeDegrees>
            </Position>
            <AltitudeMeters>19.0</AltitudeMeters>
            <DistanceMeters>4272.490234375</DistanceMeters>
            <HeartRateBpm>
              <Value>139</Value>
            </HeartRateBpm>
            <Extensions>
              <ns3:TPX>
                <ns3:Speed>2.3889999389648438</ns3:Speed>
                <ns3:RunCadence>80</ns3:RunCadence>
              </ns3:TPX>
            </Extensions>
          </Trackpoint>
          <Trackpoint>
            <Time>2026-06-21T06:38:34.000Z</Time>
            <Position>
              <LatitudeDegrees>50.64600178040564</LatitudeDegrees>
              <LongitudeDegrees>3.0424629617482424</LongitudeDegrees>
            </Position>
            <AltitudeMeters>19.0</AltitudeMeters>
            <DistanceMeters>4276.0</DistanceMeters>
            <HeartRateBpm>
              <Value>139</Value>
            </HeartRateBpm>
            <Extensions>
              <ns3:TPX>
                <ns3:Speed>2.378999948501587</ns3:Speed>
                <ns3:RunCadence>80</ns3:RunCadence>
              </ns3:TPX>
            </Extensions>
          </Trackpoint>
          <Trackpoint>
            <Time>2026-06-21T06:38:41.000Z</Time>
            <Position>
              <LatitudeDegrees>50.646093897521496</LatitudeDegrees>
              <LongitudeDegrees>3.0426568351686</LongitudeDegrees>
            </Position>
            <AltitudeMeters>18.799999237060547</AltitudeMeters>
            <DistanceMeters>4293.1298828125</DistanceMeters>
            <HeartRateBpm>
              <Value>138</Value>
            </HeartRateBpm>
            <Extensions>
              <ns3:TPX>
                <ns3:Speed>2.378999948501587</ns3:Speed>
                <ns3:RunCadence>83</ns3:RunCadence>
              </ns3:TPX>
            </Extensions>
          </Trackpoint>
          <Trackpoint>
            <Time>2026-06-21T06:38:47.000Z</Time>
            <Position>
              <LatitudeDegrees>50.64617486670613</LatitudeDegrees>
              <LongitudeDegrees>3.0428322684019804</LongitudeDegrees>
            </Position>
            <AltitudeMeters>19.0</AltitudeMeters>
            <DistanceMeters>4308.330078125</DistanceMeters>
            <HeartRateBpm>
              <Value>138</Value>
            </HeartRateBpm>
            <Extensions>
              <ns3:TPX>
                <ns3:Speed>2.444999933242798</ns3:Speed>
                <ns3:RunCadence>82</ns3:RunCadence>
              </ns3:TPX>
            </Extensions>
          </Trackpoint>
          <Trackpoint>
            <Time>2026-06-21T06:38:48.000Z</Time>
            <Position>
              <LatitudeDegrees>50.64618903212249</LatitudeDegrees>
              <LongitudeDegrees>3.0428614374250174</LongitudeDegrees>
            </Position>
            <AltitudeMeters>19.0</AltitudeMeters>
            <DistanceMeters>4310.89990234375</DistanceMeters>
            <HeartRateBpm>
              <Value>138</Value>
            </HeartRateBpm>
            <Extensions>
              <ns3:TPX>
                <ns3:Speed>2.444999933242798</ns3:Speed>
                <ns3:RunCadence>82</ns3:RunCadence>
              </ns3:TPX>
            </Extensions>
          </Trackpoint>
          <Trackpoint>
            <Time>2026-06-21T06:38:57.000Z</Time>
            <Position>
              <LatitudeDegrees>50.64627285115421</LatitudeDegrees>
              <LongitudeDegrees>3.043093867599964</LongitudeDegrees>
            </Position>
            <AltitudeMeters>18.799999237060547</AltitudeMeters>
            <DistanceMeters>4329.830078125</DistanceMeters>
            <HeartRateBpm>
              <Value>137</Value>
            </HeartRateBpm>
            <Extensions>
              <ns3:TPX>
                <ns3:Speed>2.4070000648498535</ns3:Speed>
                <ns3:RunCadence>81</ns3:RunCadence>
              </ns3:TPX>
            </Extensions>
          </Trackpoint>
          <Trackpoint>
            <Time>2026-06-21T06:39:06.000Z</Time>
            <Position>
              <LatitudeDegrees>50.646386006847024</LatitudeDegrees>
              <LongitudeDegrees>3.043305343016982</LongitudeDegrees>
            </Position>
            <AltitudeMeters>18.0</AltitudeMeters>
            <DistanceMeters>4349.35986328125</DistanceMeters>
            <HeartRateBpm>
              <Value>136</Value>
            </HeartRateBpm>
            <Extensions>
              <ns3:TPX>
                <ns3:Speed>2.3329999446868896</ns3:Speed>
                <ns3:RunCadence>81</ns3:RunCadence>
              </ns3:TPX>
            </Extensions>
          </Trackpoint>
          <Trackpoint>
            <Time>2026-06-21T06:39:08.000Z</Time>
            <Position>
              <LatitudeDegrees>50.64641266129911</LatitudeDegrees>
              <LongitudeDegrees>3.0433658603578806</LongitudeDegrees>
            </Position>
            <AltitudeMeters>18.0</AltitudeMeters>
            <DistanceMeters>4354.56982421875</DistanceMeters>
            <HeartRateBpm>
              <Value>135</Value>
            </HeartRateBpm>
            <Extensions>
              <ns3:TPX>
                <ns3:Speed>2.313999891281128</ns3:Speed>
                <ns3:RunCadence>82</ns3:RunCadence>
              </ns3:TPX>
            </Extensions>
          </Trackpoint>
          <Trackpoint>
            <Time>2026-06-21T06:39:17.000Z</Time>
            <Position>
              <LatitudeDegrees>50.64654501155019</LatitudeDegrees>
              <LongitudeDegrees>3.0436049960553646</LongitudeDegrees>
            </Position>
            <AltitudeMeters>18.0</AltitudeMeters>
            <DistanceMeters>4376.7998046875</DistanceMeters>
            <HeartRateBpm>
              <Value>135</Value>
            </HeartRateBpm>
            <Extensions>
              <ns3:TPX>
                <ns3:Speed>2.2669999599456787</ns3:Speed>
                <ns3:RunCadence>81</ns3:RunCadence>
              </ns3:TPX>
            </Extensions>
          </Trackpoint>
          <Trackpoint>
            <Time>2026-06-21T06:39:19.000Z</Time>
            <Position>
              <LatitudeDegrees>50.64656839706004</LatitudeDegrees>
              <LongitudeDegrees>3.0436536110937595</LongitudeDegrees>
            </Position>
            <AltitudeMeters>18.0</AltitudeMeters>
            <DistanceMeters>4381.10986328125</DistanceMeters>
            <HeartRateBpm>
              <Value>135</Value>
            </HeartRateBpm>
            <Extensions>
              <ns3:TPX>
                <ns3:Speed>2.249000072479248</ns3:Speed>
                <ns3:RunCadence>82</ns3:RunCadence>
              </ns3:TPX>
            </Extensions>
          </Trackpoint>
          <Trackpoint>
            <Time>2026-06-21T06:39:27.000Z</Time>
            <Position>
              <LatitudeDegrees>50.646681720390916</LatitudeDegrees>
              <LongitudeDegrees>3.0438612308353186</LongitudeDegrees>
            </Position>
            <AltitudeMeters>18.0</AltitudeMeters>
            <DistanceMeters>4400.47021484375</DistanceMeters>
            <HeartRateBpm>
              <Value>134</Value>
            </HeartRateBpm>
            <Extensions>
              <ns3:TPX>
                <ns3:Speed>2.2109999656677246</ns3:Speed>
                <ns3:RunCadence>81</ns3:RunCadence>
              </ns3:TPX>
            </Extensions>
          </Trackpoint>
          <Trackpoint>
            <Time>2026-06-21T06:39:35.000Z</Time>
            <Position>
              <LatitudeDegrees>50.64679713919759</LatitudeDegrees>
              <LongitudeDegrees>3.044043453410268</LongitudeDegrees>
            </Position>
            <AltitudeMeters>18.0</AltitudeMeters>
            <DistanceMeters>4419.0400390625</DistanceMeters>
            <HeartRateBpm>
              <Value>134</Value>
            </HeartRateBpm>
            <Extensions>
              <ns3:TPX>
                <ns3:Speed>2.2109999656677246</ns3:Speed>
                <ns3:RunCadence>82</ns3:RunCadence>
              </ns3:TPX>
            </Extensions>
          </Trackpoint>
          <Trackpoint>
            <Time>2026-06-21T06:39:44.000Z</Time>
            <Position>
              <LatitudeDegrees>50.646905517205596</LatitudeDegrees>
              <LongitudeDegrees>3.044306058436632</LongitudeDegrees>
            </Position>
            <AltitudeMeters>18.0</AltitudeMeters>
            <DistanceMeters>4441.2099609375</DistanceMeters>
            <HeartRateBpm>
              <Value>135</Value>
            </HeartRateBpm>
            <Extensions>
              <ns3:TPX>
                <ns3:Speed>2.1740000247955322</ns3:Speed>
                <ns3:RunCadence>82</ns3:RunCadence>
              </ns3:TPX>
            </Extensions>
          </Trackpoint>
          <Trackpoint>
            <Time>2026-06-21T06:39:52.000Z</Time>
            <Position>
              <LatitudeDegrees>50.64695404842496</LatitudeDegrees>
              <LongitudeDegrees>3.0444926396012306</LongitudeDegrees>
            </Position>
            <AltitudeMeters>17.799999237060547</AltitudeMeters>
            <DistanceMeters>4455.4501953125</DistanceMeters>
            <HeartRateBpm>
              <Value>134</Value>
            </HeartRateBpm>
            <Extensions>
              <ns3:TPX>
                <ns3:Speed>2.1649999618530273</ns3:Speed>
                <ns3:RunCadence>82</ns3:RunCadence>
              </ns3:TPX>
            </Extensions>
          </Trackpoint>
          <Trackpoint>
            <Time>2026-06-21T06:39:59.000Z</Time>
            <Position>
              <LatitudeDegrees>50.64708589576185</LatitudeDegrees>
              <LongitudeDegrees>3.0447141733020544</LongitudeDegrees>
            </Position>
            <AltitudeMeters>17.600000381469727</AltitudeMeters>
            <DistanceMeters>4476.52001953125</DistanceMeters>
            <HeartRateBpm>
              <Value>134</Value>
            </HeartRateBpm>
            <Extensions>
              <ns3:TPX>
                <ns3:Speed>2.1459999084472656</ns3:Speed>
                <ns3:RunCadence>82</ns3:RunCadence>
              </ns3:TPX>
            </Extensions>
          </Trackpoint>
          <Trackpoint>
            <Time>2026-06-21T06:40:00.000Z</Time>
            <Position>
              <LatitudeDegrees>50.647101905196905</LatitudeDegrees>
              <LongitudeDegrees>3.0447491258382797</LongitudeDegrees>
            </Position>
            <AltitudeMeters>17.600000381469727</AltitudeMeters>
            <DistanceMeters>4479.56005859375</DistanceMeters>
            <HeartRateBpm>
              <Value>134</Value>
            </HeartRateBpm>
            <Extensions>
              <ns3:TPX>
                <ns3:Speed>2.1459999084472656</ns3:Speed>
                <ns3:RunCadence>82</ns3:RunCadence>
              </ns3:TPX>
            </Extensions>
          </Trackpoint>
          <Trackpoint>
            <Time>2026-06-21T06:40:07.000Z</Time>
            <Position>
              <LatitudeDegrees>50.64725051634014</LatitudeDegrees>
              <LongitudeDegrees>3.044931599870324</LongitudeDegrees>
            </Position>
            <AltitudeMeters>18.0</AltitudeMeters>
            <DistanceMeters>4499.58984375</DistanceMeters>
            <HeartRateBpm>
              <Value>133</Value>
            </HeartRateBpm>
            <Extensions>
              <ns3:TPX>
                <ns3:Speed>2.193000078201294</ns3:Speed>
                <ns3:RunCadence>81</ns3:RunCadence>
              </ns3:TPX>
            </Extensions>
          </Trackpoint>
          <Trackpoint>
            <Time>2026-06-21T06:40:09.000Z</Time>
            <Position>
              <LatitudeDegrees>50.64728454686701</LatitudeDegrees>
              <LongitudeDegrees>3.0449773650616407</LongitudeDegrees>
            </Position>
            <AltitudeMeters>18.0</AltitudeMeters>
            <DistanceMeters>4504.60009765625</DistanceMeters>
            <HeartRateBpm>
              <Value>133</Value>
            </HeartRateBpm>
            <Extensions>
              <ns3:TPX>
                <ns3:Speed>2.2019999027252197</ns3:Speed>
                <ns3:RunCadence>81</ns3:RunCadence>
              </ns3:TPX>
            </Extensions>
          </Trackpoint>
          <Trackpoint>
            <Time>2026-06-21T06:40:10.000Z</Time>
            <Position>
              <LatitudeDegrees>50.647302735596895</LatitudeDegrees>
              <LongitudeDegrees>3.045003265142441</LongitudeDegrees>
            </Position>
            <AltitudeMeters>18.0</AltitudeMeters>
            <DistanceMeters>4507.330078125</DistanceMeters>
            <HeartRateBpm>
              <Value>133</Value>
            </HeartRateBpm>
            <Extensions>
              <ns3:TPX>
                <ns3:Speed>2.2019999027252197</ns3:Speed>
                <ns3:RunCadence>81</ns3:RunCadence>
              </ns3:TPX>
            </Extensions>
          </Trackpoint>
          <Trackpoint>
            <Time>2026-06-21T06:40:17.000Z</Time>
            <Position>
              <LatitudeDegrees>50.647387728095055</LatitudeDegrees>
              <LongitudeDegrees>3.045204598456621</LongitudeDegrees>
            </Position>
            <AltitudeMeters>18.399999618530273</AltitudeMeters>
            <DistanceMeters>4524.5498046875</DistanceMeters>
            <HeartRateBpm>
              <Value>134</Value>
            </HeartRateBpm>
            <Extensions>
              <ns3:TPX>
                <ns3:Speed>2.193000078201294</ns3:Speed>
                <ns3:RunCadence>81</ns3:RunCadence>
              </ns3:TPX>
            </Extensions>
          </Trackpoint>
          <Trackpoint>
            <Time>2026-06-21T06:40:18.000Z</Time>
            <Position>
              <LatitudeDegrees>50.64739870838821</LatitudeDegrees>
              <LongitudeDegrees>3.0452253855764866</LongitudeDegrees>
            </Position>
            <AltitudeMeters>18.399999618530273</AltitudeMeters>
            <DistanceMeters>4526.4501953125</DistanceMeters>
            <HeartRateBpm>
              <Value>134</Value>
            </HeartRateBpm>
            <Extensions>
              <ns3:TPX>
                <ns3:Speed>2.2019999027252197</ns3:Speed>
                <ns3:RunCadence>81</ns3:RunCadence>
              </ns3:TPX>
            </Extensions>
          </Trackpoint>
          <Trackpoint>
            <Time>2026-06-21T06:40:24.000Z</Time>
            <Position>
              <LatitudeDegrees>50.647482108324766</LatitudeDegrees>
              <LongitudeDegrees>3.045364022254944</LongitudeDegrees>
            </Position>
            <AltitudeMeters>18.200000762939453</AltitudeMeters>
            <DistanceMeters>4539.8798828125</DistanceMeters>
            <HeartRateBpm>
              <Value>134</Value>
            </HeartRateBpm>
            <Extensions>
              <ns3:TPX>
                <ns3:Speed>2.2019999027252197</ns3:Speed>
                <ns3:RunCadence>82</ns3:RunCadence>
              </ns3:TPX>
            </Extensions>
          </Trackpoint>
          <Trackpoint>
            <Time>2026-06-21T06:40:30.000Z</Time>
            <Position>
              <LatitudeDegrees>50.64755519852042</LatitudeDegrees>
              <LongitudeDegrees>3.045565439388156</LongitudeDegrees>
            </Position>
            <AltitudeMeters>17.600000381469727</AltitudeMeters>
            <DistanceMeters>4556.18994140625</DistanceMeters>
            <HeartRateBpm>
              <Value>135</Value>
            </HeartRateBpm>
            <Extensions>
              <ns3:TPX>
                <ns3:Speed>2.249000072479248</ns3:Speed>
                <ns3:RunCadence>84</ns3:RunCadence>
              </ns3:TPX>
            </Extensions>
          </Trackpoint>
          <Trackpoint>
            <Time>2026-06-21T06:40:36.000Z</Time>
            <Position>
              <LatitudeDegrees>50.64762460067868</LatitudeDegrees>
              <LongitudeDegrees>3.04576157592237</LongitudeDegrees>
            </Position>
            <AltitudeMeters>17.399999618530273</AltitudeMeters>
            <DistanceMeters>4572.06982421875</DistanceMeters>
            <HeartRateBpm>
              <Value>134</Value>
            </HeartRateBpm>
            <Extensions>
              <ns3:TPX>
                <ns3:Speed>2.3889999389648438</ns3:Speed>
                <ns3:RunCadence>83</ns3:RunCadence>
              </ns3:TPX>
            </Extensions>
          </Trackpoint>
          <Trackpoint>
            <Time>2026-06-21T06:40:44.000Z</Time>
            <Position>
              <LatitudeDegrees>50.64770649187267</LatitudeDegrees>
              <LongitudeDegrees>3.04599124006927</LongitudeDegrees>
            </Position>
            <AltitudeMeters>17.399999618530273</AltitudeMeters>
            <DistanceMeters>4590.830078125</DistanceMeters>
            <HeartRateBpm>
              <Value>133</Value>
            </HeartRateBpm>
            <Extensions>
              <ns3:TPX>
                <ns3:Speed>2.5380001068115234</ns3:Speed>
                <ns3:RunCadence>82</ns3:RunCadence>
              </ns3:TPX>
            </Extensions>
          </Trackpoint>
          <Trackpoint>
            <Time>2026-06-21T06:40:51.000Z</Time>
            <Position>
              <LatitudeDegrees>50.647793328389525</LatitudeDegrees>
              <LongitudeDegrees>3.0461692716926336</LongitudeDegrees>
            </Position>
            <AltitudeMeters>17.600000381469727</AltitudeMeters>
            <DistanceMeters>4606.740234375</DistanceMeters>
            <HeartRateBpm>
              <Value>133</Value>
            </HeartRateBpm>
            <Extensions>
              <ns3:TPX>
                <ns3:Speed>2.444999933242798</ns3:Speed>
                <ns3:RunCadence>82</ns3:RunCadence>
              </ns3:TPX>
            </Extensions>
          </Trackpoint>
          <Trackpoint>
            <Time>2026-06-21T06:40:57.000Z</Time>
            <Position>
              <LatitudeDegrees>50.64787304028869</LatitudeDegrees>
              <LongitudeDegrees>3.0463179666548967</LongitudeDegrees>
            </Position>
            <AltitudeMeters>17.799999237060547</AltitudeMeters>
            <DistanceMeters>4620.5</DistanceMeters>
            <HeartRateBpm>
              <Value>133</Value>
            </HeartRateBpm>
            <Extensions>
              <ns3:TPX>
                <ns3:Speed>2.509999990463257</ns3:Speed>
                <ns3:RunCadence>82</ns3:RunCadence>
              </ns3:TPX>
            </Extensions>
          </Trackpoint>
          <Trackpoint>
            <Time>2026-06-21T06:41:06.000Z</Time>
            <Position>
              <LatitudeDegrees>50.64797722734511</LatitudeDegrees>
              <LongitudeDegrees>3.046568837016821</LongitudeDegrees>
            </Position>
            <AltitudeMeters>18.0</AltitudeMeters>
            <DistanceMeters>4641.93994140625</DistanceMeters>
            <HeartRateBpm>
              <Value>131</Value>
            </HeartRateBpm>
            <Extensions>
              <ns3:TPX>
                <ns3:Speed>2.565999984741211</ns3:Speed>
                <ns3:RunCadence>80</ns3:RunCadence>
              </ns3:TPX>
            </Extensions>
          </Trackpoint>
          <Trackpoint>
            <Time>2026-06-21T06:41:07.000Z</Time>
            <Position>
              <LatitudeDegrees>50.64798125065863</LatitudeDegrees>
              <LongitudeDegrees>3.046603035181761</LongitudeDegrees>
            </Position>
            <AltitudeMeters>18.0</AltitudeMeters>
            <DistanceMeters>4644.35986328125</DistanceMeters>
            <HeartRateBpm>
              <Value>131</Value>
            </HeartRateBpm>
            <Extensions>
              <ns3:TPX>
                <ns3:Speed>2.565999984741211</ns3:Speed>
                <ns3:RunCadence>80</ns3:RunCadence>
              </ns3:TPX>
            </Extensions>
          </Trackpoint>
          <Trackpoint>
            <Time>2026-06-21T06:41:15.000Z</Time>
            <Position>
              <LatitudeDegrees>50.6479846034199</LatitudeDegrees>
              <LongitudeDegrees>3.0468254908919334</LongitudeDegrees>
            </Position>
            <AltitudeMeters>18.0</AltitudeMeters>
            <DistanceMeters>4660.419921875</DistanceMeters>
            <HeartRateBpm>
              <Value>131</Value>
            </HeartRateBpm>
            <Extensions>
              <ns3:TPX>
                <ns3:Speed>2.556999921798706</ns3:Speed>
                <ns3:RunCadence>81</ns3:RunCadence>
              </ns3:TPX>
            </Extensions>
          </Trackpoint>
          <Trackpoint>
            <Time>2026-06-21T06:41:20.000Z</Time>
            <Position>
              <LatitudeDegrees>50.64805626869202</LatitudeDegrees>
              <LongitudeDegrees>3.046859186142683</LongitudeDegrees>
            </Position>
            <AltitudeMeters>18.200000762939453</AltitudeMeters>
            <DistanceMeters>4668.759765625</DistanceMeters>
            <HeartRateBpm>
              <Value>131</Value>
            </HeartRateBpm>
            <Extensions>
              <ns3:TPX>
                <ns3:Speed>2.0250000953674316</ns3:Speed>
                <ns3:RunCadence>80</ns3:RunCadence>
              </ns3:TPX>
            </Extensions>
          </Trackpoint>
          <Trackpoint>
            <Time>2026-06-21T06:41:26.000Z</Time>
            <Position>
              <LatitudeDegrees>50.64817897975445</LatitudeDegrees>
              <LongitudeDegrees>3.046887516975403</LongitudeDegrees>
            </Position>
            <AltitudeMeters>16.799999237060547</AltitudeMeters>
            <DistanceMeters>4682.58984375</DistanceMeters>
            <HeartRateBpm>
              <Value>131</Value>
            </HeartRateBpm>
            <Extensions>
              <ns3:TPX>
                <ns3:Speed>2.239000082015991</ns3:Speed>
                <ns3:RunCadence>85</ns3:RunCadence>
              </ns3:TPX>
            </Extensions>
          </Trackpoint>
          <Trackpoint>
            <Time>2026-06-21T06:41:33.000Z</Time>
            <Position>
              <LatitudeDegrees>50.64831309020519</LatitudeDegrees>
              <LongitudeDegrees>3.0469082202762365</LongitudeDegrees>
            </Position>
            <AltitudeMeters>15.800000190734863</AltitudeMeters>
            <DistanceMeters>4697.35009765625</DistanceMeters>
            <HeartRateBpm>
              <Value>130</Value>
            </HeartRateBpm>
            <Extensions>
              <ns3:TPX>
                <ns3:Speed>2.3610000610351562</ns3:Speed>
                <ns3:RunCadence>82</ns3:RunCadence>
              </ns3:TPX>
            </Extensions>
          </Trackpoint>
          <Trackpoint>
            <Time>2026-06-21T06:41:34.000Z</Time>
            <Position>
              <LatitudeDegrees>50.648342091590166</LatitudeDegrees>
              <LongitudeDegrees>3.046928672119975</LongitudeDegrees>
            </Position>
            <AltitudeMeters>15.600000381469727</AltitudeMeters>
            <DistanceMeters>4700.8701171875</DistanceMeters>
            <HeartRateBpm>
              <Value>130</Value>
            </HeartRateBpm>
            <Extensions>
              <ns3:TPX>
                <ns3:Speed>2.3610000610351562</ns3:Speed>
                <ns3:RunCadence>81</ns3:RunCadence>
              </ns3:TPX>
            </Extensions>
          </Trackpoint>
          <Trackpoint>
            <Time>2026-06-21T06:41:36.000Z</Time>
            <Position>
              <LatitudeDegrees>50.64839296974242</LatitudeDegrees>
              <LongitudeDegrees>3.046954069286585</LongitudeDegrees>
            </Position>
            <AltitudeMeters>15.600000381469727</AltitudeMeters>
            <DistanceMeters>4706.58984375</DistanceMeters>
            <HeartRateBpm>
              <Value>129</Value>
            </HeartRateBpm>
            <Extensions>
              <ns3:TPX>
                <ns3:Speed>2.3610000610351562</ns3:Speed>
                <ns3:RunCadence>82</ns3:RunCadence>
              </ns3:TPX>
            </Extensions>
          </Trackpoint>
          <Trackpoint>
            <Time>2026-06-21T06:41:43.000Z</Time>
            <Position>
              <LatitudeDegrees>50.64851467497647</LatitudeDegrees>
              <LongitudeDegrees>3.047093879431486</LongitudeDegrees>
            </Position>
            <AltitudeMeters>15.800000190734863</AltitudeMeters>
            <DistanceMeters>4723.43017578125</DistanceMeters>
            <HeartRateBpm>
              <Value>128</Value>
            </HeartRateBpm>
            <Extensions>
              <ns3:TPX>
                <ns3:Speed>2.2860000133514404</ns3:Speed>
                <ns3:RunCadence>82</ns3:RunCadence>
              </ns3:TPX>
            </Extensions>
          </Trackpoint>
          <Trackpoint>
            <Time>2026-06-21T06:41:44.000Z</Time>
            <Position>
              <LatitudeDegrees>50.64852054230869</LatitudeDegrees>
              <LongitudeDegrees>3.0471114814281464</LongitudeDegrees>
            </Position>
            <AltitudeMeters>16.0</AltitudeMeters>
            <DistanceMeters>4724.830078125</DistanceMeters>
            <HeartRateBpm>
              <Value>128</Value>
            </HeartRateBpm>
            <Extensions>
              <ns3:TPX>
                <ns3:Speed>2.2669999599456787</ns3:Speed>
                <ns3:RunCadence>82</ns3:RunCadence>
              </ns3:TPX>
            </Extensions>
          </Trackpoint>
          <Trackpoint>
            <Time>2026-06-21T06:41:49.000Z</Time>
            <Position>
              <LatitudeDegrees>50.64862187951803</LatitudeDegrees>
              <LongitudeDegrees>3.0471765249967575</LongitudeDegrees>
            </Position>
            <AltitudeMeters>16.200000762939453</AltitudeMeters>
            <DistanceMeters>4737.02001953125</DistanceMeters>
            <HeartRateBpm>
              <Value>128</Value>
            </HeartRateBpm>
            <Extensions>
              <ns3:TPX>
                <ns3:Speed>2.2209999561309814</ns3:Speed>
                <ns3:RunCadence>82</ns3:RunCadence>
              </ns3:TPX>
            </Extensions>
          </Trackpoint>
          <Trackpoint>
            <Time>2026-06-21T06:41:51.000Z</Time>
            <Position>
              <LatitudeDegrees>50.648654736578465</LatitudeDegrees>
              <LongitudeDegrees>3.0472129862755537</LongitudeDegrees>
            </Position>
            <AltitudeMeters>16.200000762939453</AltitudeMeters>
            <DistanceMeters>4741.580078125</DistanceMeters>
            <HeartRateBpm>
              <Value>128</Value>
            </HeartRateBpm>
            <Extensions>
              <ns3:TPX>
                <ns3:Speed>2.2769999504089355</ns3:Speed>
                <ns3:RunCadence>83</ns3:RunCadence>
              </ns3:TPX>
            </Extensions>
          </Trackpoint>
          <Trackpoint>
            <Time>2026-06-21T06:41:53.000Z</Time>
            <Position>
              <LatitudeDegrees>50.64867074601352</LatitudeDegrees>
              <LongitudeDegrees>3.0472503695636988</LongitudeDegrees>
            </Position>
            <AltitudeMeters>16.200000762939453</AltitudeMeters>
            <DistanceMeters>4744.47021484375</DistanceMeters>
            <HeartRateBpm>
              <Value>128</Value>
            </HeartRateBpm>
            <Extensions>
              <ns3:TPX>
                <ns3:Speed>2.2869999408721924</ns3:Speed>
                <ns3:RunCadence>84</ns3:RunCadence>
              </ns3:TPX>
            </Extensions>
          </Trackpoint>
          <Trackpoint>
            <Time>2026-06-21T06:41:55.000Z</Time>
            <Position>
              <LatitudeDegrees>50.64867845736444</LatitudeDegrees>
              <LongitudeDegrees>3.0472911056131124</LongitudeDegrees>
            </Position>
            <AltitudeMeters>16.0</AltitudeMeters>
            <DistanceMeters>4747.27978515625</DistanceMeters>
            <HeartRateBpm>
              <Value>128</Value>
            </HeartRateBpm>
            <Extensions>
              <ns3:TPX>
                <ns3:Speed>2.2869999408721924</ns3:Speed>
                <ns3:RunCadence>83</ns3:RunCadence>
              </ns3:TPX>
            </Extensions>
          </Trackpoint>
          <Trackpoint>
            <Time>2026-06-21T06:42:01.000Z</Time>
            <Position>
              <LatitudeDegrees>50.64873453229666</LatitudeDegrees>
              <LongitudeDegrees>3.047463856637478</LongitudeDegrees>
            </Position>
            <AltitudeMeters>15.199999809265137</AltitudeMeters>
            <DistanceMeters>4760.990234375</DistanceMeters>
            <HeartRateBpm>
              <Value>128</Value>
            </HeartRateBpm>
            <Extensions>
              <ns3:TPX>
                <ns3:Speed>2.1559998989105225</ns3:Speed>
                <ns3:RunCadence>83</ns3:RunCadence>
              </ns3:TPX>
            </Extensions>
          </Trackpoint>
          <Trackpoint>
            <Time>2026-06-21T06:42:08.000Z</Time>
            <Position>
              <LatitudeDegrees>50.648827739059925</LatitudeDegrees>
              <LongitudeDegrees>3.047703243792057</LongitudeDegrees>
            </Position>
            <AltitudeMeters>15.0</AltitudeMeters>
            <DistanceMeters>4780.89990234375</DistanceMeters>
            <HeartRateBpm>
              <Value>128</Value>
            </HeartRateBpm>
            <Extensions>
              <ns3:TPX>
                <ns3:Speed>2.240000009536743</ns3:Speed>
                <ns3:RunCadence>81</ns3:RunCadence>
              </ns3:TPX>
            </Extensions>
          </Trackpoint>
          <Trackpoint>
            <Time>2026-06-21T06:42:15.000Z</Time>
            <Position>
              <LatitudeDegrees>50.64893846400082</LatitudeDegrees>
              <LongitudeDegrees>3.0479655135422945</LongitudeDegrees>
            </Position>
            <AltitudeMeters>14.800000190734863</AltitudeMeters>
            <DistanceMeters>4803.14990234375</DistanceMeters>
            <HeartRateBpm>
              <Value>128</Value>
            </HeartRateBpm>
            <Extensions>
              <ns3:TPX>
                <ns3:Speed>2.4170000553131104</ns3:Speed>
                <ns3:RunCadence>82</ns3:RunCadence>
              </ns3:TPX>
            </Extensions>
          </Trackpoint>
          <Trackpoint>
            <Time>2026-06-21T06:42:23.000Z</Time>
            <Position>
              <LatitudeDegrees>50.64905731938779</LatitudeDegrees>
              <LongitudeDegrees>3.048199452459812</LongitudeDegrees>
            </Position>
            <AltitudeMeters>14.800000190734863</AltitudeMeters>
            <DistanceMeters>4824.2998046875</DistanceMeters>
            <HeartRateBpm>
              <Value>128</Value>
            </HeartRateBpm>
            <Extensions>
              <ns3:TPX>
                <ns3:Speed>2.5199999809265137</ns3:Speed>
                <ns3:RunCadence>82</ns3:RunCadence>
              </ns3:TPX>
            </Extensions>
          </Trackpoint>
          <Trackpoint>
            <Time>2026-06-21T06:42:24.000Z</Time>
            <Position>
              <LatitudeDegrees>50.649067126214504</LatitudeDegrees>
              <LongitudeDegrees>3.0482282862067223</LongitudeDegrees>
            </Position>
            <AltitudeMeters>14.800000190734863</AltitudeMeters>
            <DistanceMeters>4826.60986328125</DistanceMeters>
            <HeartRateBpm>
              <Value>128</Value>
            </HeartRateBpm>
            <Extensions>
              <ns3:TPX>
                <ns3:Speed>2.5290000438690186</ns3:Speed>
                <ns3:RunCadence>82</ns3:RunCadence>
              </ns3:TPX>
            </Extensions>
          </Trackpoint>
          <Trackpoint>
            <Time>2026-06-21T06:42:27.000Z</Time>
            <Position>
              <LatitudeDegrees>50.6491019949317</LatitudeDegrees>
              <LongitudeDegrees>3.048319900408387</LongitudeDegrees>
            </Position>
            <AltitudeMeters>14.800000190734863</AltitudeMeters>
            <DistanceMeters>4834.18017578125</DistanceMeters>
            <HeartRateBpm>
              <Value>129</Value>
            </HeartRateBpm>
            <Extensions>
              <ns3:TPX>
                <ns3:Speed>2.5380001068115234</ns3:Speed>
                <ns3:RunCadence>83</ns3:RunCadence>
              </ns3:TPX>
            </Extensions>
          </Trackpoint>
          <Trackpoint>
            <Time>2026-06-21T06:42:29.000Z</Time>
            <Position>
              <LatitudeDegrees>50.6491260509938</LatitudeDegrees>
              <LongitudeDegrees>3.048387374728918</LongitudeDegrees>
            </Position>
            <AltitudeMeters>14.600000381469727</AltitudeMeters>
            <DistanceMeters>4839.6201171875</DistanceMeters>
            <HeartRateBpm>
              <Value>129</Value>
            </HeartRateBpm>
            <Extensions>
              <ns3:TPX>
                <ns3:Speed>2.5480000972747803</ns3:Speed>
                <ns3:RunCadence>82</ns3:RunCadence>
              </ns3:TPX>
            </Extensions>
          </Trackpoint>
          <Trackpoint>
            <Time>2026-06-21T06:42:37.000Z</Time>
            <Position>
              <LatitudeDegrees>50.64923937432468</LatitudeDegrees>
              <LongitudeDegrees>3.048619218170643</LongitudeDegrees>
            </Position>
            <AltitudeMeters>14.800000190734863</AltitudeMeters>
            <DistanceMeters>4860.240234375</DistanceMeters>
            <HeartRateBpm>
              <Value>130</Value>
            </HeartRateBpm>
            <Extensions>
              <ns3:TPX>
                <ns3:Speed>2.5290000438690186</ns3:Speed>
                <ns3:RunCadence>81</ns3:RunCadence>
              </ns3:TPX>
            </Extensions>
          </Trackpoint>
          <Trackpoint>
            <Time>2026-06-21T06:42:43.000Z</Time>
            <Position>
              <LatitudeDegrees>50.649305088445544</LatitudeDegrees>
              <LongitudeDegrees>3.0487954895943403</LongitudeDegrees>
            </Position>
            <AltitudeMeters>14.399999618530273</AltitudeMeters>
            <DistanceMeters>4874.64990234375</DistanceMeters>
            <HeartRateBpm>
              <Value>131</Value>
            </HeartRateBpm>
            <Extensions>
              <ns3:TPX>
                <ns3:Speed>2.5480000972747803</ns3:Speed>
                <ns3:RunCadence>82</ns3:RunCadence>
              </ns3:TPX>
            </Extensions>
          </Trackpoint>
          <Trackpoint>
            <Time>2026-06-21T06:42:52.000Z</Time>
            <Position>
              <LatitudeDegrees>50.64939477480948</LatitudeDegrees>
              <LongitudeDegrees>3.049082737416029</LongitudeDegrees>
            </Position>
            <AltitudeMeters>14.399999618530273</AltitudeMeters>
            <DistanceMeters>4897.259765625</DistanceMeters>
            <HeartRateBpm>
              <Value>131</Value>
            </HeartRateBpm>
            <Extensions>
              <ns3:TPX>
                <ns3:Speed>2.5759999752044678</ns3:Speed>
                <ns3:RunCadence>82</ns3:RunCadence>
              </ns3:TPX>
            </Extensions>
          </Trackpoint>
          <Trackpoint>
            <Time>2026-06-21T06:42:53.000Z</Time>
            <Position>
              <LatitudeDegrees>50.64940374344587</LatitudeDegrees>
              <LongitudeDegrees>3.04911064915359</LongitudeDegrees>
            </Position>
            <AltitudeMeters>14.600000381469727</AltitudeMeters>
            <DistanceMeters>4899.4599609375</DistanceMeters>
            <HeartRateBpm>
              <Value>131</Value>
            </HeartRateBpm>
            <Extensions>
              <ns3:TPX>
                <ns3:Speed>2.575000047683716</ns3:Speed>
                <ns3:RunCadence>81</ns3:RunCadence>
              </ns3:TPX>
            </Extensions>
          </Trackpoint>
          <Trackpoint>
            <Time>2026-06-21T06:43:01.000Z</Time>
            <Position>
              <LatitudeDegrees>50.649488652125</LatitudeDegrees>
              <LongitudeDegrees>3.049307791516185</LongitudeDegrees>
            </Position>
            <AltitudeMeters>14.399999618530273</AltitudeMeters>
            <DistanceMeters>4916.33984375</DistanceMeters>
            <HeartRateBpm>
              <Value>132</Value>
            </HeartRateBpm>
            <Extensions>
              <ns3:TPX>
                <ns3:Speed>2.565999984741211</ns3:Speed>
                <ns3:RunCadence>82</ns3:RunCadence>
              </ns3:TPX>
            </Extensions>
          </Trackpoint>
          <Trackpoint>
            <Time>2026-06-21T06:43:10.000Z</Time>
            <Position>
              <LatitudeDegrees>50.649616811424494</LatitudeDegrees>
              <LongitudeDegrees>3.0495282355695963</LongitudeDegrees>
            </Position>
            <AltitudeMeters>14.0</AltitudeMeters>
            <DistanceMeters>4937.4599609375</DistanceMeters>
            <HeartRateBpm>
              <Value>133</Value>
            </HeartRateBpm>
            <Extensions>
              <ns3:TPX>
                <ns3:Speed>2.4820001125335693</ns3:Speed>
                <ns3:RunCadence>83</ns3:RunCadence>
              </ns3:TPX>
            </Extensions>
          </Trackpoint>
          <Trackpoint>
            <Time>2026-06-21T06:43:11.000Z</Time>
            <Position>
              <LatitudeDegrees>50.64963223412633</LatitudeDegrees>
              <LongitudeDegrees>3.049552207812667</LongitudeDegrees>
            </Position>
            <AltitudeMeters>14.0</AltitudeMeters>
            <DistanceMeters>4939.8701171875</DistanceMeters>
            <HeartRateBpm>
              <Value>134</Value>
            </HeartRateBpm>
            <Extensions>
              <ns3:TPX>
                <ns3:Speed>2.4820001125335693</ns3:Speed>
                <ns3:RunCadence>83</ns3:RunCadence>
              </ns3:TPX>
            </Extensions>
          </Trackpoint>
          <Trackpoint>
            <Time>2026-06-21T06:43:21.000Z</Time>
            <Position>
              <LatitudeDegrees>50.64976022578776</LatitudeDegrees>
              <LongitudeDegrees>3.049779273569584</LongitudeDegrees>
            </Position>
            <AltitudeMeters>14.0</AltitudeMeters>
            <DistanceMeters>4961.27001953125</DistanceMeters>
            <HeartRateBpm>
              <Value>136</Value>
            </HeartRateBpm>
            <Extensions>
              <ns3:TPX>
                <ns3:Speed>2.444999933242798</ns3:Speed>
                <ns3:RunCadence>81</ns3:RunCadence>
              </ns3:TPX>
            </Extensions>
          </Trackpoint>
          <Trackpoint>
            <Time>2026-06-21T06:43:27.000Z</Time>
            <Position>
              <LatitudeDegrees>50.649838177487254</LatitudeDegrees>
              <LongitudeDegrees>3.04990416392684</LongitudeDegrees>
            </Position>
            <AltitudeMeters>14.0</AltitudeMeters>
            <DistanceMeters>4973.72021484375</DistanceMeters>
            <HeartRateBpm>
              <Value>136</Value>
            </HeartRateBpm>
            <Extensions>
              <ns3:TPX>
                <ns3:Speed>2.3980000019073486</ns3:Speed>
                <ns3:RunCadence>82</ns3:RunCadence>
              </ns3:TPX>
            </Extensions>
          </Trackpoint>
          <Trackpoint>
            <Time>2026-06-21T06:43:34.000Z</Time>
            <Position>
              <LatitudeDegrees>50.64994169399142</LatitudeDegrees>
              <LongitudeDegrees>3.050115220248699</LongitudeDegrees>
            </Position>
            <AltitudeMeters>14.0</AltitudeMeters>
            <DistanceMeters>4992.580078125</DistanceMeters>
            <HeartRateBpm>
              <Value>134</Value>
            </HeartRateBpm>
            <Extensions>
              <ns3:TPX>
                <ns3:Speed>2.3610000610351562</ns3:Speed>
                <ns3:RunCadence>81</ns3:RunCadence>
              </ns3:TPX>
            </Extensions>
          </Trackpoint>
          <Trackpoint>
            <Time>2026-06-21T06:43:42.000Z</Time>
            <Position>
              <LatitudeDegrees>50.65006080083549</LatitudeDegrees>
              <LongitudeDegrees>3.0503536853939295</LongitudeDegrees>
            </Position>
            <AltitudeMeters>14.0</AltitudeMeters>
            <DistanceMeters>5014.009765625</DistanceMeters>
            <HeartRateBpm>
              <Value>135</Value>
            </HeartRateBpm>
            <Extensions>
              <ns3:TPX>
                <ns3:Speed>2.378999948501587</ns3:Speed>
                <ns3:RunCadence>81</ns3:RunCadence>
              </ns3:TPX>
            </Extensions>
          </Trackpoint>
          <Trackpoint>
            <Time>2026-06-21T06:43:43.000Z</Time>
            <Position>
              <LatitudeDegrees>50.650079576298594</LatitudeDegrees>
              <LongitudeDegrees>3.0503795854747295</LongitudeDegrees>
            </Position>
            <AltitudeMeters>14.0</AltitudeMeters>
            <DistanceMeters>5016.77001953125</DistanceMeters>
            <HeartRateBpm>
              <Value>135</Value>
            </HeartRateBpm>
            <Extensions>
              <ns3:TPX>
                <ns3:Speed>2.378999948501587</ns3:Speed>
                <ns3:RunCadence>81</ns3:RunCadence>
              </ns3:TPX>
            </Extensions>
          </Trackpoint>
          <Trackpoint>
            <Time>2026-06-21T06:43:51.000Z</Time>
            <Position>
              <LatitudeDegrees>50.65019533038139</LatitudeDegrees>
              <LongitudeDegrees>3.0506043042987585</LongitudeDegrees>
            </Position>
            <AltitudeMeters>13.800000190734863</AltitudeMeters>
            <DistanceMeters>5037.16015625</DistanceMeters>
            <HeartRateBpm>
              <Value>136</Value>
            </HeartRateBpm>
            <Extensions>
              <ns3:TPX>
                <ns3:Speed>2.4170000553131104</ns3:Speed>
                <ns3:RunCadence>83</ns3:RunCadence>
              </ns3:TPX>
            </Extensions>
          </Trackpoint>
          <Trackpoint>
            <Time>2026-06-21T06:43:55.000Z</Time>
            <Position>
              <LatitudeDegrees>50.65026682801545</LatitudeDegrees>
              <LongitudeDegrees>3.0507002770900726</LongitudeDegrees>
            </Position>
            <AltitudeMeters>13.600000381469727</AltitudeMeters>
            <DistanceMeters>5047.6201171875</DistanceMeters>
            <HeartRateBpm>
              <Value>136</Value>
            </HeartRateBpm>
            <Extensions>
              <ns3:TPX>
                <ns3:Speed>2.434999942779541</ns3:Speed>
                <ns3:RunCadence>82</ns3:RunCadence>
              </ns3:TPX>
            </Extensions>
          </Trackpoint>
          <Trackpoint>
            <Time>2026-06-21T06:44:02.000Z</Time>
            <Position>
              <LatitudeDegrees>50.6503919698298</LatitudeDegrees>
              <LongitudeDegrees>3.0508810747414827</LongitudeDegrees>
            </Position>
            <AltitudeMeters>13.600000381469727</AltitudeMeters>
            <DistanceMeters>5066.5400390625</DistanceMeters>
            <HeartRateBpm>
              <Value>134</Value>
            </HeartRateBpm>
            <Extensions>
              <ns3:TPX>
                <ns3:Speed>2.4539999961853027</ns3:Speed>
                <ns3:RunCadence>82</ns3:RunCadence>
              </ns3:TPX>
            </Extensions>
          </Trackpoint>
          <Trackpoint>
            <Time>2026-06-21T06:44:10.000Z</Time>
            <Position>
              <LatitudeDegrees>50.65052356570959</LatitudeDegrees>
              <LongitudeDegrees>3.051084168255329</LongitudeDegrees>
            </Position>
            <AltitudeMeters>13.600000381469727</AltitudeMeters>
            <DistanceMeters>5087.080078125</DistanceMeters>
            <HeartRateBpm>
              <Value>133</Value>
            </HeartRateBpm>
            <Extensions>
              <ns3:TPX>
                <ns3:Speed>2.500999927520752</ns3:Speed>
                <ns3:RunCadence>82</ns3:RunCadence>
              </ns3:TPX>
            </Extensions>
          </Trackpoint>
          <Trackpoint>
            <Time>2026-06-21T06:44:11.000Z</Time>
            <Position>
              <LatitudeDegrees>50.65053756348789</LatitudeDegrees>
              <LongitudeDegrees>3.051108056679368</LongitudeDegrees>
            </Position>
            <AltitudeMeters>13.600000381469727</AltitudeMeters>
            <DistanceMeters>5089.3701171875</DistanceMeters>
            <HeartRateBpm>
              <Value>133</Value>
            </HeartRateBpm>
            <Extensions>
              <ns3:TPX>
                <ns3:Speed>2.500999927520752</ns3:Speed>
                <ns3:RunCadence>81</ns3:RunCadence>
              </ns3:TPX>
            </Extensions>
          </Trackpoint>
          <Trackpoint>
            <Time>2026-06-21T06:44:20.000Z</Time>
            <Position>
              <LatitudeDegrees>50.65068198367953</LatitudeDegrees>
              <LongitudeDegrees>3.051317101344466</LongitudeDegrees>
            </Position>
            <AltitudeMeters>13.600000381469727</AltitudeMeters>
            <DistanceMeters>5111.240234375</DistanceMeters>
            <HeartRateBpm>
              <Value>134</Value>
            </HeartRateBpm>
            <Extensions>
              <ns3:TPX>
                <ns3:Speed>2.5190000534057617</ns3:Speed>
                <ns3:RunCadence>81</ns3:RunCadence>
              </ns3:TPX>
            </Extensions>
          </Trackpoint>
          <Trackpoint>
            <Time>2026-06-21T06:44:28.000Z</Time>
            <Position>
              <LatitudeDegrees>50.65079731866717</LatitudeDegrees>
              <LongitudeDegrees>3.051521200686693</LongitudeDegrees>
            </Position>
            <AltitudeMeters>13.600000381469727</AltitudeMeters>
            <DistanceMeters>5130.56005859375</DistanceMeters>
            <HeartRateBpm>
              <Value>134</Value>
            </HeartRateBpm>
            <Extensions>
              <ns3:TPX>
                <ns3:Speed>2.5290000438690186</ns3:Speed>
                <ns3:RunCadence>82</ns3:RunCadence>
              </ns3:TPX>
            </Extensions>
          </Trackpoint>
          <Trackpoint>
            <Time>2026-06-21T06:44:35.000Z</Time>
            <Position>
              <LatitudeDegrees>50.65088708885014</LatitudeDegrees>
              <LongitudeDegrees>3.051694706082344</LongitudeDegrees>
            </Position>
            <AltitudeMeters>13.600000381469727</AltitudeMeters>
            <DistanceMeters>5146.3798828125</DistanceMeters>
            <HeartRateBpm>
              <Value>133</Value>
            </HeartRateBpm>
            <Extensions>
              <ns3:TPX>
                <ns3:Speed>2.5380001068115234</ns3:Speed>
                <ns3:RunCadence>82</ns3:RunCadence>
              </ns3:TPX>
            </Extensions>
          </Trackpoint>
          <Trackpoint>
            <Time>2026-06-21T06:44:41.000Z</Time>
            <Position>
              <LatitudeDegrees>50.65098004415631</LatitudeDegrees>
              <LongitudeDegrees>3.051818422973156</LongitudeDegrees>
            </Position>
            <AltitudeMeters>13.600000381469727</AltitudeMeters>
            <DistanceMeters>5160.0</DistanceMeters>
            <HeartRateBpm>
              <Value>133</Value>
            </HeartRateBpm>
            <Extensions>
              <ns3:TPX>
                <ns3:Speed>2.5190000534057617</ns3:Speed>
                <ns3:RunCadence>81</ns3:RunCadence>
              </ns3:TPX>
            </Extensions>
          </Trackpoint>
          <Trackpoint>
            <Time>2026-06-21T06:44:50.000Z</Time>
            <Position>
              <LatitudeDegrees>50.651127230376005</LatitudeDegrees>
              <LongitudeDegrees>3.051998885348439</LongitudeDegrees>
            </Position>
            <AltitudeMeters>13.600000381469727</AltitudeMeters>
            <DistanceMeters>5180.75</DistanceMeters>
            <HeartRateBpm>
              <Value>133</Value>
            </HeartRateBpm>
            <Extensions>
              <ns3:TPX>
                <ns3:Speed>2.500999927520752</ns3:Speed>
                <ns3:RunCadence>81</ns3:RunCadence>
              </ns3:TPX>
            </Extensions>
          </Trackpoint>
          <Trackpoint>
            <Time>2026-06-21T06:44:51.000Z</Time>
            <Position>
              <LatitudeDegrees>50.651147766038775</LatitudeDegrees>
              <LongitudeDegrees>3.0520238634198904</LongitudeDegrees>
            </Position>
            <AltitudeMeters>13.399999618530273</AltitudeMeters>
            <DistanceMeters>5183.64013671875</DistanceMeters>
            <HeartRateBpm>
              <Value>133</Value>
            </HeartRateBpm>
            <Extensions>
              <ns3:TPX>
                <ns3:Speed>2.490999937057495</ns3:Speed>
                <ns3:RunCadence>81</ns3:RunCadence>
              </ns3:TPX>
            </Extensions>
          </Trackpoint>
          <Trackpoint>
            <Time>2026-06-21T06:44:59.000Z</Time>
            <Position>
              <LatitudeDegrees>50.651278188452125</LatitudeDegrees>
              <LongitudeDegrees>3.0522102769464254</LongitudeDegrees>
            </Position>
            <AltitudeMeters>14.0</AltitudeMeters>
            <DistanceMeters>5203.25</DistanceMeters>
            <HeartRateBpm>
              <Value>134</Value>
            </HeartRateBpm>
            <Extensions>
              <ns3:TPX>
                <ns3:Speed>2.490999937057495</ns3:Speed>
                <ns3:RunCadence>82</ns3:RunCadence>
              </ns3:TPX>
            </Extensions>
          </Trackpoint>
          <Trackpoint>
            <Time>2026-06-21T06:45:06.000Z</Time>
            <Position>
              <LatitudeDegrees>50.651411544531584</LatitudeDegrees>
              <LongitudeDegrees>3.0522885639220476</LongitudeDegrees>
            </Position>
            <AltitudeMeters>14.199999809265137</AltitudeMeters>
            <DistanceMeters>5219.83984375</DistanceMeters>
            <HeartRateBpm>
              <Value>136</Value>
            </HeartRateBpm>
            <Extensions>
              <ns3:TPX>
                <ns3:Speed>2.500999927520752</ns3:Speed>
                <ns3:RunCadence>83</ns3:RunCadence>
              </ns3:TPX>
            </Extensions>
          </Trackpoint>
          <Trackpoint>
            <Time>2026-06-21T06:45:16.000Z</Time>
            <Position>
              <LatitudeDegrees>50.65158471465111</LatitudeDegrees>
              <LongitudeDegrees>3.0523324012756348</LongitudeDegrees>
            </Position>
            <AltitudeMeters>14.199999809265137</AltitudeMeters>
            <DistanceMeters>5239.35009765625</DistanceMeters>
            <HeartRateBpm>
              <Value>137</Value>
            </HeartRateBpm>
            <Extensions>
              <ns3:TPX>
                <ns3:Speed>2.492000102996826</ns3:Speed>
                <ns3:RunCadence>82</ns3:RunCadence>
              </ns3:TPX>
            </Extensions>
          </Trackpoint>
          <Trackpoint>
            <Time>2026-06-21T06:45:24.000Z</Time>
            <Position>
              <LatitudeDegrees>50.65173860639334</LatitudeDegrees>
              <LongitudeDegrees>3.0525085888803005</LongitudeDegrees>
            </Position>
            <AltitudeMeters>14.199999809265137</AltitudeMeters>
            <DistanceMeters>5260.580078125</DistanceMeters>
            <HeartRateBpm>
              <Value>138</Value>
            </HeartRateBpm>
            <Extensions>
              <ns3:TPX>
                <ns3:Speed>2.4730000495910645</ns3:Speed>
                <ns3:RunCadence>82</ns3:RunCadence>
              </ns3:TPX>
            </Extensions>
          </Trackpoint>
          <Trackpoint>
            <Time>2026-06-21T06:45:32.000Z</Time>
            <Position>
              <LatitudeDegrees>50.651867436245084</LatitudeDegrees>
              <LongitudeDegrees>3.0526743829250336</LongitudeDegrees>
            </Position>
            <AltitudeMeters>14.399999618530273</AltitudeMeters>
            <DistanceMeters>5279.10986328125</DistanceMeters>
            <HeartRateBpm>
              <Value>138</Value>
            </HeartRateBpm>
            <Extensions>
              <ns3:TPX>
                <ns3:Speed>2.5199999809265137</ns3:Speed>
                <ns3:RunCadence>82</ns3:RunCadence>
              </ns3:TPX>
            </Extensions>
          </Trackpoint>
          <Trackpoint>
            <Time>2026-06-21T06:45:40.000Z</Time>
            <Position>
              <LatitudeDegrees>50.652014119550586</LatitudeDegrees>
              <LongitudeDegrees>3.0528653226792812</LongitudeDegrees>
            </Position>
            <AltitudeMeters>14.199999809265137</AltitudeMeters>
            <DistanceMeters>5300.2998046875</DistanceMeters>
            <HeartRateBpm>
              <Value>136</Value>
            </HeartRateBpm>
            <Extensions>
              <ns3:TPX>
                <ns3:Speed>2.4630000591278076</ns3:Speed>
                <ns3:RunCadence>82</ns3:RunCadence>
              </ns3:TPX>
            </Extensions>
          </Trackpoint>
          <Trackpoint>
            <Time>2026-06-21T06:45:41.000Z</Time>
            <Position>
              <LatitudeDegrees>50.65203616395593</LatitudeDegrees>
              <LongitudeDegrees>3.052890971302986</LongitudeDegrees>
            </Position>
            <AltitudeMeters>14.199999809265137</AltitudeMeters>
            <DistanceMeters>5303.35009765625</DistanceMeters>
            <HeartRateBpm>
              <Value>136</Value>
            </HeartRateBpm>
            <Extensions>
              <ns3:TPX>
                <ns3:Speed>2.4730000495910645</ns3:Speed>
                <ns3:RunCadence>82</ns3:RunCadence>
              </ns3:TPX>
            </Extensions>
          </Trackpoint>
          <Trackpoint>
            <Time>2026-06-21T06:45:50.000Z</Time>
            <Position>
              <LatitudeDegrees>50.652191480621696</LatitudeDegrees>
              <LongitudeDegrees>3.0530911311507225</LongitudeDegrees>
            </Position>
            <AltitudeMeters>14.399999618530273</AltitudeMeters>
            <DistanceMeters>5325.669921875</DistanceMeters>
            <HeartRateBpm>
              <Value>136</Value>
            </HeartRateBpm>
            <Extensions>
              <ns3:TPX>
                <ns3:Speed>2.546999931335449</ns3:Speed>
                <ns3:RunCadence>82</ns3:RunCadence>
              </ns3:TPX>
            </Extensions>
          </Trackpoint>
          <Trackpoint>
            <Time>2026-06-21T06:45:51.000Z</Time>
            <Position>
              <LatitudeDegrees>50.65220941789448</LatitudeDegrees>
              <LongitudeDegrees>3.053112840279937</LongitudeDegrees>
            </Position>
            <AltitudeMeters>14.600000381469727</AltitudeMeters>
            <DistanceMeters>5328.18994140625</DistanceMeters>
            <HeartRateBpm>
              <Value>136</Value>
            </HeartRateBpm>
            <Extensions>
              <ns3:TPX>
                <ns3:Speed>2.546999931335449</ns3:Speed>
                <ns3:RunCadence>82</ns3:RunCadence>
              </ns3:TPX>
            </Extensions>
          </Trackpoint>
          <Trackpoint>
            <Time>2026-06-21T06:46:01.000Z</Time>
            <Position>
              <LatitudeDegrees>50.65236817114055</LatitudeDegrees>
              <LongitudeDegrees>3.053296906873584</LongitudeDegrees>
            </Position>
            <AltitudeMeters>14.399999618530273</AltitudeMeters>
            <DistanceMeters>5350.1201171875</DistanceMeters>
            <HeartRateBpm>
              <Value>134</Value>
            </HeartRateBpm>
            <Extensions>
              <ns3:TPX>
                <ns3:Speed>2.5190000534057617</ns3:Speed>
                <ns3:RunCadence>82</ns3:RunCadence>
              </ns3:TPX>
            </Extensions>
          </Trackpoint>
          <Trackpoint>
            <Time>2026-06-21T06:46:08.000Z</Time>
            <Position>
              <LatitudeDegrees>50.652457689866424</LatitudeDegrees>
              <LongitudeDegrees>3.0534996651113033</LongitudeDegrees>
            </Position>
            <AltitudeMeters>14.600000381469727</AltitudeMeters>
            <DistanceMeters>5367.9599609375</DistanceMeters>
            <HeartRateBpm>
              <Value>135</Value>
            </HeartRateBpm>
            <Extensions>
              <ns3:TPX>
                <ns3:Speed>2.4820001125335693</ns3:Speed>
                <ns3:RunCadence>82</ns3:RunCadence>
              </ns3:TPX>
            </Extensions>
          </Trackpoint>
          <Trackpoint>
            <Time>2026-06-21T06:46:10.000Z</Time>
            <Position>
              <LatitudeDegrees>50.65247152000666</LatitudeDegrees>
              <LongitudeDegrees>3.0535602662712336</LongitudeDegrees>
            </Position>
            <AltitudeMeters>14.800000190734863</AltitudeMeters>
            <DistanceMeters>5372.52001953125</DistanceMeters>
            <HeartRateBpm>
              <Value>135</Value>
            </HeartRateBpm>
            <Extensions>
              <ns3:TPX>
                <ns3:Speed>2.4820001125335693</ns3:Speed>
                <ns3:RunCadence>81</ns3:RunCadence>
              </ns3:TPX>
            </Extensions>
          </Trackpoint>
          <Trackpoint>
            <Time>2026-06-21T06:46:16.000Z</Time>
            <Position>
              <LatitudeDegrees>50.65253119915724</LatitudeDegrees>
              <LongitudeDegrees>3.053686246275902</LongitudeDegrees>
            </Position>
            <AltitudeMeters>15.0</AltitudeMeters>
            <DistanceMeters>5383.759765625</DistanceMeters>
            <HeartRateBpm>
              <Value>135</Value>
            </HeartRateBpm>
            <Extensions>
              <ns3:TPX>
                <ns3:Speed>2.4630000591278076</ns3:Speed>
                <ns3:RunCadence>81</ns3:RunCadence>
              </ns3:TPX>
            </Extensions>
          </Trackpoint>
          <Trackpoint>
            <Time>2026-06-21T06:46:26.000Z</Time>
            <Position>
              <LatitudeDegrees>50.652673775330186</LatitudeDegrees>
              <LongitudeDegrees>3.0538776889443398</LongitudeDegrees>
            </Position>
            <AltitudeMeters>14.800000190734863</AltitudeMeters>
            <DistanceMeters>5404.6298828125</DistanceMeters>
            <HeartRateBpm>
              <Value>135</Value>
            </HeartRateBpm>
            <Extensions>
              <ns3:TPX>
                <ns3:Speed>2.2109999656677246</ns3:Speed>
                <ns3:RunCadence>81</ns3:RunCadence>
              </ns3:TPX>
            </Extensions>
          </Trackpoint>
          <Trackpoint>
            <Time>2026-06-21T06:46:34.000Z</Time>
            <Position>
              <LatitudeDegrees>50.65280201844871</LatitudeDegrees>
              <LongitudeDegrees>3.0540444049984217</LongitudeDegrees>
            </Position>
            <AltitudeMeters>15.0</AltitudeMeters>
            <DistanceMeters>5423.18994140625</DistanceMeters>
            <HeartRateBpm>
              <Value>134</Value>
            </HeartRateBpm>
            <Extensions>
              <ns3:TPX>
                <ns3:Speed>2.1649999618530273</ns3:Speed>
                <ns3:RunCadence>82</ns3:RunCadence>
              </ns3:TPX>
            </Extensions>
          </Trackpoint>
          <Trackpoint>
            <Time>2026-06-21T06:46:41.000Z</Time>
            <Position>
              <LatitudeDegrees>50.65292573533952</LatitudeDegrees>
              <LongitudeDegrees>3.054202990606427</LongitudeDegrees>
            </Position>
            <AltitudeMeters>15.0</AltitudeMeters>
            <DistanceMeters>5440.9599609375</DistanceMeters>
            <HeartRateBpm>
              <Value>135</Value>
            </HeartRateBpm>
            <Extensions>
              <ns3:TPX>
                <ns3:Speed>2.2300000190734863</ns3:Speed>
                <ns3:RunCadence>82</ns3:RunCadence>
              </ns3:TPX>
            </Extensions>
          </Trackpoint>
          <Trackpoint>
            <Time>2026-06-21T06:46:50.000Z</Time>
            <Position>
              <LatitudeDegrees>50.653071412816644</LatitudeDegrees>
              <LongitudeDegrees>3.054394433274865</LongitudeDegrees>
            </Position>
            <AltitudeMeters>15.0</AltitudeMeters>
            <DistanceMeters>5462.080078125</DistanceMeters>
            <HeartRateBpm>
              <Value>135</Value>
            </HeartRateBpm>
            <Extensions>
              <ns3:TPX>
                <ns3:Speed>2.313999891281128</ns3:Speed>
                <ns3:RunCadence>81</ns3:RunCadence>
              </ns3:TPX>
            </Extensions>
          </Trackpoint>
          <Trackpoint>
            <Time>2026-06-21T06:46:53.000Z</Time>
            <Position>
              <LatitudeDegrees>50.6531098857522</LatitudeDegrees>
              <LongitudeDegrees>3.0544590577483177</LongitudeDegrees>
            </Position>
            <AltitudeMeters>15.0</AltitudeMeters>
            <DistanceMeters>5468.33984375</DistanceMeters>
            <HeartRateBpm>
              <Value>135</Value>
            </HeartRateBpm>
            <Extensions>
              <ns3:TPX>
                <ns3:Speed>2.322999954223633</ns3:Speed>
                <ns3:RunCadence>82</ns3:RunCadence>
              </ns3:TPX>
            </Extensions>
          </Trackpoint>
          <Trackpoint>
            <Time>2026-06-21T06:47:02.000Z</Time>
            <Position>
              <LatitudeDegrees>50.653246929869056</LatitudeDegrees>
              <LongitudeDegrees>3.0546653363853693</LongitudeDegrees>
            </Position>
            <AltitudeMeters>15.399999618530273</AltitudeMeters>
            <DistanceMeters>5489.41015625</DistanceMeters>
            <HeartRateBpm>
              <Value>134</Value>
            </HeartRateBpm>
            <Extensions>
              <ns3:TPX>
                <ns3:Speed>2.2860000133514404</ns3:Speed>
                <ns3:RunCadence>82</ns3:RunCadence>
              </ns3:TPX>
            </Extensions>
          </Trackpoint>
          <Trackpoint>
            <Time>2026-06-21T06:47:03.000Z</Time>
            <Position>
              <LatitudeDegrees>50.653263442218304</LatitudeDegrees>
              <LongitudeDegrees>3.0546883028000593</LongitudeDegrees>
            </Position>
            <AltitudeMeters>15.399999618530273</AltitudeMeters>
            <DistanceMeters>5491.85986328125</DistanceMeters>
            <HeartRateBpm>
              <Value>134</Value>
            </HeartRateBpm>
            <Extensions>
              <ns3:TPX>
                <ns3:Speed>2.2860000133514404</ns3:Speed>
                <ns3:RunCadence>83</ns3:RunCadence>
              </ns3:TPX>
            </Extensions>
          </Trackpoint>
          <Trackpoint>
            <Time>2026-06-21T06:47:07.000Z</Time>
            <Position>
              <LatitudeDegrees>50.653333850204945</LatitudeDegrees>
              <LongitudeDegrees>3.054774636402726</LongitudeDegrees>
            </Position>
            <AltitudeMeters>15.800000190734863</AltitudeMeters>
            <DistanceMeters>5501.759765625</DistanceMeters>
            <HeartRateBpm>
              <Value>135</Value>
            </HeartRateBpm>
            <Extensions>
              <ns3:TPX>
                <ns3:Speed>2.2769999504089355</ns3:Speed>
                <ns3:RunCadence>83</ns3:RunCadence>
              </ns3:TPX>
            </Extensions>
          </Trackpoint>
          <Trackpoint>
            <Time>2026-06-21T06:47:10.000Z</Time>
            <Position>
              <LatitudeDegrees>50.6533723231405</LatitudeDegrees>
              <LongitudeDegrees>3.054864155128598</LongitudeDegrees>
            </Position>
            <AltitudeMeters>16.0</AltitudeMeters>
            <DistanceMeters>5509.41015625</DistanceMeters>
            <HeartRateBpm>
              <Value>136</Value>
            </HeartRateBpm>
            <Extensions>
              <ns3:TPX>
                <ns3:Speed>2.2769999504089355</ns3:Speed>
                <ns3:RunCadence>83</ns3:RunCadence>
              </ns3:TPX>
            </Extensions>
          </Trackpoint>
          <Trackpoint>
            <Time>2026-06-21T06:47:16.000Z</Time>
            <Position>
              <LatitudeDegrees>50.65345790237188</LatitudeDegrees>
              <LongitudeDegrees>3.0550100840628147</LongitudeDegrees>
            </Position>
            <AltitudeMeters>16.0</AltitudeMeters>
            <DistanceMeters>5523.6201171875</DistanceMeters>
            <HeartRateBpm>
              <Value>138</Value>
            </HeartRateBpm>
            <Extensions>
              <ns3:TPX>
                <ns3:Speed>2.305000066757202</ns3:Speed>
                <ns3:RunCadence>82</ns3:RunCadence>
              </ns3:TPX>
            </Extensions>
          </Trackpoint>
          <Trackpoint>
            <Time>2026-06-21T06:47:17.000Z</Time>
            <Position>
              <LatitudeDegrees>50.65347734838724</LatitudeDegrees>
              <LongitudeDegrees>3.0550110898911953</LongitudeDegrees>
            </Position>
            <AltitudeMeters>16.0</AltitudeMeters>
            <DistanceMeters>5525.7900390625</DistanceMeters>
            <HeartRateBpm>
              <Value>139</Value>
            </HeartRateBpm>
            <Extensions>
              <ns3:TPX>
                <ns3:Speed>2.305000066757202</ns3:Speed>
                <ns3:RunCadence>81</ns3:RunCadence>
              </ns3:TPX>
            </Extensions>
          </Trackpoint>
          <Trackpoint>
            <Time>2026-06-21T06:47:25.000Z</Time>
            <Position>
              <LatitudeDegrees>50.65364968031645</LatitudeDegrees>
              <LongitudeDegrees>3.054991140961647</LongitudeDegrees>
            </Position>
            <AltitudeMeters>16.0</AltitudeMeters>
            <DistanceMeters>5545.080078125</DistanceMeters>
            <HeartRateBpm>
              <Value>142</Value>
            </HeartRateBpm>
            <Extensions>
              <ns3:TPX>
                <ns3:Speed>2.322999954223633</ns3:Speed>
                <ns3:RunCadence>82</ns3:RunCadence>
              </ns3:TPX>
            </Extensions>
          </Trackpoint>
          <Trackpoint>
            <Time>2026-06-21T06:47:26.000Z</Time>
            <Position>
              <LatitudeDegrees>50.653670048341155</LatitudeDegrees>
              <LongitudeDegrees>3.0550001934170723</LongitudeDegrees>
            </Position>
            <AltitudeMeters>16.0</AltitudeMeters>
            <DistanceMeters>5547.43017578125</DistanceMeters>
            <HeartRateBpm>
              <Value>142</Value>
            </HeartRateBpm>
            <Extensions>
              <ns3:TPX>
                <ns3:Speed>2.3329999446868896</ns3:Speed>
                <ns3:RunCadence>82</ns3:RunCadence>
              </ns3:TPX>
            </Extensions>
          </Trackpoint>
          <Trackpoint>
            <Time>2026-06-21T06:47:32.000Z</Time>
            <Position>
              <LatitudeDegrees>50.65376543439925</LatitudeDegrees>
              <LongitudeDegrees>3.0551414284855127</LongitudeDegrees>
            </Position>
            <AltitudeMeters>16.200000762939453</AltitudeMeters>
            <DistanceMeters>5562.2998046875</DistanceMeters>
            <HeartRateBpm>
              <Value>142</Value>
            </HeartRateBpm>
            <Extensions>
              <ns3:TPX>
                <ns3:Speed>2.3420000076293945</ns3:Speed>
                <ns3:RunCadence>82</ns3:RunCadence>
              </ns3:TPX>
            </Extensions>
          </Trackpoint>
          <Trackpoint>
            <Time>2026-06-21T06:47:39.000Z</Time>
            <Position>
              <LatitudeDegrees>50.653831819072366</LatitudeDegrees>
              <LongitudeDegrees>3.055328596383333</LongitudeDegrees>
            </Position>
            <AltitudeMeters>16.200000762939453</AltitudeMeters>
            <DistanceMeters>5577.5498046875</DistanceMeters>
            <HeartRateBpm>
              <Value>141</Value>
            </HeartRateBpm>
            <Extensions>
              <ns3:TPX>
                <ns3:Speed>2.3610000610351562</ns3:Speed>
                <ns3:RunCadence>0</ns3:RunCadence>
              </ns3:TPX>
            </Extensions>
          </Trackpoint>
          <Trackpoint>
            <Time>2026-06-21T06:47:41.000Z</Time>
            <Position>
              <LatitudeDegrees>50.65384715795517</LatitudeDegrees>
              <LongitudeDegrees>3.05533773265779</LongitudeDegrees>
            </Position>
            <AltitudeMeters>16.200000762939453</AltitudeMeters>
            <DistanceMeters>5579.3798828125</DistanceMeters>
            <HeartRateBpm>
              <Value>141</Value>
            </HeartRateBpm>
            <Extensions>
              <ns3:TPX>
                <ns3:Speed>2.3420000076293945</ns3:Speed>
                <ns3:RunCadence>0</ns3:RunCadence>
              </ns3:TPX>
            </Extensions>
          </Trackpoint>
          <Trackpoint>
            <Time>2026-06-21T06:47:43.000Z</Time>
            <Position>
              <LatitudeDegrees>50.65387263894081</LatitudeDegrees>
              <LongitudeDegrees>3.055330691859126</LongitudeDegrees>
            </Position>
            <AltitudeMeters>16.200000762939453</AltitudeMeters>
            <DistanceMeters>5582.27001953125</DistanceMeters>
            <HeartRateBpm>
              <Value>141</Value>
            </HeartRateBpm>
            <Extensions>
              <ns3:TPX>
                <ns3:Speed>0.0</ns3:Speed>
                <ns3:RunCadence>0</ns3:RunCadence>
              </ns3:TPX>
            </Extensions>
          </Trackpoint>
          <Trackpoint>
            <Time>2026-06-21T06:47:50.000Z</Time>
            <Position>
              <LatitudeDegrees>50.65399878658354</LatitudeDegrees>
              <LongitudeDegrees>3.0554399080574512</LongitudeDegrees>
            </Position>
            <AltitudeMeters>15.399999618530273</AltitudeMeters>
            <DistanceMeters>5582.27001953125</DistanceMeters>
            <HeartRateBpm>
              <Value>140</Value>
            </HeartRateBpm>
            <Extensions>
              <ns3:TPX>
                <ns3:Speed>2.322999954223633</ns3:Speed>
                <ns3:RunCadence>83</ns3:RunCadence>
              </ns3:TPX>
            </Extensions>
          </Trackpoint>
          <Trackpoint>
            <Time>2026-06-21T06:47:51.000Z</Time>
            <Position>
              <LatitudeDegrees>50.65401722677052</LatitudeDegrees>
              <LongitudeDegrees>3.0554642993956804</LongitudeDegrees>
            </Position>
            <AltitudeMeters>15.399999618530273</AltitudeMeters>
            <DistanceMeters>5584.9501953125</DistanceMeters>
            <HeartRateBpm>
              <Value>141</Value>
            </HeartRateBpm>
            <Extensions>
              <ns3:TPX>
                <ns3:Speed>2.322999954223633</ns3:Speed>
                <ns3:RunCadence>83</ns3:RunCadence>
              </ns3:TPX>
            </Extensions>
          </Trackpoint>
          <Trackpoint>
            <Time>2026-06-21T06:48:00.000Z</Time>
            <Position>
              <LatitudeDegrees>50.65416818484664</LatitudeDegrees>
              <LongitudeDegrees>3.0556566640734673</LongitudeDegrees>
            </Position>
            <AltitudeMeters>15.199999809265137</AltitudeMeters>
            <DistanceMeters>5606.56982421875</DistanceMeters>
            <HeartRateBpm>
              <Value>139</Value>
            </HeartRateBpm>
            <Extensions>
              <ns3:TPX>
                <ns3:Speed>2.4820001125335693</ns3:Speed>
                <ns3:RunCadence>83</ns3:RunCadence>
              </ns3:TPX>
            </Extensions>
          </Trackpoint>
          <Trackpoint>
            <Time>2026-06-21T06:48:02.000Z</Time>
            <Position>
              <LatitudeDegrees>50.65419844351709</LatitudeDegrees>
              <LongitudeDegrees>3.0556907784193754</LongitudeDegrees>
            </Position>
            <AltitudeMeters>15.199999809265137</AltitudeMeters>
            <DistanceMeters>5610.75</DistanceMeters>
            <HeartRateBpm>
              <Value>138</Value>
            </HeartRateBpm>
            <Extensions>
              <ns3:TPX>
                <ns3:Speed>2.4639999866485596</ns3:Speed>
                <ns3:RunCadence>82</ns3:RunCadence>
              </ns3:TPX>
            </Extensions>
          </Trackpoint>
          <Trackpoint>
            <Time>2026-06-21T06:48:07.000Z</Time>
            <Position>
              <LatitudeDegrees>50.65430690534413</LatitudeDegrees>
              <LongitudeDegrees>3.0557033512741327</LongitudeDegrees>
            </Position>
            <AltitudeMeters>14.800000190734863</AltitudeMeters>
            <DistanceMeters>5622.97021484375</DistanceMeters>
            <HeartRateBpm>
              <Value>137</Value>
            </HeartRateBpm>
            <Extensions>
              <ns3:TPX>
                <ns3:Speed>2.3889999389648438</ns3:Speed>
                <ns3:RunCadence>82</ns3:RunCadence>
              </ns3:TPX>
            </Extensions>
          </Trackpoint>
          <Trackpoint>
            <Time>2026-06-21T06:48:09.000Z</Time>
            <AltitudeMeters>14.600000381469727</AltitudeMeters>
            <DistanceMeters>5626.02978515625</DistanceMeters>
            <HeartRateBpm>
              <Value>136</Value>
            </HeartRateBpm>
            <Extensions>
              <ns3:TPX>
                <ns3:Speed>2.3889999389648438</ns3:Speed>
                <ns3:RunCadence>84</ns3:RunCadence>
              </ns3:TPX>
            </Extensions>
          </Trackpoint>
          <Trackpoint>
            <Time>2026-06-21T06:48:11.000Z</Time>
            <Position>
              <LatitudeDegrees>50.654412768781185</LatitudeDegrees>
              <LongitudeDegrees>3.0557784531265497</LongitudeDegrees>
            </Position>
            <AltitudeMeters>14.199999809265137</AltitudeMeters>
            <DistanceMeters>5635.8798828125</DistanceMeters>
            <HeartRateBpm>
              <Value>135</Value>
            </HeartRateBpm>
            <Extensions>
              <ns3:TPX>
                <ns3:Speed>2.444999933242798</ns3:Speed>
                <ns3:RunCadence>84</ns3:RunCadence>
              </ns3:TPX>
            </Extensions>
          </Trackpoint>
          <Trackpoint>
            <Time>2026-06-21T06:48:14.000Z</Time>
            <Position>
              <LatitudeDegrees>50.65447202883661</LatitudeDegrees>
              <LongitudeDegrees>3.055890602990985</LongitudeDegrees>
            </Position>
            <AltitudeMeters>14.199999809265137</AltitudeMeters>
            <DistanceMeters>5647.009765625</DistanceMeters>
            <HeartRateBpm>
              <Value>134</Value>
            </HeartRateBpm>
            <Extensions>
              <ns3:TPX>
                <ns3:Speed>2.4730000495910645</ns3:Speed>
                <ns3:RunCadence>82</ns3:RunCadence>
              </ns3:TPX>
            </Extensions>
          </Trackpoint>
          <Trackpoint>
            <Time>2026-06-21T06:48:21.000Z</Time>
            <Position>
              <LatitudeDegrees>50.654502622783184</LatitudeDegrees>
              <LongitudeDegrees>3.056150944903493</LongitudeDegrees>
            </Position>
            <AltitudeMeters>14.399999618530273</AltitudeMeters>
            <DistanceMeters>5665.91015625</DistanceMeters>
            <HeartRateBpm>
              <Value>133</Value>
            </HeartRateBpm>
            <Extensions>
              <ns3:TPX>
                <ns3:Speed>2.6410000324249268</ns3:Speed>
                <ns3:RunCadence>83</ns3:RunCadence>
              </ns3:TPX>
            </Extensions>
          </Trackpoint>
          <Trackpoint>
            <Time>2026-06-21T06:48:27.000Z</Time>
            <Position>
              <LatitudeDegrees>50.654606726020575</LatitudeDegrees>
              <LongitudeDegrees>3.056271057575941</LongitudeDegrees>
            </Position>
            <AltitudeMeters>14.399999618530273</AltitudeMeters>
            <DistanceMeters>5680.5400390625</DistanceMeters>
            <HeartRateBpm>
              <Value>133</Value>
            </HeartRateBpm>
            <Extensions>
              <ns3:TPX>
                <ns3:Speed>2.6689999103546143</ns3:Speed>
                <ns3:RunCadence>83</ns3:RunCadence>
              </ns3:TPX>
            </Extensions>
          </Trackpoint>
          <Trackpoint>
            <Time>2026-06-21T06:48:36.000Z</Time>
            <Position>
              <LatitudeDegrees>50.65477017313242</LatitudeDegrees>
              <LongitudeDegrees>3.0564267095178366</LongitudeDegrees>
            </Position>
            <AltitudeMeters>13.800000190734863</AltitudeMeters>
            <DistanceMeters>5701.8701171875</DistanceMeters>
            <HeartRateBpm>
              <Value>133</Value>
            </HeartRateBpm>
            <Extensions>
              <ns3:TPX>
                <ns3:Speed>2.6410000324249268</ns3:Speed>
                <ns3:RunCadence>82</ns3:RunCadence>
              </ns3:TPX>
            </Extensions>
          </Trackpoint>
          <Trackpoint>
            <Time>2026-06-21T06:48:37.000Z</Time>
            <Position>
              <LatitudeDegrees>50.65478542819619</LatitudeDegrees>
              <LongitudeDegrees>3.0564438924193382</LongitudeDegrees>
            </Position>
            <AltitudeMeters>13.800000190734863</AltitudeMeters>
            <DistanceMeters>5703.9599609375</DistanceMeters>
            <HeartRateBpm>
              <Value>133</Value>
            </HeartRateBpm>
            <Extensions>
              <ns3:TPX>
                <ns3:Speed>2.6410000324249268</ns3:Speed>
                <ns3:RunCadence>82</ns3:RunCadence>
              </ns3:TPX>
            </Extensions>
          </Trackpoint>
          <Trackpoint>
            <Time>2026-06-21T06:48:45.000Z</Time>
            <Position>
              <LatitudeDegrees>50.65490646287799</LatitudeDegrees>
              <LongitudeDegrees>3.0566211696714163</LongitudeDegrees>
            </Position>
            <AltitudeMeters>13.800000190734863</AltitudeMeters>
            <DistanceMeters>5722.3701171875</DistanceMeters>
            <HeartRateBpm>
              <Value>134</Value>
            </HeartRateBpm>
            <Extensions>
              <ns3:TPX>
                <ns3:Speed>2.4730000495910645</ns3:Speed>
                <ns3:RunCadence>81</ns3:RunCadence>
              </ns3:TPX>
            </Extensions>
          </Trackpoint>
          <Trackpoint>
            <Time>2026-06-21T06:48:47.000Z</Time>
            <Position>
              <LatitudeDegrees>50.65493051894009</LatitudeDegrees>
              <LongitudeDegrees>3.05667364038527</LongitudeDegrees>
            </Position>
            <AltitudeMeters>14.0</AltitudeMeters>
            <DistanceMeters>5726.93017578125</DistanceMeters>
            <HeartRateBpm>
              <Value>134</Value>
            </HeartRateBpm>
            <Extensions>
              <ns3:TPX>
                <ns3:Speed>2.444999933242798</ns3:Speed>
                <ns3:RunCadence>81</ns3:RunCadence>
              </ns3:TPX>
            </Extensions>
          </Trackpoint>
          <Trackpoint>
            <Time>2026-06-21T06:48:55.000Z</Time>
            <Position>
              <LatitudeDegrees>50.65503252670169</LatitudeDegrees>
              <LongitudeDegrees>3.0568827688694</LongitudeDegrees>
            </Position>
            <AltitudeMeters>14.0</AltitudeMeters>
            <DistanceMeters>5745.60009765625</DistanceMeters>
            <HeartRateBpm>
              <Value>134</Value>
            </HeartRateBpm>
            <Extensions>
              <ns3:TPX>
                <ns3:Speed>2.4170000553131104</ns3:Speed>
                <ns3:RunCadence>82</ns3:RunCadence>
              </ns3:TPX>
            </Extensions>
          </Trackpoint>
          <Trackpoint>
            <Time>2026-06-21T06:49:04.000Z</Time>
            <Position>
              <LatitudeDegrees>50.65517049282789</LatitudeDegrees>
              <LongitudeDegrees>3.0570753011852503</LongitudeDegrees>
            </Position>
            <AltitudeMeters>13.600000381469727</AltitudeMeters>
            <DistanceMeters>5766.14013671875</DistanceMeters>
            <HeartRateBpm>
              <Value>135</Value>
            </HeartRateBpm>
            <Extensions>
              <ns3:TPX>
                <ns3:Speed>2.3980000019073486</ns3:Speed>
                <ns3:RunCadence>81</ns3:RunCadence>
              </ns3:TPX>
            </Extensions>
          </Trackpoint>
          <Trackpoint>
            <Time>2026-06-21T06:49:05.000Z</Time>
            <Position>
              <LatitudeDegrees>50.65518692135811</LatitudeDegrees>
              <LongitudeDegrees>3.057098099961877</LongitudeDegrees>
            </Position>
            <AltitudeMeters>13.600000381469727</AltitudeMeters>
            <DistanceMeters>5768.580078125</DistanceMeters>
            <HeartRateBpm>
              <Value>135</Value>
            </HeartRateBpm>
            <Extensions>
              <ns3:TPX>
                <ns3:Speed>2.3889999389648438</ns3:Speed>
                <ns3:RunCadence>81</ns3:RunCadence>
              </ns3:TPX>
            </Extensions>
          </Trackpoint>
          <Trackpoint>
            <Time>2026-06-21T06:49:14.000Z</Time>
            <Position>
              <LatitudeDegrees>50.65532589331269</LatitudeDegrees>
              <LongitudeDegrees>3.057299768552184</LongitudeDegrees>
            </Position>
            <AltitudeMeters>13.600000381469727</AltitudeMeters>
            <DistanceMeters>5789.6201171875</DistanceMeters>
            <HeartRateBpm>
              <Value>135</Value>
            </HeartRateBpm>
            <Extensions>
              <ns3:TPX>
                <ns3:Speed>2.3610000610351562</ns3:Speed>
                <ns3:RunCadence>82</ns3:RunCadence>
              </ns3:TPX>
            </Extensions>
          </Trackpoint>
          <Trackpoint>
            <Time>2026-06-21T06:49:17.000Z</Time>
            <Position>
              <LatitudeDegrees>50.65537576563656</LatitudeDegrees>
              <LongitudeDegrees>3.0573653150349855</LongitudeDegrees>
            </Position>
            <AltitudeMeters>13.600000381469727</AltitudeMeters>
            <DistanceMeters>5796.85009765625</DistanceMeters>
            <HeartRateBpm>
              <Value>135</Value>
            </HeartRateBpm>
            <Extensions>
              <ns3:TPX>
                <ns3:Speed>2.3610000610351562</ns3:Speed>
                <ns3:RunCadence>83</ns3:RunCadence>
              </ns3:TPX>
            </Extensions>
          </Trackpoint>
          <Trackpoint>
            <Time>2026-06-21T06:49:26.000Z</Time>
            <Position>
              <LatitudeDegrees>50.6555394642055</LatitudeDegrees>
              <LongitudeDegrees>3.0575300194323063</LongitudeDegrees>
            </Position>
            <AltitudeMeters>13.600000381469727</AltitudeMeters>
            <DistanceMeters>5818.52978515625</DistanceMeters>
            <HeartRateBpm>
              <Value>135</Value>
            </HeartRateBpm>
            <Extensions>
              <ns3:TPX>
                <ns3:Speed>2.369999885559082</ns3:Speed>
                <ns3:RunCadence>82</ns3:RunCadence>
              </ns3:TPX>
            </Extensions>
          </Trackpoint>
          <Trackpoint>
            <Time>2026-06-21T06:49:34.000Z</Time>
            <Position>
              <LatitudeDegrees>50.655690506100655</LatitudeDegrees>
              <LongitudeDegrees>3.0576377268880606</LongitudeDegrees>
            </Position>
            <AltitudeMeters>13.800000190734863</AltitudeMeters>
            <DistanceMeters>5837.10986328125</DistanceMeters>
            <HeartRateBpm>
              <Value>135</Value>
            </HeartRateBpm>
            <Extensions>
              <ns3:TPX>
                <ns3:Speed>2.378999948501587</ns3:Speed>
                <ns3:RunCadence>82</ns3:RunCadence>
              </ns3:TPX>
            </Extensions>
          </Trackpoint>
          <Trackpoint>
            <Time>2026-06-21T06:49:43.000Z</Time>
            <Position>
              <LatitudeDegrees>50.65586459822953</LatitudeDegrees>
              <LongitudeDegrees>3.0577504634857178</LongitudeDegrees>
            </Position>
            <AltitudeMeters>13.800000190734863</AltitudeMeters>
            <DistanceMeters>5858.35986328125</DistanceMeters>
            <HeartRateBpm>
              <Value>137</Value>
            </HeartRateBpm>
            <Extensions>
              <ns3:TPX>
                <ns3:Speed>2.378999948501587</ns3:Speed>
                <ns3:RunCadence>82</ns3:RunCadence>
              </ns3:TPX>
            </Extensions>
          </Trackpoint>
          <Trackpoint>
            <Time>2026-06-21T06:49:44.000Z</Time>
            <Position>
              <LatitudeDegrees>50.655883038416505</LatitudeDegrees>
              <LongitudeDegrees>3.0577693227678537</LongitudeDegrees>
            </Position>
            <AltitudeMeters>13.800000190734863</AltitudeMeters>
            <DistanceMeters>5860.81005859375</DistanceMeters>
            <HeartRateBpm>
              <Value>137</Value>
            </HeartRateBpm>
            <Extensions>
              <ns3:TPX>
                <ns3:Speed>2.378999948501587</ns3:Speed>
                <ns3:RunCadence>82</ns3:RunCadence>
              </ns3:TPX>
            </Extensions>
          </Trackpoint>
          <Trackpoint>
            <Time>2026-06-21T06:49:53.000Z</Time>
            <Position>
              <LatitudeDegrees>50.656040869653225</LatitudeDegrees>
              <LongitudeDegrees>3.0579445883631706</LongitudeDegrees>
            </Position>
            <AltitudeMeters>13.600000381469727</AltitudeMeters>
            <DistanceMeters>5882.330078125</DistanceMeters>
            <HeartRateBpm>
              <Value>138</Value>
            </HeartRateBpm>
            <Extensions>
              <ns3:TPX>
                <ns3:Speed>2.378999948501587</ns3:Speed>
                <ns3:RunCadence>82</ns3:RunCadence>
              </ns3:TPX>
            </Extensions>
          </Trackpoint>
          <Trackpoint>
            <Time>2026-06-21T06:49:54.000Z</Time>
            <Position>
              <LatitudeDegrees>50.656060902401805</LatitudeDegrees>
              <LongitudeDegrees>3.0579641181975603</LongitudeDegrees>
            </Position>
            <AltitudeMeters>13.600000381469727</AltitudeMeters>
            <DistanceMeters>5884.9599609375</DistanceMeters>
            <HeartRateBpm>
              <Value>138</Value>
            </HeartRateBpm>
            <Extensions>
              <ns3:TPX>
                <ns3:Speed>2.378999948501587</ns3:Speed>
                <ns3:RunCadence>82</ns3:RunCadence>
              </ns3:TPX>
            </Extensions>
          </Trackpoint>
          <Trackpoint>
            <Time>2026-06-21T06:50:02.000Z</Time>
            <Position>
              <LatitudeDegrees>50.65620825625956</LatitudeDegrees>
              <LongitudeDegrees>3.058108538389206</LongitudeDegrees>
            </Position>
            <AltitudeMeters>13.800000190734863</AltitudeMeters>
            <DistanceMeters>5904.27978515625</DistanceMeters>
            <HeartRateBpm>
              <Value>138</Value>
            </HeartRateBpm>
            <Extensions>
              <ns3:TPX>
                <ns3:Speed>2.369999885559082</ns3:Speed>
                <ns3:RunCadence>82</ns3:RunCadence>
              </ns3:TPX>
            </Extensions>
          </Trackpoint>
          <Trackpoint>
            <Time>2026-06-21T06:50:10.000Z</Time>
            <Position>
              <LatitudeDegrees>50.65635954961181</LatitudeDegrees>
              <LongitudeDegrees>3.0582187604159117</LongitudeDegrees>
            </Position>
            <AltitudeMeters>14.199999809265137</AltitudeMeters>
            <DistanceMeters>5922.8701171875</DistanceMeters>
            <HeartRateBpm>
              <Value>137</Value>
            </HeartRateBpm>
            <Extensions>
              <ns3:TPX>
                <ns3:Speed>2.369999885559082</ns3:Speed>
                <ns3:RunCadence>81</ns3:RunCadence>
              </ns3:TPX>
            </Extensions>
          </Trackpoint>
          <Trackpoint>
            <Time>2026-06-21T06:50:19.000Z</Time>
            <Position>
              <LatitudeDegrees>50.656533390283585</LatitudeDegrees>
              <LongitudeDegrees>3.0583698861300945</LongitudeDegrees>
            </Position>
            <AltitudeMeters>14.199999809265137</AltitudeMeters>
            <DistanceMeters>5944.97021484375</DistanceMeters>
            <HeartRateBpm>
              <Value>136</Value>
            </HeartRateBpm>
            <Extensions>
              <ns3:TPX>
                <ns3:Speed>2.3610000610351562</ns3:Speed>
                <ns3:RunCadence>82</ns3:RunCadence>
              </ns3:TPX>
            </Extensions>
          </Trackpoint>
          <Trackpoint>
            <Time>2026-06-21T06:50:28.000Z</Time>
            <Position>
              <LatitudeDegrees>50.656682420521975</LatitudeDegrees>
              <LongitudeDegrees>3.0585528630763292</LongitudeDegrees>
            </Position>
            <AltitudeMeters>14.199999809265137</AltitudeMeters>
            <DistanceMeters>5966.02978515625</DistanceMeters>
            <HeartRateBpm>
              <Value>137</Value>
            </HeartRateBpm>
            <Extensions>
              <ns3:TPX>
                <ns3:Speed>2.3510000705718994</ns3:Speed>
                <ns3:RunCadence>82</ns3:RunCadence>
              </ns3:TPX>
            </Extensions>
          </Trackpoint>
          <Trackpoint>
            <Time>2026-06-21T06:50:35.000Z</Time>
            <Position>
              <LatitudeDegrees>50.6568244099617</LatitudeDegrees>
              <LongitudeDegrees>3.0586635041981936</LongitudeDegrees>
            </Position>
            <AltitudeMeters>14.0</AltitudeMeters>
            <DistanceMeters>5983.81982421875</DistanceMeters>
            <HeartRateBpm>
              <Value>138</Value>
            </HeartRateBpm>
            <Extensions>
              <ns3:TPX>
                <ns3:Speed>2.3420000076293945</ns3:Speed>
                <ns3:RunCadence>83</ns3:RunCadence>
              </ns3:TPX>
            </Extensions>
          </Trackpoint>
          <Trackpoint>
            <Time>2026-06-21T06:50:41.000Z</Time>
            <Position>
              <LatitudeDegrees>50.65693547017872</LatitudeDegrees>
              <LongitudeDegrees>3.058734582737088</LongitudeDegrees>
            </Position>
            <AltitudeMeters>14.0</AltitudeMeters>
            <DistanceMeters>5997.1298828125</DistanceMeters>
            <HeartRateBpm>
              <Value>138</Value>
            </HeartRateBpm>
            <Extensions>
              <ns3:TPX>
                <ns3:Speed>2.3510000705718994</ns3:Speed>
                <ns3:RunCadence>82</ns3:RunCadence>
              </ns3:TPX>
            </Extensions>
          </Trackpoint>
          <Trackpoint>
            <Time>2026-06-21T06:50:49.000Z</Time>
            <Position>
              <LatitudeDegrees>50.65707896836102</LatitudeDegrees>
              <LongitudeDegrees>3.0588230956345797</LongitudeDegrees>
            </Position>
            <AltitudeMeters>14.199999809265137</AltitudeMeters>
            <DistanceMeters>6014.27978515625</DistanceMeters>
            <HeartRateBpm>
              <Value>139</Value>
            </HeartRateBpm>
            <Extensions>
              <ns3:TPX>
                <ns3:Speed>2.3329999446868896</ns3:Speed>
                <ns3:RunCadence>82</ns3:RunCadence>
              </ns3:TPX>
            </Extensions>
          </Trackpoint>
          <Trackpoint>
            <Time>2026-06-21T06:50:57.000Z</Time>
            <Position>
              <LatitudeDegrees>50.65722783096135</LatitudeDegrees>
              <LongitudeDegrees>3.0589085072278976</LongitudeDegrees>
            </Position>
            <AltitudeMeters>14.399999618530273</AltitudeMeters>
            <DistanceMeters>6031.93017578125</DistanceMeters>
            <HeartRateBpm>
              <Value>139</Value>
            </HeartRateBpm>
            <Extensions>
              <ns3:TPX>
                <ns3:Speed>2.2860000133514404</ns3:Speed>
                <ns3:RunCadence>81</ns3:RunCadence>
              </ns3:TPX>
            </Extensions>
          </Trackpoint>
          <Trackpoint>
            <Time>2026-06-21T06:51:04.000Z</Time>
            <Position>
              <LatitudeDegrees>50.65737074241042</LatitudeDegrees>
              <LongitudeDegrees>3.058965587988496</LongitudeDegrees>
            </Position>
            <AltitudeMeters>14.199999809265137</AltitudeMeters>
            <DistanceMeters>6048.3798828125</DistanceMeters>
            <HeartRateBpm>
              <Value>139</Value>
            </HeartRateBpm>
            <Extensions>
              <ns3:TPX>
                <ns3:Speed>2.257999897003174</ns3:Speed>
                <ns3:RunCadence>82</ns3:RunCadence>
              </ns3:TPX>
            </Extensions>
          </Trackpoint>
          <Trackpoint>
            <Time>2026-06-21T06:51:12.000Z</Time>
            <Position>
              <LatitudeDegrees>50.65755698829889</LatitudeDegrees>
              <LongitudeDegrees>3.0590534303337336</LongitudeDegrees>
            </Position>
            <AltitudeMeters>14.399999618530273</AltitudeMeters>
            <DistanceMeters>6070.0400390625</DistanceMeters>
            <HeartRateBpm>
              <Value>139</Value>
            </HeartRateBpm>
            <Extensions>
              <ns3:TPX>
                <ns3:Speed>2.249000072479248</ns3:Speed>
                <ns3:RunCadence>82</ns3:RunCadence>
              </ns3:TPX>
            </Extensions>
          </Trackpoint>
          <Trackpoint>
            <Time>2026-06-21T06:51:14.000Z</Time>
            <Position>
              <LatitudeDegrees>50.65759445540607</LatitudeDegrees>
              <LongitudeDegrees>3.0590779054909945</LongitudeDegrees>
            </Position>
            <AltitudeMeters>14.399999618530273</AltitudeMeters>
            <DistanceMeters>6074.5498046875</DistanceMeters>
            <HeartRateBpm>
              <Value>139</Value>
            </HeartRateBpm>
            <Extensions>
              <ns3:TPX>
                <ns3:Speed>2.257999897003174</ns3:Speed>
                <ns3:RunCadence>82</ns3:RunCadence>
              </ns3:TPX>
            </Extensions>
          </Trackpoint>
          <Trackpoint>
            <Time>2026-06-21T06:51:22.000Z</Time>
            <Position>
              <LatitudeDegrees>50.657777935266495</LatitudeDegrees>
              <LongitudeDegrees>3.059127191081643</LongitudeDegrees>
            </Position>
            <AltitudeMeters>14.600000381469727</AltitudeMeters>
            <DistanceMeters>6095.39990234375</DistanceMeters>
            <HeartRateBpm>
              <Value>140</Value>
            </HeartRateBpm>
            <Extensions>
              <ns3:TPX>
                <ns3:Speed>2.2769999504089355</ns3:Speed>
                <ns3:RunCadence>82</ns3:RunCadence>
              </ns3:TPX>
            </Extensions>
          </Trackpoint>
          <Trackpoint>
            <Time>2026-06-21T06:51:23.000Z</Time>
            <Position>
              <LatitudeDegrees>50.65779905766249</LatitudeDegrees>
              <LongitudeDegrees>3.059123922139406</LongitudeDegrees>
            </Position>
            <AltitudeMeters>14.600000381469727</AltitudeMeters>
            <DistanceMeters>6097.740234375</DistanceMeters>
            <HeartRateBpm>
              <Value>140</Value>
            </HeartRateBpm>
            <Extensions>
              <ns3:TPX>
                <ns3:Speed>2.2860000133514404</ns3:Speed>
                <ns3:RunCadence>82</ns3:RunCadence>
              </ns3:TPX>
            </Extensions>
          </Trackpoint>
          <Trackpoint>
            <Time>2026-06-21T06:51:31.000Z</Time>
            <Position>
              <LatitudeDegrees>50.657977340742946</LatitudeDegrees>
              <LongitudeDegrees>3.0590970162302256</LongitudeDegrees>
            </Position>
            <AltitudeMeters>14.600000381469727</AltitudeMeters>
            <DistanceMeters>6117.7001953125</DistanceMeters>
            <HeartRateBpm>
              <Value>141</Value>
            </HeartRateBpm>
            <Extensions>
              <ns3:TPX>
                <ns3:Speed>2.313999891281128</ns3:Speed>
                <ns3:RunCadence>82</ns3:RunCadence>
              </ns3:TPX>
            </Extensions>
          </Trackpoint>
          <Trackpoint>
            <Time>2026-06-21T06:51:38.000Z</Time>
            <Position>
              <LatitudeDegrees>50.65813374705613</LatitudeDegrees>
              <LongitudeDegrees>3.0590879637748003</LongitudeDegrees>
            </Position>
            <AltitudeMeters>14.800000190734863</AltitudeMeters>
            <DistanceMeters>6135.2099609375</DistanceMeters>
            <HeartRateBpm>
              <Value>140</Value>
            </HeartRateBpm>
            <Extensions>
              <ns3:TPX>
                <ns3:Speed>2.3420000076293945</ns3:Speed>
                <ns3:RunCadence>81</ns3:RunCadence>
              </ns3:TPX>
            </Extensions>
          </Trackpoint>
          <Trackpoint>
            <Time>2026-06-21T06:51:45.000Z</Time>
            <Position>
              <LatitudeDegrees>50.65828872844577</LatitudeDegrees>
              <LongitudeDegrees>3.059094836935401</LongitudeDegrees>
            </Position>
            <AltitudeMeters>14.800000190734863</AltitudeMeters>
            <DistanceMeters>6152.4599609375</DistanceMeters>
            <HeartRateBpm>
              <Value>139</Value>
            </HeartRateBpm>
            <Extensions>
              <ns3:TPX>
                <ns3:Speed>2.369999885559082</ns3:Speed>
                <ns3:RunCadence>83</ns3:RunCadence>
              </ns3:TPX>
            </Extensions>
          </Trackpoint>
          <Trackpoint>
            <Time>2026-06-21T06:51:46.000Z</Time>
            <Position>
              <LatitudeDegrees>50.65831169486046</LatitudeDegrees>
              <LongitudeDegrees>3.0591011233627796</LongitudeDegrees>
            </Position>
            <AltitudeMeters>14.600000381469727</AltitudeMeters>
            <DistanceMeters>6155.0400390625</DistanceMeters>
            <HeartRateBpm>
              <Value>138</Value>
            </HeartRateBpm>
            <Extensions>
              <ns3:TPX>
                <ns3:Speed>2.369999885559082</ns3:Speed>
                <ns3:RunCadence>83</ns3:RunCadence>
              </ns3:TPX>
            </Extensions>
          </Trackpoint>
          <Trackpoint>
            <Time>2026-06-21T06:51:54.000Z</Time>
            <Position>
              <LatitudeDegrees>50.65848830156028</LatitudeDegrees>
              <LongitudeDegrees>3.059107242152095</LongitudeDegrees>
            </Position>
            <AltitudeMeters>14.600000381469727</AltitudeMeters>
            <DistanceMeters>6174.75</DistanceMeters>
            <HeartRateBpm>
              <Value>139</Value>
            </HeartRateBpm>
            <Extensions>
              <ns3:TPX>
                <ns3:Speed>2.4070000648498535</ns3:Speed>
                <ns3:RunCadence>81</ns3:RunCadence>
              </ns3:TPX>
            </Extensions>
          </Trackpoint>
          <Trackpoint>
            <Time>2026-06-21T06:52:02.000Z</Time>
            <Position>
              <LatitudeDegrees>50.658633979037404</LatitudeDegrees>
              <LongitudeDegrees>3.0591718666255474</LongitudeDegrees>
            </Position>
            <AltitudeMeters>14.800000190734863</AltitudeMeters>
            <DistanceMeters>6191.580078125</DistanceMeters>
            <HeartRateBpm>
              <Value>140</Value>
            </HeartRateBpm>
            <Extensions>
              <ns3:TPX>
                <ns3:Speed>2.4070000648498535</ns3:Speed>
                <ns3:RunCadence>82</ns3:RunCadence>
              </ns3:TPX>
            </Extensions>
          </Trackpoint>
          <Trackpoint>
            <Time>2026-06-21T06:52:10.000Z</Time>
            <Position>
              <LatitudeDegrees>50.65881611779332</LatitudeDegrees>
              <LongitudeDegrees>3.059225343167782</LongitudeDegrees>
            </Position>
            <AltitudeMeters>14.800000190734863</AltitudeMeters>
            <DistanceMeters>6212.18994140625</DistanceMeters>
            <HeartRateBpm>
              <Value>141</Value>
            </HeartRateBpm>
            <Extensions>
              <ns3:TPX>
                <ns3:Speed>2.378999948501587</ns3:Speed>
                <ns3:RunCadence>81</ns3:RunCadence>
              </ns3:TPX>
            </Extensions>
          </Trackpoint>
          <Trackpoint>
            <Time>2026-06-21T06:52:11.000Z</Time>
            <Position>
              <LatitudeDegrees>50.65884042531252</LatitudeDegrees>
              <LongitudeDegrees>3.0592312943190336</LongitudeDegrees>
            </Position>
            <AltitudeMeters>14.800000190734863</AltitudeMeters>
            <DistanceMeters>6214.93017578125</DistanceMeters>
            <HeartRateBpm>
              <Value>141</Value>
            </HeartRateBpm>
            <Extensions>
              <ns3:TPX>
                <ns3:Speed>2.378999948501587</ns3:Speed>
                <ns3:RunCadence>81</ns3:RunCadence>
              </ns3:TPX>
            </Extensions>
          </Trackpoint>
          <Trackpoint>
            <Time>2026-06-21T06:52:13.000Z</Time>
            <Position>
              <LatitudeDegrees>50.65888585522771</LatitudeDegrees>
              <LongitudeDegrees>3.059240011498332</LongitudeDegrees>
            </Position>
            <AltitudeMeters>14.800000190734863</AltitudeMeters>
            <DistanceMeters>6220.02001953125</DistanceMeters>
            <HeartRateBpm>
              <Value>141</Value>
            </HeartRateBpm>
            <Extensions>
              <ns3:TPX>
                <ns3:Speed>2.378999948501587</ns3:Speed>
                <ns3:RunCadence>82</ns3:RunCadence>
              </ns3:TPX>
            </Extensions>
          </Trackpoint>
          <Trackpoint>
            <Time>2026-06-21T06:52:21.000Z</Time>
            <Position>
              <LatitudeDegrees>50.65904821269214</LatitudeDegrees>
              <LongitudeDegrees>3.059294829145074</LongitudeDegrees>
            </Position>
            <AltitudeMeters>14.800000190734863</AltitudeMeters>
            <DistanceMeters>6238.52978515625</DistanceMeters>
            <HeartRateBpm>
              <Value>140</Value>
            </HeartRateBpm>
            <Extensions>
              <ns3:TPX>
                <ns3:Speed>2.4260001182556152</ns3:Speed>
                <ns3:RunCadence>83</ns3:RunCadence>
              </ns3:TPX>
            </Extensions>
          </Trackpoint>
          <Trackpoint>
            <Time>2026-06-21T06:52:29.000Z</Time>
            <Position>
              <LatitudeDegrees>50.659225322306156</LatitudeDegrees>
              <LongitudeDegrees>3.0593868624418974</LongitudeDegrees>
            </Position>
            <AltitudeMeters>15.0</AltitudeMeters>
            <DistanceMeters>6259.259765625</DistanceMeters>
            <HeartRateBpm>
              <Value>140</Value>
            </HeartRateBpm>
            <Extensions>
              <ns3:TPX>
                <ns3:Speed>2.434999942779541</ns3:Speed>
                <ns3:RunCadence>81</ns3:RunCadence>
              </ns3:TPX>
            </Extensions>
          </Trackpoint>
          <Trackpoint>
            <Time>2026-06-21T06:52:38.000Z</Time>
            <Position>
              <LatitudeDegrees>50.65941818989813</LatitudeDegrees>
              <LongitudeDegrees>3.059472106397152</LongitudeDegrees>
            </Position>
            <AltitudeMeters>15.0</AltitudeMeters>
            <DistanceMeters>6281.5400390625</DistanceMeters>
            <HeartRateBpm>
              <Value>140</Value>
            </HeartRateBpm>
            <Extensions>
              <ns3:TPX>
                <ns3:Speed>2.444999933242798</ns3:Speed>
                <ns3:RunCadence>82</ns3:RunCadence>
              </ns3:TPX>
            </Extensions>
          </Trackpoint>
          <Trackpoint>
            <Time>2026-06-21T06:52:39.000Z</Time>
            <Position>
              <LatitudeDegrees>50.65943939611316</LatitudeDegrees>
              <LongitudeDegrees>3.0594854336231947</LongitudeDegrees>
            </Position>
            <AltitudeMeters>15.0</AltitudeMeters>
            <DistanceMeters>6284.06982421875</DistanceMeters>
            <HeartRateBpm>
              <Value>140</Value>
            </HeartRateBpm>
            <Extensions>
              <ns3:TPX>
                <ns3:Speed>2.444999933242798</ns3:Speed>
                <ns3:RunCadence>81</ns3:RunCadence>
              </ns3:TPX>
            </Extensions>
          </Trackpoint>
          <Trackpoint>
            <Time>2026-06-21T06:52:46.000Z</Time>
            <Position>
              <LatitudeDegrees>50.659579541534185</LatitudeDegrees>
              <LongitudeDegrees>3.059550980105996</LongitudeDegrees>
            </Position>
            <AltitudeMeters>15.199999809265137</AltitudeMeters>
            <DistanceMeters>6300.35009765625</DistanceMeters>
            <HeartRateBpm>
              <Value>139</Value>
            </HeartRateBpm>
            <Extensions>
              <ns3:TPX>
                <ns3:Speed>2.4539999961853027</ns3:Speed>
                <ns3:RunCadence>81</ns3:RunCadence>
              </ns3:TPX>
            </Extensions>
          </Trackpoint>
          <Trackpoint>
            <Time>2026-06-21T06:52:47.000Z</Time>
            <Position>
              <LatitudeDegrees>50.65959932282567</LatitudeDegrees>
              <LongitudeDegrees>3.0595634691417217</LongitudeDegrees>
            </Position>
            <AltitudeMeters>15.199999809265137</AltitudeMeters>
            <DistanceMeters>6302.7099609375</DistanceMeters>
            <HeartRateBpm>
              <Value>139</Value>
            </HeartRateBpm>
            <Extensions>
              <ns3:TPX>
                <ns3:Speed>2.4539999961853027</ns3:Speed>
                <ns3:RunCadence>82</ns3:RunCadence>
              </ns3:TPX>
            </Extensions>
          </Trackpoint>
          <Trackpoint>
            <Time>2026-06-21T06:52:56.000Z</Time>
            <Position>
              <LatitudeDegrees>50.65978925675154</LatitudeDegrees>
              <LongitudeDegrees>3.059643851593137</LongitudeDegrees>
            </Position>
            <AltitudeMeters>15.0</AltitudeMeters>
            <DistanceMeters>6324.64990234375</DistanceMeters>
            <HeartRateBpm>
              <Value>139</Value>
            </HeartRateBpm>
            <Extensions>
              <ns3:TPX>
                <ns3:Speed>2.4539999961853027</ns3:Speed>
                <ns3:RunCadence>81</ns3:RunCadence>
              </ns3:TPX>
            </Extensions>
          </Trackpoint>
          <Trackpoint>
            <Time>2026-06-21T06:52:57.000Z</Time>
            <Position>
              <LatitudeDegrees>50.659807780757546</LatitudeDegrees>
              <LongitudeDegrees>3.059654412791133</LongitudeDegrees>
            </Position>
            <AltitudeMeters>15.0</AltitudeMeters>
            <DistanceMeters>6326.830078125</DistanceMeters>
            <HeartRateBpm>
              <Value>139</Value>
            </HeartRateBpm>
            <Extensions>
              <ns3:TPX>
                <ns3:Speed>2.4539999961853027</ns3:Speed>
                <ns3:RunCadence>81</ns3:RunCadence>
              </ns3:TPX>
            </Extensions>
          </Trackpoint>
          <Trackpoint>
            <Time>2026-06-21T06:53:05.000Z</Time>
            <Position>
              <LatitudeDegrees>50.65997499972582</LatitudeDegrees>
              <LongitudeDegrees>3.0597505532205105</LongitudeDegrees>
            </Position>
            <AltitudeMeters>15.199999809265137</AltitudeMeters>
            <DistanceMeters>6346.669921875</DistanceMeters>
            <HeartRateBpm>
              <Value>138</Value>
            </HeartRateBpm>
            <Extensions>
              <ns3:TPX>
                <ns3:Speed>2.444999933242798</ns3:Speed>
                <ns3:RunCadence>82</ns3:RunCadence>
              </ns3:TPX>
            </Extensions>
          </Trackpoint>
          <Trackpoint>
            <Time>2026-06-21T06:53:14.000Z</Time>
            <Position>
              <LatitudeDegrees>50.66015210933983</LatitudeDegrees>
              <LongitudeDegrees>3.0598673969507217</LongitudeDegrees>
            </Position>
            <AltitudeMeters>15.199999809265137</AltitudeMeters>
            <DistanceMeters>6368.0</DistanceMeters>
            <HeartRateBpm>
              <Value>138</Value>
            </HeartRateBpm>
            <Extensions>
              <ns3:TPX>
                <ns3:Speed>2.4630000591278076</ns3:Speed>
                <ns3:RunCadence>82</ns3:RunCadence>
              </ns3:TPX>
            </Extensions>
          </Trackpoint>
          <Trackpoint>
            <Time>2026-06-21T06:53:23.000Z</Time>
            <Position>
              <LatitudeDegrees>50.66031186841428</LatitudeDegrees>
              <LongitudeDegrees>3.0599803011864424</LongitudeDegrees>
            </Position>
            <AltitudeMeters>15.199999809265137</AltitudeMeters>
            <DistanceMeters>6387.490234375</DistanceMeters>
            <HeartRateBpm>
              <Value>139</Value>
            </HeartRateBpm>
            <Extensions>
              <ns3:TPX>
                <ns3:Speed>2.4260001182556152</ns3:Speed>
                <ns3:RunCadence>82</ns3:RunCadence>
              </ns3:TPX>
            </Extensions>
          </Trackpoint>
          <Trackpoint>
            <Time>2026-06-21T06:53:26.000Z</Time>
            <Position>
              <LatitudeDegrees>50.660373978316784</LatitudeDegrees>
              <LongitudeDegrees>3.0600117333233356</LongitudeDegrees>
            </Position>
            <AltitudeMeters>15.0</AltitudeMeters>
            <DistanceMeters>6394.77978515625</DistanceMeters>
            <HeartRateBpm>
              <Value>139</Value>
            </HeartRateBpm>
            <Extensions>
              <ns3:TPX>
                <ns3:Speed>2.4170000553131104</ns3:Speed>
                <ns3:RunCadence>82</ns3:RunCadence>
              </ns3:TPX>
            </Extensions>
          </Trackpoint>
          <Trackpoint>
            <Time>2026-06-21T06:53:31.000Z</Time>
            <Position>
              <LatitudeDegrees>50.66046710126102</LatitudeDegrees>
              <LongitudeDegrees>3.059973595663905</LongitudeDegrees>
            </Position>
            <AltitudeMeters>15.0</AltitudeMeters>
            <DistanceMeters>6405.56982421875</DistanceMeters>
            <HeartRateBpm>
              <Value>140</Value>
            </HeartRateBpm>
            <Extensions>
              <ns3:TPX>
                <ns3:Speed>2.3980000019073486</ns3:Speed>
                <ns3:RunCadence>82</ns3:RunCadence>
              </ns3:TPX>
            </Extensions>
          </Trackpoint>
          <Trackpoint>
            <Time>2026-06-21T06:53:33.000Z</Time>
            <Position>
              <LatitudeDegrees>50.660499120131135</LatitudeDegrees>
              <LongitudeDegrees>3.0599852465093136</LongitudeDegrees>
            </Position>
            <AltitudeMeters>15.199999809265137</AltitudeMeters>
            <DistanceMeters>6409.259765625</DistanceMeters>
            <HeartRateBpm>
              <Value>140</Value>
            </HeartRateBpm>
            <Extensions>
              <ns3:TPX>
                <ns3:Speed>2.3980000019073486</ns3:Speed>
                <ns3:RunCadence>82</ns3:RunCadence>
              </ns3:TPX>
            </Extensions>
          </Trackpoint>
          <Trackpoint>
            <Time>2026-06-21T06:53:36.000Z</Time>
            <Position>
              <LatitudeDegrees>50.66053809598088</LatitudeDegrees>
              <LongitudeDegrees>3.060029251500964</LongitudeDegrees>
            </Position>
            <AltitudeMeters>15.399999618530273</AltitudeMeters>
            <DistanceMeters>6414.52001953125</DistanceMeters>
            <HeartRateBpm>
              <Value>140</Value>
            </HeartRateBpm>
            <Extensions>
              <ns3:TPX>
                <ns3:Speed>2.3889999389648438</ns3:Speed>
                <ns3:RunCadence>81</ns3:RunCadence>
              </ns3:TPX>
            </Extensions>
          </Trackpoint>
          <Trackpoint>
            <Time>2026-06-21T06:53:37.000Z</Time>
            <Position>
              <LatitudeDegrees>50.66055402159691</LatitudeDegrees>
              <LongitudeDegrees>3.0600491166114807</LongitudeDegrees>
            </Position>
            <AltitudeMeters>15.399999618530273</AltitudeMeters>
            <DistanceMeters>6416.77978515625</DistanceMeters>
            <HeartRateBpm>
              <Value>140</Value>
            </HeartRateBpm>
            <Extensions>
              <ns3:TPX>
                <ns3:Speed>2.3889999389648438</ns3:Speed>
                <ns3:RunCadence>81</ns3:RunCadence>
              </ns3:TPX>
            </Extensions>
          </Trackpoint>
          <Trackpoint>
            <Time>2026-06-21T06:53:41.000Z</Time>
            <Position>
              <LatitudeDegrees>50.6606200709939</LatitudeDegrees>
              <LongitudeDegrees>3.0600691493600607</LongitudeDegrees>
            </Position>
            <AltitudeMeters>15.399999618530273</AltitudeMeters>
            <DistanceMeters>6424.18017578125</DistanceMeters>
            <HeartRateBpm>
              <Value>139</Value>
            </HeartRateBpm>
            <Extensions>
              <ns3:TPX>
                <ns3:Speed>2.2769999504089355</ns3:Speed>
                <ns3:RunCadence>82</ns3:RunCadence>
              </ns3:TPX>
            </Extensions>
          </Trackpoint>
          <Trackpoint>
            <Time>2026-06-21T06:53:46.000Z</Time>
            <Position>
              <LatitudeDegrees>50.660697938874364</LatitudeDegrees>
              <LongitudeDegrees>3.060095803812146</LongitudeDegrees>
            </Position>
            <AltitudeMeters>15.399999618530273</AltitudeMeters>
            <DistanceMeters>6432.58984375</DistanceMeters>
            <HeartRateBpm>
              <Value>139</Value>
            </HeartRateBpm>
            <Extensions>
              <ns3:TPX>
                <ns3:Speed>2.127000093460083</ns3:Speed>
                <ns3:RunCadence>81</ns3:RunCadence>
              </ns3:TPX>
            </Extensions>
          </Trackpoint>
          <Trackpoint>
            <Time>2026-06-21T06:53:47.000Z</Time>
            <Position>
              <LatitudeDegrees>50.66071730107069</LatitudeDegrees>
              <LongitudeDegrees>3.060093205422163</LongitudeDegrees>
            </Position>
            <AltitudeMeters>15.399999618530273</AltitudeMeters>
            <DistanceMeters>6434.66015625</DistanceMeters>
            <HeartRateBpm>
              <Value>138</Value>
            </HeartRateBpm>
            <Extensions>
              <ns3:TPX>
                <ns3:Speed>2.1089999675750732</ns3:Speed>
                <ns3:RunCadence>81</ns3:RunCadence>
              </ns3:TPX>
            </Extensions>
          </Trackpoint>
          <Trackpoint>
            <Time>2026-06-21T06:53:48.000Z</Time>
            <Position>
              <LatitudeDegrees>50.66073699854314</LatitudeDegrees>
              <LongitudeDegrees>3.0600931216031313</LongitudeDegrees>
            </Position>
            <AltitudeMeters>15.399999618530273</AltitudeMeters>
            <DistanceMeters>6436.47998046875</DistanceMeters>
            <HeartRateBpm>
              <Value>138</Value>
            </HeartRateBpm>
            <Extensions>
              <ns3:TPX>
                <ns3:Speed>2.0899999141693115</ns3:Speed>
                <ns3:RunCadence>81</ns3:RunCadence>
              </ns3:TPX>
            </Extensions>
          </Trackpoint>
          <Trackpoint>
            <Time>2026-06-21T06:53:53.000Z</Time>
            <Position>
              <LatitudeDegrees>50.66083850339055</LatitudeDegrees>
              <LongitudeDegrees>3.0602064449340105</LongitudeDegrees>
            </Position>
            <AltitudeMeters>15.600000381469727</AltitudeMeters>
            <DistanceMeters>6450.43994140625</DistanceMeters>
            <HeartRateBpm>
              <Value>138</Value>
            </HeartRateBpm>
            <Extensions>
              <ns3:TPX>
                <ns3:Speed>2.00600004196167</ns3:Speed>
                <ns3:RunCadence>82</ns3:RunCadence>
              </ns3:TPX>
            </Extensions>
          </Trackpoint>
          <Trackpoint>
            <Time>2026-06-21T06:54:01.000Z</Time>
            <Position>
              <LatitudeDegrees>50.66099935211241</LatitudeDegrees>
              <LongitudeDegrees>3.060348015278578</LongitudeDegrees>
            </Position>
            <AltitudeMeters>15.199999809265137</AltitudeMeters>
            <DistanceMeters>6470.97998046875</DistanceMeters>
            <HeartRateBpm>
              <Value>139</Value>
            </HeartRateBpm>
            <Extensions>
              <ns3:TPX>
                <ns3:Speed>1.9500000476837158</ns3:Speed>
                <ns3:RunCadence>82</ns3:RunCadence>
              </ns3:TPX>
            </Extensions>
          </Trackpoint>
          <Trackpoint>
            <Time>2026-06-21T06:54:06.000Z</Time>
            <Position>
              <LatitudeDegrees>50.66109222359955</LatitudeDegrees>
              <LongitudeDegrees>3.0604859814047813</LongitudeDegrees>
            </Position>
            <AltitudeMeters>15.199999809265137</AltitudeMeters>
            <DistanceMeters>6485.169921875</DistanceMeters>
            <HeartRateBpm>
              <Value>139</Value>
            </HeartRateBpm>
            <Extensions>
              <ns3:TPX>
                <ns3:Speed>2.0810000896453857</ns3:Speed>
                <ns3:RunCadence>81</ns3:RunCadence>
              </ns3:TPX>
            </Extensions>
          </Trackpoint>
          <Trackpoint>
            <Time>2026-06-21T06:54:09.000Z</Time>
            <Position>
              <LatitudeDegrees>50.66113346256316</LatitudeDegrees>
              <LongitudeDegrees>3.06056996807456</LongitudeDegrees>
            </Position>
            <AltitudeMeters>15.399999618530273</AltitudeMeters>
            <DistanceMeters>6492.68017578125</DistanceMeters>
            <HeartRateBpm>
              <Value>139</Value>
            </HeartRateBpm>
            <Extensions>
              <ns3:TPX>
                <ns3:Speed>2.13700008392334</ns3:Speed>
                <ns3:RunCadence>81</ns3:RunCadence>
              </ns3:TPX>
            </Extensions>
          </Trackpoint>
          <Trackpoint>
            <Time>2026-06-21T06:54:16.000Z</Time>
            <Position>
              <LatitudeDegrees>50.6612366437912</LatitudeDegrees>
              <LongitudeDegrees>3.060745820403099</LongitudeDegrees>
            </Position>
            <AltitudeMeters>15.199999809265137</AltitudeMeters>
            <DistanceMeters>6509.6298828125</DistanceMeters>
            <HeartRateBpm>
              <Value>139</Value>
            </HeartRateBpm>
            <Extensions>
              <ns3:TPX>
                <ns3:Speed>2.127000093460083</ns3:Speed>
                <ns3:RunCadence>81</ns3:RunCadence>
              </ns3:TPX>
            </Extensions>
          </Trackpoint>
          <Trackpoint>
            <Time>2026-06-21T06:54:23.000Z</Time>
            <Position>
              <LatitudeDegrees>50.661371760070324</LatitudeDegrees>
              <LongitudeDegrees>3.0608160607516766</LongitudeDegrees>
            </Position>
            <AltitudeMeters>15.199999809265137</AltitudeMeters>
            <DistanceMeters>6525.60986328125</DistanceMeters>
            <HeartRateBpm>
              <Value>139</Value>
            </HeartRateBpm>
            <Extensions>
              <ns3:TPX>
                <ns3:Speed>2.118000030517578</ns3:Speed>
                <ns3:RunCadence>81</ns3:RunCadence>
              </ns3:TPX>
            </Extensions>
          </Trackpoint>
          <Trackpoint>
            <Time>2026-06-21T06:54:32.000Z</Time>
            <Position>
              <LatitudeDegrees>50.66155758686364</LatitudeDegrees>
              <LongitudeDegrees>3.0609259475022554</LongitudeDegrees>
            </Position>
            <AltitudeMeters>15.199999809265137</AltitudeMeters>
            <DistanceMeters>6547.72998046875</DistanceMeters>
            <HeartRateBpm>
              <Value>139</Value>
            </HeartRateBpm>
            <Extensions>
              <ns3:TPX>
                <ns3:Speed>2.13700008392334</ns3:Speed>
                <ns3:RunCadence>82</ns3:RunCadence>
              </ns3:TPX>
            </Extensions>
          </Trackpoint>
          <Trackpoint>
            <Time>2026-06-21T06:54:41.000Z</Time>
            <Position>
              <LatitudeDegrees>50.66173226572573</LatitudeDegrees>
              <LongitudeDegrees>3.0610111076384783</LongitudeDegrees>
            </Position>
            <AltitudeMeters>15.0</AltitudeMeters>
            <DistanceMeters>6568.10986328125</DistanceMeters>
            <HeartRateBpm>
              <Value>139</Value>
            </HeartRateBpm>
            <Extensions>
              <ns3:TPX>
                <ns3:Speed>2.2209999561309814</ns3:Speed>
                <ns3:RunCadence>81</ns3:RunCadence>
              </ns3:TPX>
            </Extensions>
          </Trackpoint>
          <Trackpoint>
            <Time>2026-06-21T06:54:47.000Z</Time>
            <Position>
              <LatitudeDegrees>50.66185237839818</LatitudeDegrees>
              <LongitudeDegrees>3.0611131992191076</LongitudeDegrees>
            </Position>
            <AltitudeMeters>15.199999809265137</AltitudeMeters>
            <DistanceMeters>6583.4501953125</DistanceMeters>
            <HeartRateBpm>
              <Value>138</Value>
            </HeartRateBpm>
            <Extensions>
              <ns3:TPX>
                <ns3:Speed>2.2019999027252197</ns3:Speed>
                <ns3:RunCadence>82</ns3:RunCadence>
              </ns3:TPX>
            </Extensions>
          </Trackpoint>
          <Trackpoint>
            <Time>2026-06-21T06:54:48.000Z</Time>
            <Position>
              <LatitudeDegrees>50.661859000101686</LatitudeDegrees>
              <LongitudeDegrees>3.0611449666321278</LongitudeDegrees>
            </Position>
            <AltitudeMeters>15.399999618530273</AltitudeMeters>
            <DistanceMeters>6585.68017578125</DistanceMeters>
            <HeartRateBpm>
              <Value>138</Value>
            </HeartRateBpm>
            <Extensions>
              <ns3:TPX>
                <ns3:Speed>2.2019999027252197</ns3:Speed>
                <ns3:RunCadence>82</ns3:RunCadence>
              </ns3:TPX>
            </Extensions>
          </Trackpoint>
          <Trackpoint>
            <Time>2026-06-21T06:54:51.000Z</Time>
            <Position>
              <LatitudeDegrees>50.661861933767796</LatitudeDegrees>
              <LongitudeDegrees>3.061238257214427</LongitudeDegrees>
            </Position>
            <AltitudeMeters>15.600000381469727</AltitudeMeters>
            <DistanceMeters>6592.16015625</DistanceMeters>
            <HeartRateBpm>
              <Value>138</Value>
            </HeartRateBpm>
            <Extensions>
              <ns3:TPX>
                <ns3:Speed>2.2109999656677246</ns3:Speed>
                <ns3:RunCadence>83</ns3:RunCadence>
              </ns3:TPX>
            </Extensions>
          </Trackpoint>
          <Trackpoint>
            <Time>2026-06-21T06:54:56.000Z</Time>
            <Position>
              <LatitudeDegrees>50.661862436681986</LatitudeDegrees>
              <LongitudeDegrees>3.06139525026083</LongitudeDegrees>
            </Position>
            <AltitudeMeters>16.0</AltitudeMeters>
            <DistanceMeters>6603.16015625</DistanceMeters>
            <HeartRateBpm>
              <Value>139</Value>
            </HeartRateBpm>
            <Extensions>
              <ns3:TPX>
                <ns3:Speed>2.239000082015991</ns3:Speed>
                <ns3:RunCadence>82</ns3:RunCadence>
              </ns3:TPX>
            </Extensions>
          </Trackpoint>
          <Trackpoint>
            <Time>2026-06-21T06:55:04.000Z</Time>
            <Position>
              <LatitudeDegrees>50.66185514442623</LatitudeDegrees>
              <LongitudeDegrees>3.06165031157434</LongitudeDegrees>
            </Position>
            <AltitudeMeters>16.600000381469727</AltitudeMeters>
            <DistanceMeters>6621.14990234375</DistanceMeters>
            <HeartRateBpm>
              <Value>142</Value>
            </HeartRateBpm>
            <Extensions>
              <ns3:TPX>
                <ns3:Speed>2.2769999504089355</ns3:Speed>
                <ns3:RunCadence>82</ns3:RunCadence>
              </ns3:TPX>
            </Extensions>
          </Trackpoint>
          <Trackpoint>
            <Time>2026-06-21T06:55:05.000Z</Time>
            <Position>
              <LatitudeDegrees>50.661856569349766</LatitudeDegrees>
              <LongitudeDegrees>3.061679983511567</LongitudeDegrees>
            </Position>
            <AltitudeMeters>16.799999237060547</AltitudeMeters>
            <DistanceMeters>6623.240234375</DistanceMeters>
            <HeartRateBpm>
              <Value>142</Value>
            </HeartRateBpm>
            <Extensions>
              <ns3:TPX>
                <ns3:Speed>2.2769999504089355</ns3:Speed>
                <ns3:RunCadence>82</ns3:RunCadence>
              </ns3:TPX>
            </Extensions>
          </Trackpoint>
          <Trackpoint>
            <Time>2026-06-21T06:55:08.000Z</Time>
            <Position>
              <LatitudeDegrees>50.66184852272272</LatitudeDegrees>
              <LongitudeDegrees>3.0617700051516294</LongitudeDegrees>
            </Position>
            <AltitudeMeters>17.0</AltitudeMeters>
            <DistanceMeters>6629.68017578125</DistanceMeters>
            <HeartRateBpm>
              <Value>144</Value>
            </HeartRateBpm>
            <Extensions>
              <ns3:TPX>
                <ns3:Speed>2.2860000133514404</ns3:Speed>
                <ns3:RunCadence>80</ns3:RunCadence>
              </ns3:TPX>
            </Extensions>
          </Trackpoint>
          <Trackpoint>
            <Time>2026-06-21T06:55:17.000Z</Time>
            <Position>
              <LatitudeDegrees>50.661834022030234</LatitudeDegrees>
              <LongitudeDegrees>3.062039902433753</LongitudeDegrees>
            </Position>
            <AltitudeMeters>17.799999237060547</AltitudeMeters>
            <DistanceMeters>6648.81982421875</DistanceMeters>
            <HeartRateBpm>
              <Value>145</Value>
            </HeartRateBpm>
            <Extensions>
              <ns3:TPX>
                <ns3:Speed>2.2769999504089355</ns3:Speed>
                <ns3:RunCadence>81</ns3:RunCadence>
              </ns3:TPX>
            </Extensions>
          </Trackpoint>
          <Trackpoint>
            <Time>2026-06-21T06:55:19.000Z</Time>
            <Position>
              <LatitudeDegrees>50.6618273165077</LatitudeDegrees>
              <LongitudeDegrees>3.0621036887168884</LongitudeDegrees>
            </Position>
            <AltitudeMeters>17.799999237060547</AltitudeMeters>
            <DistanceMeters>6653.3798828125</DistanceMeters>
            <HeartRateBpm>
              <Value>145</Value>
            </HeartRateBpm>
            <Extensions>
              <ns3:TPX>
                <ns3:Speed>2.2769999504089355</ns3:Speed>
                <ns3:RunCadence>81</ns3:RunCadence>
              </ns3:TPX>
            </Extensions>
          </Trackpoint>
          <Trackpoint>
            <Time>2026-06-21T06:55:28.000Z</Time>
            <Position>
              <LatitudeDegrees>50.66180543974042</LatitudeDegrees>
              <LongitudeDegrees>3.0623899307101965</LongitudeDegrees>
            </Position>
            <AltitudeMeters>18.0</AltitudeMeters>
            <DistanceMeters>6673.77001953125</DistanceMeters>
            <HeartRateBpm>
              <Value>146</Value>
            </HeartRateBpm>
            <Extensions>
              <ns3:TPX>
                <ns3:Speed>2.2860000133514404</ns3:Speed>
                <ns3:RunCadence>81</ns3:RunCadence>
              </ns3:TPX>
            </Extensions>
          </Trackpoint>
          <Trackpoint>
            <Time>2026-06-21T06:55:31.000Z</Time>
            <Position>
              <LatitudeDegrees>50.66179898567498</LatitudeDegrees>
              <LongitudeDegrees>3.0624809581786394</LongitudeDegrees>
            </Position>
            <AltitudeMeters>17.799999237060547</AltitudeMeters>
            <DistanceMeters>6680.27001953125</DistanceMeters>
            <HeartRateBpm>
              <Value>147</Value>
            </HeartRateBpm>
            <Extensions>
              <ns3:TPX>
                <ns3:Speed>2.2960000038146973</ns3:Speed>
                <ns3:RunCadence>82</ns3:RunCadence>
              </ns3:TPX>
            </Extensions>
          </Trackpoint>
          <Trackpoint>
            <Time>2026-06-21T06:55:40.000Z</Time>
            <Position>
              <LatitudeDegrees>50.66178138367832</LatitudeDegrees>
              <LongitudeDegrees>3.0627625063061714</LongitudeDegrees>
            </Position>
            <AltitudeMeters>17.600000381469727</AltitudeMeters>
            <DistanceMeters>6700.27001953125</DistanceMeters>
            <HeartRateBpm>
              <Value>148</Value>
            </HeartRateBpm>
            <Extensions>
              <ns3:TPX>
                <ns3:Speed>2.2960000038146973</ns3:Speed>
                <ns3:RunCadence>82</ns3:RunCadence>
              </ns3:TPX>
            </Extensions>
          </Trackpoint>
          <Trackpoint>
            <Time>2026-06-21T06:55:41.000Z</Time>
            <Position>
              <LatitudeDegrees>50.66177777945995</LatitudeDegrees>
              <LongitudeDegrees>3.0627931840717793</LongitudeDegrees>
            </Position>
            <AltitudeMeters>17.600000381469727</AltitudeMeters>
            <DistanceMeters>6702.47998046875</DistanceMeters>
            <HeartRateBpm>
              <Value>148</Value>
            </HeartRateBpm>
            <Extensions>
              <ns3:TPX>
                <ns3:Speed>2.2960000038146973</ns3:Speed>
                <ns3:RunCadence>82</ns3:RunCadence>
              </ns3:TPX>
            </Extensions>
          </Trackpoint>
          <Trackpoint>
            <Time>2026-06-21T06:55:50.000Z</Time>
            <Position>
              <LatitudeDegrees>50.661770487204194</LatitudeDegrees>
              <LongitudeDegrees>3.063083617016673</LongitudeDegrees>
            </Position>
            <AltitudeMeters>17.399999618530273</AltitudeMeters>
            <DistanceMeters>6723.0498046875</DistanceMeters>
            <HeartRateBpm>
              <Value>147</Value>
            </HeartRateBpm>
            <Extensions>
              <ns3:TPX>
                <ns3:Speed>2.2960000038146973</ns3:Speed>
                <ns3:RunCadence>82</ns3:RunCadence>
              </ns3:TPX>
            </Extensions>
          </Trackpoint>
          <Trackpoint>
            <Time>2026-06-21T06:55:56.000Z</Time>
            <Position>
              <LatitudeDegrees>50.66181365400553</LatitudeDegrees>
              <LongitudeDegrees>3.063233904540539</LongitudeDegrees>
            </Position>
            <AltitudeMeters>17.200000762939453</AltitudeMeters>
            <DistanceMeters>6735.10009765625</DistanceMeters>
            <HeartRateBpm>
              <Value>145</Value>
            </HeartRateBpm>
            <Extensions>
              <ns3:TPX>
                <ns3:Speed>2.305000066757202</ns3:Speed>
                <ns3:RunCadence>82</ns3:RunCadence>
              </ns3:TPX>
            </Extensions>
          </Trackpoint>
          <Trackpoint>
            <Time>2026-06-21T06:56:02.000Z</Time>
            <Position>
              <LatitudeDegrees>50.66185765899718</LatitudeDegrees>
              <LongitudeDegrees>3.0632961820811033</LongitudeDegrees>
            </Position>
            <AltitudeMeters>17.0</AltitudeMeters>
            <DistanceMeters>6741.72021484375</DistanceMeters>
            <HeartRateBpm>
              <Value>143</Value>
            </HeartRateBpm>
            <Extensions>
              <ns3:TPX>
                <ns3:Speed>2.2209999561309814</ns3:Speed>
                <ns3:RunCadence>0</ns3:RunCadence>
              </ns3:TPX>
            </Extensions>
          </Trackpoint>
          <Trackpoint>
            <Time>2026-06-21T06:56:07.000Z</Time>
            <Position>
              <LatitudeDegrees>50.661857575178146</LatitudeDegrees>
              <LongitudeDegrees>3.0633135326206684</LongitudeDegrees>
            </Position>
            <AltitudeMeters>16.799999237060547</AltitudeMeters>
            <DistanceMeters>6743.10009765625</DistanceMeters>
            <HeartRateBpm>
              <Value>142</Value>
            </HeartRateBpm>
            <Extensions>
              <ns3:TPX>
                <ns3:Speed>0.0</ns3:Speed>
                <ns3:RunCadence>0</ns3:RunCadence>
              </ns3:TPX>
            </Extensions>
          </Trackpoint>
          <Trackpoint>
            <Time>2026-06-21T06:56:34.000Z</Time>
            <Position>
              <LatitudeDegrees>50.66185631789267</LatitudeDegrees>
              <LongitudeDegrees>3.0635838489979506</LongitudeDegrees>
            </Position>
            <AltitudeMeters>15.800000190734863</AltitudeMeters>
            <DistanceMeters>6743.10009765625</DistanceMeters>
            <HeartRateBpm>
              <Value>132</Value>
            </HeartRateBpm>
            <Extensions>
              <ns3:TPX>
                <ns3:Speed>2.0999999046325684</ns3:Speed>
                <ns3:RunCadence>83</ns3:RunCadence>
              </ns3:TPX>
            </Extensions>
          </Trackpoint>
          <Trackpoint>
            <Time>2026-06-21T06:56:35.000Z</Time>
            <Position>
              <LatitudeDegrees>50.66186461597681</LatitudeDegrees>
              <LongitudeDegrees>3.0636224895715714</LongitudeDegrees>
            </Position>
            <AltitudeMeters>15.800000190734863</AltitudeMeters>
            <DistanceMeters>6745.9501953125</DistanceMeters>
            <HeartRateBpm>
              <Value>132</Value>
            </HeartRateBpm>
            <Extensions>
              <ns3:TPX>
                <ns3:Speed>2.11899995803833</ns3:Speed>
                <ns3:RunCadence>83</ns3:RunCadence>
              </ns3:TPX>
            </Extensions>
          </Trackpoint>
          <Trackpoint>
            <Time>2026-06-21T06:56:36.000Z</Time>
            <Position>
              <LatitudeDegrees>50.661862436681986</LatitudeDegrees>
              <LongitudeDegrees>3.0636644829064608</LongitudeDegrees>
            </Position>
            <AltitudeMeters>16.0</AltitudeMeters>
            <DistanceMeters>6748.85009765625</DistanceMeters>
            <HeartRateBpm>
              <Value>131</Value>
            </HeartRateBpm>
            <Extensions>
              <ns3:TPX>
                <ns3:Speed>2.11899995803833</ns3:Speed>
                <ns3:RunCadence>83</ns3:RunCadence>
              </ns3:TPX>
            </Extensions>
          </Trackpoint>
          <Trackpoint>
            <Time>2026-06-21T06:56:38.000Z</Time>
            <Position>
              <LatitudeDegrees>50.66186553798616</LatitudeDegrees>
              <LongitudeDegrees>3.0637304484844208</LongitudeDegrees>
            </Position>
            <AltitudeMeters>16.0</AltitudeMeters>
            <DistanceMeters>6753.509765625</DistanceMeters>
            <HeartRateBpm>
              <Value>129</Value>
            </HeartRateBpm>
            <Extensions>
              <ns3:TPX>
                <ns3:Speed>2.13700008392334</ns3:Speed>
                <ns3:RunCadence>83</ns3:RunCadence>
              </ns3:TPX>
            </Extensions>
          </Trackpoint>
          <Trackpoint>
            <Time>2026-06-21T06:56:42.000Z</Time>
            <Position>
              <LatitudeDegrees>50.66187475807965</LatitudeDegrees>
              <LongitudeDegrees>3.063882580026984</LongitudeDegrees>
            </Position>
            <AltitudeMeters>16.0</AltitudeMeters>
            <DistanceMeters>6764.2998046875</DistanceMeters>
            <HeartRateBpm>
              <Value>126</Value>
            </HeartRateBpm>
            <Extensions>
              <ns3:TPX>
                <ns3:Speed>2.2209999561309814</ns3:Speed>
                <ns3:RunCadence>83</ns3:RunCadence>
              </ns3:TPX>
            </Extensions>
          </Trackpoint>
          <Trackpoint>
            <Time>2026-06-21T06:56:44.000Z</Time>
            <Position>
              <LatitudeDegrees>50.66187827847898</LatitudeDegrees>
              <LongitudeDegrees>3.0639555864036083</LongitudeDegrees>
            </Position>
            <AltitudeMeters>16.200000762939453</AltitudeMeters>
            <DistanceMeters>6769.47998046875</DistanceMeters>
            <HeartRateBpm>
              <Value>127</Value>
            </HeartRateBpm>
            <Extensions>
              <ns3:TPX>
                <ns3:Speed>2.259000062942505</ns3:Speed>
                <ns3:RunCadence>84</ns3:RunCadence>
              </ns3:TPX>
            </Extensions>
          </Trackpoint>
          <Trackpoint>
            <Time>2026-06-21T06:56:50.000Z</Time>
            <Position>
              <LatitudeDegrees>50.66188372671604</LatitudeDegrees>
              <LongitudeDegrees>3.0641632061451674</LongitudeDegrees>
            </Position>
            <AltitudeMeters>16.200000762939453</AltitudeMeters>
            <DistanceMeters>6784.14990234375</DistanceMeters>
            <HeartRateBpm>
              <Value>130</Value>
            </HeartRateBpm>
            <Extensions>
              <ns3:TPX>
                <ns3:Speed>2.369999885559082</ns3:Speed>
                <ns3:RunCadence>81</ns3:RunCadence>
              </ns3:TPX>
            </Extensions>
          </Trackpoint>
          <Trackpoint>
            <Time>2026-06-21T06:56:51.000Z</Time>
            <Position>
              <LatitudeDegrees>50.66188422963023</LatitudeDegrees>
              <LongitudeDegrees>3.064198326319456</LongitudeDegrees>
            </Position>
            <AltitudeMeters>16.200000762939453</AltitudeMeters>
            <DistanceMeters>6786.6298828125</DistanceMeters>
            <HeartRateBpm>
              <Value>130</Value>
            </HeartRateBpm>
            <Extensions>
              <ns3:TPX>
                <ns3:Speed>2.371000051498413</ns3:Speed>
                <ns3:RunCadence>81</ns3:RunCadence>
              </ns3:TPX>
            </Extensions>
          </Trackpoint>
          <Trackpoint>
            <Time>2026-06-21T06:56:55.000Z</Time>
            <Position>
              <LatitudeDegrees>50.66188557073474</LatitudeDegrees>
              <LongitudeDegrees>3.06431676261127</LongitudeDegrees>
            </Position>
            <AltitudeMeters>16.200000762939453</AltitudeMeters>
            <DistanceMeters>6794.919921875</DistanceMeters>
            <HeartRateBpm>
              <Value>131</Value>
            </HeartRateBpm>
            <Extensions>
              <ns3:TPX>
                <ns3:Speed>2.3889999389648438</ns3:Speed>
                <ns3:RunCadence>81</ns3:RunCadence>
              </ns3:TPX>
            </Extensions>
          </Trackpoint>
          <Trackpoint>
            <Time>2026-06-21T06:56:57.000Z</Time>
            <Position>
              <LatitudeDegrees>50.66189579665661</LatitudeDegrees>
              <LongitudeDegrees>3.064383650198579</LongitudeDegrees>
            </Position>
            <AltitudeMeters>16.200000762939453</AltitudeMeters>
            <DistanceMeters>6799.68017578125</DistanceMeters>
            <HeartRateBpm>
              <Value>131</Value>
            </HeartRateBpm>
            <Extensions>
              <ns3:TPX>
                <ns3:Speed>2.369999885559082</ns3:Speed>
                <ns3:RunCadence>81</ns3:RunCadence>
              </ns3:TPX>
            </Extensions>
          </Trackpoint>
          <Trackpoint>
            <Time>2026-06-21T06:57:03.000Z</Time>
            <Position>
              <LatitudeDegrees>50.66192680969834</LatitudeDegrees>
              <LongitudeDegrees>3.0645969696342945</LongitudeDegrees>
            </Position>
            <AltitudeMeters>16.399999618530273</AltitudeMeters>
            <DistanceMeters>6815.0498046875</DistanceMeters>
            <HeartRateBpm>
              <Value>131</Value>
            </HeartRateBpm>
            <Extensions>
              <ns3:TPX>
                <ns3:Speed>2.3889999389648438</ns3:Speed>
                <ns3:RunCadence>81</ns3:RunCadence>
              </ns3:TPX>
            </Extensions>
          </Trackpoint>
          <Trackpoint>
            <Time>2026-06-21T06:57:04.000Z</Time>
            <Position>
              <LatitudeDegrees>50.6619274802506</LatitudeDegrees>
              <LongitudeDegrees>3.0646294075995684</LongitudeDegrees>
            </Position>
            <AltitudeMeters>16.399999618530273</AltitudeMeters>
            <DistanceMeters>6817.2998046875</DistanceMeters>
            <HeartRateBpm>
              <Value>131</Value>
            </HeartRateBpm>
            <Extensions>
              <ns3:TPX>
                <ns3:Speed>2.3980000019073486</ns3:Speed>
                <ns3:RunCadence>83</ns3:RunCadence>
              </ns3:TPX>
            </Extensions>
          </Trackpoint>
          <Trackpoint>
            <Time>2026-06-21T06:57:07.000Z</Time>
            <Position>
              <LatitudeDegrees>50.6619446631521</LatitudeDegrees>
              <LongitudeDegrees>3.0647330917418003</LongitudeDegrees>
            </Position>
            <AltitudeMeters>16.399999618530273</AltitudeMeters>
            <DistanceMeters>6824.759765625</DistanceMeters>
            <HeartRateBpm>
              <Value>132</Value>
            </HeartRateBpm>
            <Extensions>
              <ns3:TPX>
                <ns3:Speed>2.3980000019073486</ns3:Speed>
                <ns3:RunCadence>84</ns3:RunCadence>
              </ns3:TPX>
            </Extensions>
          </Trackpoint>
          <Trackpoint>
            <Time>2026-06-21T06:57:14.000Z</Time>
            <Position>
              <LatitudeDegrees>50.66198917105794</LatitudeDegrees>
              <LongitudeDegrees>3.0649918410927057</LongitudeDegrees>
            </Position>
            <AltitudeMeters>16.399999618530273</AltitudeMeters>
            <DistanceMeters>6843.7900390625</DistanceMeters>
            <HeartRateBpm>
              <Value>134</Value>
            </HeartRateBpm>
            <Extensions>
              <ns3:TPX>
                <ns3:Speed>2.3889999389648438</ns3:Speed>
                <ns3:RunCadence>82</ns3:RunCadence>
              </ns3:TPX>
            </Extensions>
          </Trackpoint>
          <Trackpoint>
            <Time>2026-06-21T06:57:21.000Z</Time>
            <Position>
              <LatitudeDegrees>50.6619964633137</LatitudeDegrees>
              <LongitudeDegrees>3.0652443040162325</LongitudeDegrees>
            </Position>
            <AltitudeMeters>16.600000381469727</AltitudeMeters>
            <DistanceMeters>6861.6201171875</DistanceMeters>
            <HeartRateBpm>
              <Value>135</Value>
            </HeartRateBpm>
            <Extensions>
              <ns3:TPX>
                <ns3:Speed>2.434999942779541</ns3:Speed>
                <ns3:RunCadence>82</ns3:RunCadence>
              </ns3:TPX>
            </Extensions>
          </Trackpoint>
          <Trackpoint>
            <Time>2026-06-21T06:57:25.000Z</Time>
            <Position>
              <LatitudeDegrees>50.661995792761445</LatitudeDegrees>
              <LongitudeDegrees>3.0653829406946898</LongitudeDegrees>
            </Position>
            <AltitudeMeters>16.799999237060547</AltitudeMeters>
            <DistanceMeters>6871.41015625</DistanceMeters>
            <HeartRateBpm>
              <Value>136</Value>
            </HeartRateBpm>
            <Extensions>
              <ns3:TPX>
                <ns3:Speed>2.4630000591278076</ns3:Speed>
                <ns3:RunCadence>83</ns3:RunCadence>
              </ns3:TPX>
            </Extensions>
          </Trackpoint>
          <Trackpoint>
            <Time>2026-06-21T06:57:27.000Z</Time>
            <Position>
              <LatitudeDegrees>50.6619980558753</LatitudeDegrees>
              <LongitudeDegrees>3.065452678129077</LongitudeDegrees>
            </Position>
            <AltitudeMeters>16.799999237060547</AltitudeMeters>
            <DistanceMeters>6876.330078125</DistanceMeters>
            <HeartRateBpm>
              <Value>136</Value>
            </HeartRateBpm>
            <Extensions>
              <ns3:TPX>
                <ns3:Speed>2.4630000591278076</ns3:Speed>
                <ns3:RunCadence>83</ns3:RunCadence>
              </ns3:TPX>
            </Extensions>
          </Trackpoint>
          <Trackpoint>
            <Time>2026-06-21T06:57:29.000Z</Time>
            <Position>
              <LatitudeDegrees>50.66198296844959</LatitudeDegrees>
              <LongitudeDegrees>3.065514788031578</LongitudeDegrees>
            </Position>
            <AltitudeMeters>16.799999237060547</AltitudeMeters>
            <DistanceMeters>6880.990234375</DistanceMeters>
            <HeartRateBpm>
              <Value>137</Value>
            </HeartRateBpm>
            <Extensions>
              <ns3:TPX>
                <ns3:Speed>2.4630000591278076</ns3:Speed>
                <ns3:RunCadence>81</ns3:RunCadence>
              </ns3:TPX>
            </Extensions>
          </Trackpoint>
          <Trackpoint>
            <Time>2026-06-21T06:57:38.000Z</Time>
            <Position>
              <LatitudeDegrees>50.661939047276974</LatitudeDegrees>
              <LongitudeDegrees>3.065821146592498</LongitudeDegrees>
            </Position>
            <AltitudeMeters>17.0</AltitudeMeters>
            <DistanceMeters>6903.02978515625</DistanceMeters>
            <HeartRateBpm>
              <Value>139</Value>
            </HeartRateBpm>
            <Extensions>
              <ns3:TPX>
                <ns3:Speed>2.4730000495910645</ns3:Speed>
                <ns3:RunCadence>82</ns3:RunCadence>
              </ns3:TPX>
            </Extensions>
          </Trackpoint>
          <Trackpoint>
            <Time>2026-06-21T06:57:46.000Z</Time>
            <Position>
              <LatitudeDegrees>50.66194801591337</LatitudeDegrees>
              <LongitudeDegrees>3.0661027785390615</LongitudeDegrees>
            </Position>
            <AltitudeMeters>17.0</AltitudeMeters>
            <DistanceMeters>6923.0</DistanceMeters>
            <HeartRateBpm>
              <Value>140</Value>
            </HeartRateBpm>
            <Extensions>
              <ns3:TPX>
                <ns3:Speed>2.500999927520752</ns3:Speed>
                <ns3:RunCadence>82</ns3:RunCadence>
              </ns3:TPX>
            </Extensions>
          </Trackpoint>
          <Trackpoint>
            <Time>2026-06-21T06:57:48.000Z</Time>
            <Position>
              <LatitudeDegrees>50.66194030456245</LatitudeDegrees>
              <LongitudeDegrees>3.066169833764434</LongitudeDegrees>
            </Position>
            <AltitudeMeters>16.799999237060547</AltitudeMeters>
            <DistanceMeters>6927.91015625</DistanceMeters>
            <HeartRateBpm>
              <Value>140</Value>
            </HeartRateBpm>
            <Extensions>
              <ns3:TPX>
                <ns3:Speed>2.509999990463257</ns3:Speed>
                <ns3:RunCadence>82</ns3:RunCadence>
              </ns3:TPX>
            </Extensions>
          </Trackpoint>
          <Trackpoint>
            <Time>2026-06-21T06:57:50.000Z</Time>
            <Position>
              <LatitudeDegrees>50.6619412265718</LatitudeDegrees>
              <LongitudeDegrees>3.066238733008504</LongitudeDegrees>
            </Position>
            <AltitudeMeters>16.799999237060547</AltitudeMeters>
            <DistanceMeters>6932.77978515625</DistanceMeters>
            <HeartRateBpm>
              <Value>140</Value>
            </HeartRateBpm>
            <Extensions>
              <ns3:TPX>
                <ns3:Speed>2.509999990463257</ns3:Speed>
                <ns3:RunCadence>81</ns3:RunCadence>
              </ns3:TPX>
            </Extensions>
          </Trackpoint>
          <Trackpoint>
            <Time>2026-06-21T06:57:55.000Z</Time>
            <Position>
              <LatitudeDegrees>50.661940639838576</LatitudeDegrees>
              <LongitudeDegrees>3.0663898587226868</LongitudeDegrees>
            </Position>
            <AltitudeMeters>17.0</AltitudeMeters>
            <DistanceMeters>6943.47021484375</DistanceMeters>
            <HeartRateBpm>
              <Value>141</Value>
            </HeartRateBpm>
            <Extensions>
              <ns3:TPX>
                <ns3:Speed>2.5190000534057617</ns3:Speed>
                <ns3:RunCadence>81</ns3:RunCadence>
              </ns3:TPX>
            </Extensions>
          </Trackpoint>
          <Trackpoint>
            <Time>2026-06-21T06:57:57.000Z</Time>
            <Position>
              <LatitudeDegrees>50.66194080747664</LatitudeDegrees>
              <LongitudeDegrees>3.066451298072934</LongitudeDegrees>
            </Position>
            <AltitudeMeters>17.0</AltitudeMeters>
            <DistanceMeters>6947.81982421875</DistanceMeters>
            <HeartRateBpm>
              <Value>141</Value>
            </HeartRateBpm>
            <Extensions>
              <ns3:TPX>
                <ns3:Speed>2.509999990463257</ns3:Speed>
                <ns3:RunCadence>81</ns3:RunCadence>
              </ns3:TPX>
            </Extensions>
          </Trackpoint>
          <Trackpoint>
            <Time>2026-06-21T06:58:06.000Z</Time>
            <Position>
              <LatitudeDegrees>50.66193393431604</LatitudeDegrees>
              <LongitudeDegrees>3.066757572814822</LongitudeDegrees>
            </Position>
            <AltitudeMeters>17.0</AltitudeMeters>
            <DistanceMeters>6969.58984375</DistanceMeters>
            <HeartRateBpm>
              <Value>141</Value>
            </HeartRateBpm>
            <Extensions>
              <ns3:TPX>
                <ns3:Speed>2.4820001125335693</ns3:Speed>
                <ns3:RunCadence>82</ns3:RunCadence>
              </ns3:TPX>
            </Extensions>
          </Trackpoint>
          <Trackpoint>
            <Time>2026-06-21T06:58:11.000Z</Time>
            <Position>
              <LatitudeDegrees>50.66195438615978</LatitudeDegrees>
              <LongitudeDegrees>3.0669348500669003</LongitudeDegrees>
            </Position>
            <AltitudeMeters>17.0</AltitudeMeters>
            <DistanceMeters>6982.39013671875</DistanceMeters>
            <HeartRateBpm>
              <Value>142</Value>
            </HeartRateBpm>
            <Extensions>
              <ns3:TPX>
                <ns3:Speed>2.4730000495910645</ns3:Speed>
                <ns3:RunCadence>82</ns3:RunCadence>
              </ns3:TPX>
            </Extensions>
          </Trackpoint>
          <Trackpoint>
            <Time>2026-06-21T06:58:18.000Z</Time>
            <Position>
              <LatitudeDegrees>50.661969473585486</LatitudeDegrees>
              <LongitudeDegrees>3.0671836249530315</LongitudeDegrees>
            </Position>
            <AltitudeMeters>17.399999618530273</AltitudeMeters>
            <DistanceMeters>7000.080078125</DistanceMeters>
            <HeartRateBpm>
              <Value>143</Value>
            </HeartRateBpm>
            <Extensions>
              <ns3:TPX>
                <ns3:Speed>2.4820001125335693</ns3:Speed>
                <ns3:RunCadence>82</ns3:RunCadence>
              </ns3:TPX>
            </Extensions>
          </Trackpoint>
          <Trackpoint>
            <Time>2026-06-21T06:58:22.000Z</Time>
            <Position>
              <LatitudeDegrees>50.66198925487697</LatitudeDegrees>
              <LongitudeDegrees>3.067316561937332</LongitudeDegrees>
            </Position>
            <AltitudeMeters>17.799999237060547</AltitudeMeters>
            <DistanceMeters>7009.77978515625</DistanceMeters>
            <HeartRateBpm>
              <Value>144</Value>
            </HeartRateBpm>
            <Extensions>
              <ns3:TPX>
                <ns3:Speed>2.490999937057495</ns3:Speed>
                <ns3:RunCadence>81</ns3:RunCadence>
              </ns3:TPX>
            </Extensions>
          </Trackpoint>
          <Trackpoint>
            <Time>2026-06-21T06:58:23.000Z</Time>
            <Position>
              <LatitudeDegrees>50.66198766231537</LatitudeDegrees>
              <LongitudeDegrees>3.067349921911955</LongitudeDegrees>
            </Position>
            <AltitudeMeters>17.799999237060547</AltitudeMeters>
            <DistanceMeters>7012.14013671875</DistanceMeters>
            <HeartRateBpm>
              <Value>144</Value>
            </HeartRateBpm>
            <Extensions>
              <ns3:TPX>
                <ns3:Speed>2.490999937057495</ns3:Speed>
                <ns3:RunCadence>81</ns3:RunCadence>
              </ns3:TPX>
            </Extensions>
          </Trackpoint>
          <Trackpoint>
            <Time>2026-06-21T06:58:24.000Z</Time>
            <Position>
              <LatitudeDegrees>50.66198741085827</LatitudeDegrees>
              <LongitudeDegrees>3.0673847068101168</LongitudeDegrees>
            </Position>
            <AltitudeMeters>17.799999237060547</AltitudeMeters>
            <DistanceMeters>7014.60009765625</DistanceMeters>
            <HeartRateBpm>
              <Value>144</Value>
            </HeartRateBpm>
            <Extensions>
              <ns3:TPX>
                <ns3:Speed>2.490999937057495</ns3:Speed>
                <ns3:RunCadence>82</ns3:RunCadence>
              </ns3:TPX>
            </Extensions>
          </Trackpoint>
          <Trackpoint>
            <Time>2026-06-21T06:58:32.000Z</Time>
            <Position>
              <LatitudeDegrees>50.66196880303323</LatitudeDegrees>
              <LongitudeDegrees>3.0676471441984177</LongitudeDegrees>
            </Position>
            <AltitudeMeters>17.799999237060547</AltitudeMeters>
            <DistanceMeters>7033.14990234375</DistanceMeters>
            <HeartRateBpm>
              <Value>143</Value>
            </HeartRateBpm>
            <Extensions>
              <ns3:TPX>
                <ns3:Speed>2.490999937057495</ns3:Speed>
                <ns3:RunCadence>82</ns3:RunCadence>
              </ns3:TPX>
            </Extensions>
          </Trackpoint>
          <Trackpoint>
            <Time>2026-06-21T06:58:41.000Z</Time>
            <Position>
              <LatitudeDegrees>50.661973748356104</LatitudeDegrees>
              <LongitudeDegrees>3.067954173311591</LongitudeDegrees>
            </Position>
            <AltitudeMeters>17.600000381469727</AltitudeMeters>
            <DistanceMeters>7054.85009765625</DistanceMeters>
            <HeartRateBpm>
              <Value>142</Value>
            </HeartRateBpm>
            <Extensions>
              <ns3:TPX>
                <ns3:Speed>2.4820001125335693</ns3:Speed>
                <ns3:RunCadence>82</ns3:RunCadence>
              </ns3:TPX>
            </Extensions>
          </Trackpoint>
          <Trackpoint>
            <Time>2026-06-21T06:58:47.000Z</Time>
            <Position>
              <LatitudeDegrees>50.66199009306729</LatitudeDegrees>
              <LongitudeDegrees>3.068153662607074</LongitudeDegrees>
            </Position>
            <AltitudeMeters>17.600000381469727</AltitudeMeters>
            <DistanceMeters>7069.14990234375</DistanceMeters>
            <HeartRateBpm>
              <Value>141</Value>
            </HeartRateBpm>
            <Extensions>
              <ns3:TPX>
                <ns3:Speed>2.490999937057495</ns3:Speed>
                <ns3:RunCadence>82</ns3:RunCadence>
              </ns3:TPX>
            </Extensions>
          </Trackpoint>
          <Trackpoint>
            <Time>2026-06-21T06:58:56.000Z</Time>
            <Position>
              <LatitudeDegrees>50.661974754184484</LatitudeDegrees>
              <LongitudeDegrees>3.068455411121249</LongitudeDegrees>
            </Position>
            <AltitudeMeters>17.399999618530273</AltitudeMeters>
            <DistanceMeters>7090.419921875</DistanceMeters>
            <HeartRateBpm>
              <Value>141</Value>
            </HeartRateBpm>
            <Extensions>
              <ns3:TPX>
                <ns3:Speed>2.4820001125335693</ns3:Speed>
                <ns3:RunCadence>81</ns3:RunCadence>
              </ns3:TPX>
            </Extensions>
          </Trackpoint>
          <Trackpoint>
            <Time>2026-06-21T06:59:03.000Z</Time>
            <Position>
              <LatitudeDegrees>50.661953715607524</LatitudeDegrees>
              <LongitudeDegrees>3.068688763305545</LongitudeDegrees>
            </Position>
            <AltitudeMeters>17.600000381469727</AltitudeMeters>
            <DistanceMeters>7106.9501953125</DistanceMeters>
            <HeartRateBpm>
              <Value>140</Value>
            </HeartRateBpm>
            <Extensions>
              <ns3:TPX>
                <ns3:Speed>2.4630000591278076</ns3:Speed>
                <ns3:RunCadence>82</ns3:RunCadence>
              </ns3:TPX>
            </Extensions>
          </Trackpoint>
          <Trackpoint>
            <Time>2026-06-21T06:59:12.000Z</Time>
            <Position>
              <LatitudeDegrees>50.66194407641888</LatitudeDegrees>
              <LongitudeDegrees>3.0689833033829927</LongitudeDegrees>
            </Position>
            <AltitudeMeters>18.399999618530273</AltitudeMeters>
            <DistanceMeters>7127.75</DistanceMeters>
            <HeartRateBpm>
              <Value>139</Value>
            </HeartRateBpm>
            <Extensions>
              <ns3:TPX>
                <ns3:Speed>2.4539999961853027</ns3:Speed>
                <ns3:RunCadence>81</ns3:RunCadence>
              </ns3:TPX>
            </Extensions>
          </Trackpoint>
          <Trackpoint>
            <Time>2026-06-21T06:59:19.000Z</Time>
            <Position>
              <LatitudeDegrees>50.66194457933307</LatitudeDegrees>
              <LongitudeDegrees>3.0692125484347343</LongitudeDegrees>
            </Position>
            <AltitudeMeters>18.799999237060547</AltitudeMeters>
            <DistanceMeters>7143.9501953125</DistanceMeters>
            <HeartRateBpm>
              <Value>139</Value>
            </HeartRateBpm>
            <Extensions>
              <ns3:TPX>
                <ns3:Speed>2.434999942779541</ns3:Speed>
                <ns3:RunCadence>81</ns3:RunCadence>
              </ns3:TPX>
            </Extensions>
          </Trackpoint>
          <Trackpoint>
            <Time>2026-06-21T06:59:26.000Z</Time>
            <Position>
              <LatitudeDegrees>50.66193946637213</LatitudeDegrees>
              <LongitudeDegrees>3.069335427135229</LongitudeDegrees>
            </Position>
            <AltitudeMeters>19.0</AltitudeMeters>
            <DistanceMeters>7152.64013671875</DistanceMeters>
            <HeartRateBpm>
              <Value>138</Value>
            </HeartRateBpm>
            <Extensions>
              <ns3:TPX>
                <ns3:Speed>2.3889999389648438</ns3:Speed>
                <ns3:RunCadence>0</ns3:RunCadence>
              </ns3:TPX>
            </Extensions>
          </Trackpoint>
          <Trackpoint>
            <Time>2026-06-21T06:59:28.000Z</Time>
            <Position>
              <LatitudeDegrees>50.66193896345794</LatitudeDegrees>
              <LongitudeDegrees>3.069338947534561</LongitudeDegrees>
            </Position>
            <AltitudeMeters>19.0</AltitudeMeters>
            <DistanceMeters>7152.89013671875</DistanceMeters>
            <HeartRateBpm>
              <Value>138</Value>
            </HeartRateBpm>
            <Extensions>
              <ns3:TPX>
                <ns3:Speed>0.0</ns3:Speed>
                <ns3:RunCadence>0</ns3:RunCadence>
              </ns3:TPX>
            </Extensions>
          </Trackpoint>
          <Trackpoint>
            <Time>2026-06-21T06:59:47.000Z</Time>
            <Position>
              <LatitudeDegrees>50.66193502396345</LatitudeDegrees>
              <LongitudeDegrees>3.0696475692093372</LongitudeDegrees>
            </Position>
            <AltitudeMeters>18.0</AltitudeMeters>
            <DistanceMeters>7152.89013671875</DistanceMeters>
            <HeartRateBpm>
              <Value>143</Value>
            </HeartRateBpm>
            <Extensions>
              <ns3:TPX>
                <ns3:Speed>2.434999942779541</ns3:Speed>
                <ns3:RunCadence>82</ns3:RunCadence>
              </ns3:TPX>
            </Extensions>
          </Trackpoint>
          <Trackpoint>
            <Time>2026-06-21T06:59:48.000Z</Time>
            <Position>
              <LatitudeDegrees>50.66193200647831</LatitudeDegrees>
              <LongitudeDegrees>3.0696821864694357</LongitudeDegrees>
            </Position>
            <AltitudeMeters>18.0</AltitudeMeters>
            <DistanceMeters>7155.35009765625</DistanceMeters>
            <HeartRateBpm>
              <Value>143</Value>
            </HeartRateBpm>
            <Extensions>
              <ns3:TPX>
                <ns3:Speed>2.434999942779541</ns3:Speed>
                <ns3:RunCadence>82</ns3:RunCadence>
              </ns3:TPX>
            </Extensions>
          </Trackpoint>
          <Trackpoint>
            <Time>2026-06-21T06:59:49.000Z</Time>
            <Position>
              <LatitudeDegrees>50.661930330097675</LatitudeDegrees>
              <LongitudeDegrees>3.0697170551866293</LongitudeDegrees>
            </Position>
            <AltitudeMeters>18.0</AltitudeMeters>
            <DistanceMeters>7157.830078125</DistanceMeters>
            <HeartRateBpm>
              <Value>143</Value>
            </HeartRateBpm>
            <Extensions>
              <ns3:TPX>
                <ns3:Speed>2.434999942779541</ns3:Speed>
                <ns3:RunCadence>82</ns3:RunCadence>
              </ns3:TPX>
            </Extensions>
          </Trackpoint>
          <Trackpoint>
            <Time>2026-06-21T06:59:53.000Z</Time>
            <Position>
              <LatitudeDegrees>50.66192815080285</LatitudeDegrees>
              <LongitudeDegrees>3.069852674379945</LongitudeDegrees>
            </Position>
            <AltitudeMeters>18.0</AltitudeMeters>
            <DistanceMeters>7167.43017578125</DistanceMeters>
            <HeartRateBpm>
              <Value>140</Value>
            </HeartRateBpm>
            <Extensions>
              <ns3:TPX>
                <ns3:Speed>2.4539999961853027</ns3:Speed>
                <ns3:RunCadence>83</ns3:RunCadence>
              </ns3:TPX>
            </Extensions>
          </Trackpoint>
          <Trackpoint>
            <Time>2026-06-21T06:59:56.000Z</Time>
            <Position>
              <LatitudeDegrees>50.6619256362319</LatitudeDegrees>
              <LongitudeDegrees>3.0699476413428783</LongitudeDegrees>
            </Position>
            <AltitudeMeters>18.0</AltitudeMeters>
            <DistanceMeters>7174.1201171875</DistanceMeters>
            <HeartRateBpm>
              <Value>137</Value>
            </HeartRateBpm>
            <Extensions>
              <ns3:TPX>
                <ns3:Speed>2.4730000495910645</ns3:Speed>
                <ns3:RunCadence>82</ns3:RunCadence>
              </ns3:TPX>
            </Extensions>
          </Trackpoint>
          <Trackpoint>
            <Time>2026-06-21T06:59:58.000Z</Time>
            <Position>
              <LatitudeDegrees>50.661923959851265</LatitudeDegrees>
              <LongitudeDegrees>3.0700126849114895</LongitudeDegrees>
            </Position>
            <AltitudeMeters>18.0</AltitudeMeters>
            <DistanceMeters>7178.740234375</DistanceMeters>
            <HeartRateBpm>
              <Value>137</Value>
            </HeartRateBpm>
            <Extensions>
              <ns3:TPX>
                <ns3:Speed>2.4539999961853027</ns3:Speed>
                <ns3:RunCadence>82</ns3:RunCadence>
              </ns3:TPX>
            </Extensions>
          </Trackpoint>
          <Trackpoint>
            <Time>2026-06-21T07:00:06.000Z</Time>
            <Position>
              <LatitudeDegrees>50.66193401813507</LatitudeDegrees>
              <LongitudeDegrees>3.0702907126396894</LongitudeDegrees>
            </Position>
            <AltitudeMeters>18.0</AltitudeMeters>
            <DistanceMeters>7198.419921875</DistanceMeters>
            <HeartRateBpm>
              <Value>135</Value>
            </HeartRateBpm>
            <Extensions>
              <ns3:TPX>
                <ns3:Speed>2.4070000648498535</ns3:Speed>
                <ns3:RunCadence>82</ns3:RunCadence>
              </ns3:TPX>
            </Extensions>
          </Trackpoint>
          <Trackpoint>
            <Time>2026-06-21T07:00:12.000Z</Time>
            <Position>
              <LatitudeDegrees>50.661937119439244</LatitudeDegrees>
              <LongitudeDegrees>3.0705094803124666</LongitudeDegrees>
            </Position>
            <AltitudeMeters>18.399999618530273</AltitudeMeters>
            <DistanceMeters>7213.919921875</DistanceMeters>
            <HeartRateBpm>
              <Value>135</Value>
            </HeartRateBpm>
            <Extensions>
              <ns3:TPX>
                <ns3:Speed>2.378999948501587</ns3:Speed>
                <ns3:RunCadence>82</ns3:RunCadence>
              </ns3:TPX>
            </Extensions>
          </Trackpoint>
          <Trackpoint>
            <Time>2026-06-21T07:00:18.000Z</Time>
            <Position>
              <LatitudeDegrees>50.66194022074342</LatitudeDegrees>
              <LongitudeDegrees>3.070714669302106</LongitudeDegrees>
            </Position>
            <AltitudeMeters>18.799999237060547</AltitudeMeters>
            <DistanceMeters>7228.43994140625</DistanceMeters>
            <HeartRateBpm>
              <Value>134</Value>
            </HeartRateBpm>
            <Extensions>
              <ns3:TPX>
                <ns3:Speed>2.4260001182556152</ns3:Speed>
                <ns3:RunCadence>82</ns3:RunCadence>
              </ns3:TPX>
            </Extensions>
          </Trackpoint>
          <Trackpoint>
            <Time>2026-06-21T07:00:20.000Z</Time>
            <Position>
              <LatitudeDegrees>50.66193921491504</LatitudeDegrees>
              <LongitudeDegrees>3.0707854963839054</LongitudeDegrees>
            </Position>
            <AltitudeMeters>19.0</AltitudeMeters>
            <DistanceMeters>7233.4501953125</DistanceMeters>
            <HeartRateBpm>
              <Value>134</Value>
            </HeartRateBpm>
            <Extensions>
              <ns3:TPX>
                <ns3:Speed>2.4260001182556152</ns3:Speed>
                <ns3:RunCadence>82</ns3:RunCadence>
              </ns3:TPX>
            </Extensions>
          </Trackpoint>
          <Trackpoint>
            <Time>2026-06-21T07:00:28.000Z</Time>
            <Position>
              <LatitudeDegrees>50.66195044666529</LatitudeDegrees>
              <LongitudeDegrees>3.0710552260279655</LongitudeDegrees>
            </Position>
            <AltitudeMeters>19.0</AltitudeMeters>
            <DistanceMeters>7252.6298828125</DistanceMeters>
            <HeartRateBpm>
              <Value>134</Value>
            </HeartRateBpm>
            <Extensions>
              <ns3:TPX>
                <ns3:Speed>2.434999942779541</ns3:Speed>
                <ns3:RunCadence>82</ns3:RunCadence>
              </ns3:TPX>
            </Extensions>
          </Trackpoint>
          <Trackpoint>
            <Time>2026-06-21T07:00:37.000Z</Time>
            <Position>
              <LatitudeDegrees>50.66198179498315</LatitudeDegrees>
              <LongitudeDegrees>3.0713559687137604</LongitudeDegrees>
            </Position>
            <AltitudeMeters>19.399999618530273</AltitudeMeters>
            <DistanceMeters>7274.2001953125</DistanceMeters>
            <HeartRateBpm>
              <Value>136</Value>
            </HeartRateBpm>
            <Extensions>
              <ns3:TPX>
                <ns3:Speed>2.444999933242798</ns3:Speed>
                <ns3:RunCadence>81</ns3:RunCadence>
              </ns3:TPX>
            </Extensions>
          </Trackpoint>
          <Trackpoint>
            <Time>2026-06-21T07:00:38.000Z</Time>
            <Position>
              <LatitudeDegrees>50.66198539920151</LatitudeDegrees>
              <LongitudeDegrees>3.0713885743170977</LongitudeDegrees>
            </Position>
            <AltitudeMeters>19.399999618530273</AltitudeMeters>
            <DistanceMeters>7276.5400390625</DistanceMeters>
            <HeartRateBpm>
              <Value>136</Value>
            </HeartRateBpm>
            <Extensions>
              <ns3:TPX>
                <ns3:Speed>2.444999933242798</ns3:Speed>
                <ns3:RunCadence>81</ns3:RunCadence>
              </ns3:TPX>
            </Extensions>
          </Trackpoint>
          <Trackpoint>
            <Time>2026-06-21T07:00:46.000Z</Time>
            <Position>
              <LatitudeDegrees>50.662036277353764</LatitudeDegrees>
              <LongitudeDegrees>3.0716495867818594</LongitudeDegrees>
            </Position>
            <AltitudeMeters>19.200000762939453</AltitudeMeters>
            <DistanceMeters>7295.83984375</DistanceMeters>
            <HeartRateBpm>
              <Value>137</Value>
            </HeartRateBpm>
            <Extensions>
              <ns3:TPX>
                <ns3:Speed>2.436000108718872</ns3:Speed>
                <ns3:RunCadence>81</ns3:RunCadence>
              </ns3:TPX>
            </Extensions>
          </Trackpoint>
          <Trackpoint>
            <Time>2026-06-21T07:00:54.000Z</Time>
            <Position>
              <LatitudeDegrees>50.66207533702254</LatitudeDegrees>
              <LongitudeDegrees>3.0719074979424477</LongitudeDegrees>
            </Position>
            <AltitudeMeters>19.200000762939453</AltitudeMeters>
            <DistanceMeters>7314.58984375</DistanceMeters>
            <HeartRateBpm>
              <Value>138</Value>
            </HeartRateBpm>
            <Extensions>
              <ns3:TPX>
                <ns3:Speed>2.436000108718872</ns3:Speed>
                <ns3:RunCadence>81</ns3:RunCadence>
              </ns3:TPX>
            </Extensions>
          </Trackpoint>
          <Trackpoint>
            <Time>2026-06-21T07:01:03.000Z</Time>
            <Position>
              <LatitudeDegrees>50.66213174723089</LatitudeDegrees>
              <LongitudeDegrees>3.072182508185506</LongitudeDegrees>
            </Position>
            <AltitudeMeters>19.399999618530273</AltitudeMeters>
            <DistanceMeters>7335.0</DistanceMeters>
            <HeartRateBpm>
              <Value>138</Value>
            </HeartRateBpm>
            <Extensions>
              <ns3:TPX>
                <ns3:Speed>2.4079999923706055</ns3:Speed>
                <ns3:RunCadence>82</ns3:RunCadence>
              </ns3:TPX>
            </Extensions>
          </Trackpoint>
          <Trackpoint>
            <Time>2026-06-21T07:01:08.000Z</Time>
            <Position>
              <LatitudeDegrees>50.66215630620718</LatitudeDegrees>
              <LongitudeDegrees>3.072347966954112</LongitudeDegrees>
            </Position>
            <AltitudeMeters>19.399999618530273</AltitudeMeters>
            <DistanceMeters>7346.990234375</DistanceMeters>
            <HeartRateBpm>
              <Value>138</Value>
            </HeartRateBpm>
            <Extensions>
              <ns3:TPX>
                <ns3:Speed>2.3980000019073486</ns3:Speed>
                <ns3:RunCadence>81</ns3:RunCadence>
              </ns3:TPX>
            </Extensions>
          </Trackpoint>
          <Trackpoint>
            <Time>2026-06-21T07:01:12.000Z</Time>
            <Position>
              <LatitudeDegrees>50.6621830444783</LatitudeDegrees>
              <LongitudeDegrees>3.072472019121051</LongitudeDegrees>
            </Position>
            <AltitudeMeters>19.600000381469727</AltitudeMeters>
            <DistanceMeters>7356.240234375</DistanceMeters>
            <HeartRateBpm>
              <Value>138</Value>
            </HeartRateBpm>
            <Extensions>
              <ns3:TPX>
                <ns3:Speed>2.3889999389648438</ns3:Speed>
                <ns3:RunCadence>83</ns3:RunCadence>
              </ns3:TPX>
            </Extensions>
          </Trackpoint>
          <Trackpoint>
            <Time>2026-06-21T07:01:16.000Z</Time>
            <Position>
              <LatitudeDegrees>50.66220953129232</LatitudeDegrees>
              <LongitudeDegrees>3.0726013518869877</LongitudeDegrees>
            </Position>
            <AltitudeMeters>19.799999237060547</AltitudeMeters>
            <DistanceMeters>7365.8798828125</DistanceMeters>
            <HeartRateBpm>
              <Value>138</Value>
            </HeartRateBpm>
            <Extensions>
              <ns3:TPX>
                <ns3:Speed>2.3980000019073486</ns3:Speed>
                <ns3:RunCadence>82</ns3:RunCadence>
              </ns3:TPX>
            </Extensions>
          </Trackpoint>
        </Track>
        <Extensions>
          <ns3:LX>
            <ns3:AvgSpeed>2.375</ns3:AvgSpeed>
            <ns3:AvgRunCadence>81</ns3:AvgRunCadence>
            <ns3:MaxRunCadence>86</ns3:MaxRunCadence>
          </ns3:LX>
        </Extensions>
      </Lap>
      <Creator xsi:type="Device_t">
        <Name>Forerunner 945</Name>
        <UnitId>3396317985</UnitId>
        <ProductID>3113</ProductID>
        <Version>
          <VersionMajor>13</VersionMajor>
          <VersionMinor>70</VersionMinor>
          <BuildMajor>0</BuildMajor>
          <BuildMinor>0</BuildMinor>
        </Version>
      </Creator>
    </Activity>
  </Activities>
  <Author xsi:type="Application_t">
    <Name>Connect Api</Name>
    <Build>
      <Version>
        <VersionMajor>26</VersionMajor>
        <VersionMinor>9</VersionMinor>
        <BuildMajor>0</BuildMajor>
        <BuildMinor>0</BuildMinor>
      </Version>
    </Build>
    <LangID>en</LangID>
    <PartNumber>006-D2449-00</PartNumber>
  </Author>
</TrainingCenterDatabase>
